{"Table": {"_type": "table-file", "sha256": "101c08f931f5d5b1d271c1c448abdfcb1baa5f14a3a60ebeea247b7df28b4ab7", "size": 1860, "artifact_path": "wandb-client-artifact://ik51wds433ozavwrgqiiaxf6szyzfytwinnd7c4g9o6uq0vs51cwk0tdpgxkwwxvq3c4v49owzd4b170lk9no27jhrl7drxfwdwf8mbbqugrp81lll363f24e1k6u5e5:latest/Table.table.json", "_latest_artifact_path": "wandb-client-artifact://ik51wds433ozavwrgqiiaxf6szyzfytwinnd7c4g9o6uq0vs51cwk0tdpgxkwwxvq3c4v49owzd4b170lk9no27jhrl7drxfwdwf8mbbqugrp81lll363f24e1k6u5e5:latest/Table.table.json", "path": "media/table/Table_0_101c08f931f5d5b1d271.table.json", "ncols": 12, "nrows": 10}, "_timestamp": 1710827220.7798927, "_runtime": 277.68831276893616, "_step": 1, "mean_T0T": 0.34839965857989313, "std_T0T": 0.153452629673157, "mean_0T0": 0.010610553601496786, "std_0T0": 0.008042639532566896, "mean_middle": 0.2197307225611702, "std_middle": 0.05504535633973258, "guidance_scale": 1, "inv_time": 26.32316493988037, "_wandb": {"runtime": 277}}