{"Table": {"_type": "table-file", "sha256": "7bf941790bc9808be3460d7480082581280df57ae94f913a661c79ff375e4bd4", "size": 2049, "artifact_path": "wandb-client-artifact://gfq16vruap6gc3lq7tbk3crn8sdk6a2qojk3wqslkfn0y3f8yemhvt9ngm2luj9w59ebf966htxjb8pssoxjeqzg4uy4uvfgtj62ey7v8aszx9olgvhh9ezrq4b4h8a0:latest/Table.table.json", "_latest_artifact_path": "wandb-client-artifact://gfq16vruap6gc3lq7tbk3crn8sdk6a2qojk3wqslkfn0y3f8yemhvt9ngm2luj9w59ebf966htxjb8pssoxjeqzg4uy4uvfgtj62ey7v8aszx9olgvhh9ezrq4b4h8a0:latest/Table.table.json", "path": "media/table/Table_0_7bf941790bc9808be346.table.json", "ncols": 13, "nrows": 10}, "_timestamp": 1711420961.9229367, "_runtime": 808.9261887073517, "_step": 1, "mean_T0T": 5.306050550285293, "std_T0T": 1.7411311547373345, "mean_0T0": -12.251936404875302, "std_0T0": 0.038239178265336314, "mean_middle": 10.198332474386316, "std_middle": 7.650058375941789, "mean_loss": 0.012904669158160686, "std_loss": 0.008288808166980743, "guidance_scale": 1, "inv_time": 79.37783639431, "_wandb": {"runtime": 808}}