{"Table": {"_type": "table-file", "sha256": "9381b4dd302124003540fcac39cacabeed17196953bc7a205c0910cc7e6b48c3", "size": 43875, "artifact_path": "wandb-client-artifact://wly6f1x81kofhwdpfbmibhb654q506hx5ouovsi7bvt5qjnhza8z29fehahczdfz7uumq8uo7tousrrhl9kix7yyo0qxpj9ggd1w2oxx2g8eq3uu7javff8p0ymrwqf7:latest/Table.table.json", "_latest_artifact_path": "wandb-client-artifact://wly6f1x81kofhwdpfbmibhb654q506hx5ouovsi7bvt5qjnhza8z29fehahczdfz7uumq8uo7tousrrhl9kix7yyo0qxpj9ggd1w2oxx2g8eq3uu7javff8p0ymrwqf7:latest/Table.table.json", "path": "media/table/Table_0_9381b4dd302124003540.table.json", "ncols": 15, "nrows": 100}, "_timestamp": 1713679630.896244, "_runtime": 1549.7019650936127, "_step": 1, "mean_T0T": -2.952963693637816, "std_T0T": 0.11867687703213181, "mean_0T0": -10.575729222777836, "std_0T0": 0.03895768532450066, "mean_middle": -2.942339710854864, "std_middle": 0.10183933176920808, "mean_loss": 0.002166409743949771, "std_loss": 0.004094492644071579, "guidance_scale": 1, "inv_time": 6.334081342220307, "prompt": "zoey deutch with white bra portrait | | realistic shaded, unpleasant face, bad looking, fine details, realistic shaded lighting poster by greg rutkowski, magali villeneuve, artgerm, jeremy lipkin and michael garmash and rob rey", "mean_memory_usage": 5.839916577339173, "decoder lr": 0.2, "_wandb": {"runtime": 1547}}