{"Table": {"_type": "table-file", "sha256": "7e982ee20b5f4e8150f1d5dfec7cc889423daef3d7be8d48fd3ad6c4678e9033", "size": 2091, "artifact_path": "wandb-client-artifact://y1mtmp9lfwnxz3apqdhpe56h3uy71nilbvc28mk61mq6180zvawoi2tj7t9hujubm3qa022yocgocc2qjfpb2j7sc4s305tlch2qoja2fyzriawofrdryq7mj5lpxbel:latest/Table.table.json", "_latest_artifact_path": "wandb-client-artifact://y1mtmp9lfwnxz3apqdhpe56h3uy71nilbvc28mk61mq6180zvawoi2tj7t9hujubm3qa022yocgocc2qjfpb2j7sc4s305tlch2qoja2fyzriawofrdryq7mj5lpxbel:latest/Table.table.json", "path": "media/table/Table_0_7e982ee20b5f4e8150f1.table.json", "ncols": 13, "nrows": 10}, "_timestamp": 1711010199.2323241, "_runtime": 731.2982110977173, "_step": 1, "mean_T0T": -5.64131580189353, "std_T0T": 2.4029166810692253, "mean_0T0": -23.358925756060327, "std_0T0": 4.462002842806868, "mean_middle": -8.68801847279125, "std_middle": 2.209560988579755, "mean_loss": -28.577083997879498, "std_loss": 1.9886103024618669, "guidance_scale": 1, "inv_time": 71.68100461959838, "_wandb": {"runtime": 730}}