{"Table": {"_type": "table-file", "sha256": "8b4fbe2f293d3e48d8092c9403cd1485eb6f800e127252d05e5fa9c705b6deb2", "size": 2061, "artifact_path": "wandb-client-artifact://p5iojr63etwo33ggrp1ktlokaw3co8x5yws3ud21l9dklynm3c3o0df5osjzwjfv14io3oimrvzef6zze9ijk23c28fw7nf56v1s785o1anhhuoabg47c3lw4zdfpi5h:latest/Table.table.json", "_latest_artifact_path": "wandb-client-artifact://p5iojr63etwo33ggrp1ktlokaw3co8x5yws3ud21l9dklynm3c3o0df5osjzwjfv14io3oimrvzef6zze9ijk23c28fw7nf56v1s785o1anhhuoabg47c3lw4zdfpi5h:latest/Table.table.json", "path": "media/table/Table_0_8b4fbe2f293d3e48d809.table.json", "ncols": 13, "nrows": 10}, "_timestamp": 1711474069.027074, "_runtime": 1307.413959980011, "_step": 1, "mean_T0T": -4.743988271649187, "std_T0T": 0.11051220312140776, "mean_0T0": -6.298216610879156, "std_0T0": 0.22442060683342113, "mean_middle": -11.595791899907326, "std_middle": 0.03842433219075291, "mean_loss": 0.3590582609176636, "std_loss": 0.15767164528369904, "guidance_scale": 1, "inv_time": 129.33125720024108, "_wandb": {"runtime": 1306}}