{"Table": {"_type": "table-file", "sha256": "b69762389904066ff3a190d9a5fdc4db5af0d29c260d36f61c7202d220fa5f9b", "size": 47031, "artifact_path": "wandb-client-artifact://76p7sj33qzjfn8qjatc2dcmh4888c3b0bozyqd3bxks9539sh3a1uecdly266cshos79nb2qmjqr7f0pdqf70r2q95yv4jgd9virge22xm1l6cf5yr929qeb9t7xom0q:latest/Table.table.json", "_latest_artifact_path": "wandb-client-artifact://76p7sj33qzjfn8qjatc2dcmh4888c3b0bozyqd3bxks9539sh3a1uecdly266cshos79nb2qmjqr7f0pdqf70r2q95yv4jgd9virge22xm1l6cf5yr929qeb9t7xom0q:latest/Table.table.json", "path": "media/table/Table_0_b69762389904066ff3a1.table.json", "ncols": 17, "nrows": 100}, "_timestamp": 1715582054.3649452, "_runtime": 898.2981901168823, "_step": 1, "mean_T0T": -1.14234551396184, "std_T0T": 0.1148246090889897, "mean_0T0": 2.614575023890782, "std_0T0": 0.5382868004073061, "mean_middle": -14.636596871258408, "std_middle": 0.024738035617894786, "mean_loss": 6.49609375, "std_loss": 0.671875, "guidance_scale": 1, "inv_time": 8.109684352874757, "prompt": "zoey deutch with white bra portrait | | realistic shaded, unpleasant face, bad looking, fine details, realistic shaded lighting poster by greg rutkowski, magali villeneuve, artgerm, jeremy lipkin and michael garmash and rob rey", "mean_memory_usage": 2.619795799255371, "decoder lr": 0.01, "_wandb": {"runtime": 897}}