{"Table": {"_type": "table-file", "sha256": "a27a8d64866493151dd594bf0c0c5782fe75c0ca39a687567c914368a1bee78f", "size": 2088, "artifact_path": "wandb-client-artifact://0wl2s4y4n50357lczscryobmmtrb147rvovn8mp7cx0k6alv6x90s5tg42ajt8mni7mz27udk41rl6xjfiscd24oe1d7nosvq2q9eel6thidn4tq810itfz8ce0o21k4:latest/Table.table.json", "_latest_artifact_path": "wandb-client-artifact://0wl2s4y4n50357lczscryobmmtrb147rvovn8mp7cx0k6alv6x90s5tg42ajt8mni7mz27udk41rl6xjfiscd24oe1d7nosvq2q9eel6thidn4tq810itfz8ce0o21k4:latest/Table.table.json", "path": "media/table/Table_0_a27a8d64866493151dd5.table.json", "ncols": 13, "nrows": 10}, "_timestamp": 1711478259.855248, "_runtime": 404.42606592178345, "_step": 1, "mean_T0T": -4.183298122364722, "std_T0T": 0.12844099030645334, "mean_0T0": -17.114571045434975, "std_0T0": 0.015330805465466325, "mean_middle": -6.1339119347128115, "std_middle": 0.07490545184403276, "mean_loss": 0.00410588551312685, "std_loss": 0.0033973082900047302, "guidance_scale": 1, "inv_time": 39.00254669189453, "_wandb": {"runtime": 403}}