{"Table": {"_type": "table-file", "sha256": "56eac5ea1762d35a6ff7b76b5848cb6c104ca2f28ccea53e48bfff3c561ed467", "size": 44134, "artifact_path": "wandb-client-artifact://kgq98e137flq7sdv2193qxcn0k55xmcn1cm6e5gxndh3wgltbieizhnaeutjv9d2vhsdedknw9q6679yils4pakazky3mgd6q1cnqxhrx4j9vmx06pqs9dwi5099yc71:latest/Table.table.json", "_latest_artifact_path": "wandb-client-artifact://kgq98e137flq7sdv2193qxcn0k55xmcn1cm6e5gxndh3wgltbieizhnaeutjv9d2vhsdedknw9q6679yils4pakazky3mgd6q1cnqxhrx4j9vmx06pqs9dwi5099yc71:latest/Table.table.json", "path": "media/table/Table_0_56eac5ea1762d35a6ff7.table.json", "ncols": 15, "nrows": 100}, "_timestamp": 1713858369.8277724, "_runtime": 1368.1627254486084, "_step": 1, "mean_T0T": -7.908444733048698, "std_T0T": 0.11511813154018335, "mean_0T0": -25.533775336304643, "std_0T0": 0.004858178723445388, "mean_middle": -15.144528049699105, "std_middle": 0.024447366951790624, "mean_loss": 0.003650665283203125, "std_loss": 0.00383758544921875, "guidance_scale": 1, "inv_time": 9.757858049869537, "prompt": "zoey deutch with white bra portrait | | realistic shaded, unpleasant face, bad looking, fine details, realistic shaded lighting poster by greg rutkowski, magali villeneuve, artgerm, jeremy lipkin and michael garmash and rob rey", "mean_memory_usage": 8.37973337173462, "decoder lr": 0.02, "_wandb": {"runtime": 1367}}