{"Table": {"_type": "table-file", "sha256": "194640aaac3a6fddbc1f313bc56d2f07848ddc0788f2fd5371ea640f65a6d51a", "size": 2077, "artifact_path": "wandb-client-artifact://e90jpk35j0isk0rc2m2dayovs5w0gq5fdafb501s2onu1eisk096hn8gbo6zq65s1e682km1xektlb0v5zid6bhss8vto7met2qyggedjlx2n498zbhwjxroksayqs7v:latest/Table.table.json", "_latest_artifact_path": "wandb-client-artifact://e90jpk35j0isk0rc2m2dayovs5w0gq5fdafb501s2onu1eisk096hn8gbo6zq65s1e682km1xektlb0v5zid6bhss8vto7met2qyggedjlx2n498zbhwjxroksayqs7v:latest/Table.table.json", "path": "media/table/Table_0_194640aaac3a6fddbc1f.table.json", "ncols": 13, "nrows": 10}, "_timestamp": 1711440911.1737897, "_runtime": 256.76074481010437, "_step": 1, "mean_T0T": -4.242371472125567, "std_T0T": 0.1115149878691349, "mean_0T0": -14.84070347747054, "std_0T0": 0.027828164067806183, "mean_middle": -5.573552098472483, "std_middle": 0.09113923963624262, "mean_loss": 0.006479070521891117, "std_loss": 0.004239464644342661, "guidance_scale": 1, "inv_time": 24.234377598762514, "_wandb": {"runtime": 256}}