{"Table": {"_type": "table-file", "sha256": "a8cd28d28af90cabf8f03ce18ee835ec60f8be90d17e523c4850c5252ee880c0", "size": 44221, "artifact_path": "wandb-client-artifact://w1q28xo27fgbtmrb2zn56jtllyw3bqg42cvujyo2mni6lzkdvmmdk03jcfszfpf58uzs2sri38qs3qkznphcwp0digvgdn20wqohmebkxl3i57xee8t13qkec21qx5us:latest/Table.table.json", "_latest_artifact_path": "wandb-client-artifact://w1q28xo27fgbtmrb2zn56jtllyw3bqg42cvujyo2mni6lzkdvmmdk03jcfszfpf58uzs2sri38qs3qkznphcwp0digvgdn20wqohmebkxl3i57xee8t13qkec21qx5us:latest/Table.table.json", "path": "media/table/Table_0_a8cd28d28af90cabf8f0.table.json", "ncols": 15, "nrows": 100}, "_timestamp": 1713548081.3625364, "_runtime": 2581.0254724025726, "_step": 1, "mean_T0T": -8.68120834097968, "std_T0T": 0.053180094854812184, "mean_0T0": -13.924215005801646, "std_0T0": 0.014670086889222464, "mean_middle": -9.05806338864025, "std_middle": 0.06930396463388393, "mean_loss": 0.0025657587684690952, "std_loss": 0.002662258455529809, "guidance_scale": 1, "inv_time": 16.861471047401427, "prompt": "zoey deutch with white bra portrait | | realistic shaded, unpleasant face, bad looking, fine details, realistic shaded lighting poster by greg rutkowski, magali villeneuve, artgerm, jeremy lipkin and michael garmash and rob rey", "mean_memory_usage": 0.9465947151184082, "decoder lr": 0.05, "_wandb": {"runtime": 2580}}