{"Table": {"_type": "table-file", "sha256": "5fd9ced7611867eb15d8cac5ebff6ff636794ea5d1532b6fb702cd51e2bb821e", "size": 44268, "artifact_path": "wandb-client-artifact://rzw5lmturmsnthlv2poexcostbyssch58496m3rs5zb8mscrwu62qfipd9sd5utxc14p7q334fgwc4vi1a8pfcy2lrwhjndwb7x0tt9kbomzktx3fjo8o8ff48gz8dr7:latest/Table.table.json", "_latest_artifact_path": "wandb-client-artifact://rzw5lmturmsnthlv2poexcostbyssch58496m3rs5zb8mscrwu62qfipd9sd5utxc14p7q334fgwc4vi1a8pfcy2lrwhjndwb7x0tt9kbomzktx3fjo8o8ff48gz8dr7:latest/Table.table.json", "path": "media/table/Table_0_5fd9ced7611867eb15d8.table.json", "ncols": 15, "nrows": 100}, "_timestamp": 1713881805.9868379, "_runtime": 3621.1034808158875, "_step": 1, "mean_T0T": -9.387154695192745, "std_T0T": 0.09568605088295667, "mean_0T0": -26.93438308549199, "std_0T0": 0.0024542606480687265, "mean_middle": -17.21937115869067, "std_middle": 0.024913019325851427, "mean_loss": 0.0031414031982421875, "std_loss": 0.0025844573974609375, "guidance_scale": 1, "inv_time": 32.31519818782807, "prompt": "zoey deutch with white bra portrait | | realistic shaded, unpleasant face, bad looking, fine details, realistic shaded lighting poster by greg rutkowski, magali villeneuve, artgerm, jeremy lipkin and michael garmash and rob rey", "mean_memory_usage": 8.379612522125244, "decoder lr": 0.1, "_wandb": {"runtime": 3620}}