{"Table": {"_type": "table-file", "sha256": "919c133759844415b255f35de7ca79176055ef279b41649eb138fea1cebd87f2", "size": 42798, "artifact_path": "wandb-client-artifact://78z8cc5kzszaw40c0wq09jvr8idiqnvareilrds9qfh67ps00nzlse0e0dxa9eaq91wi92x38ybirhl4x0w7rw30uvwnazbnt8iu1awbsodjddo92174tyesny3yjdat:latest/Table.table.json", "_latest_artifact_path": "wandb-client-artifact://78z8cc5kzszaw40c0wq09jvr8idiqnvareilrds9qfh67ps00nzlse0e0dxa9eaq91wi92x38ybirhl4x0w7rw30uvwnazbnt8iu1awbsodjddo92174tyesny3yjdat:latest/Table.table.json", "path": "media/table/Table_0_919c133759844415b255.table.json", "ncols": 15, "nrows": 100}, "_timestamp": 1715623956.080042, "_runtime": 947.307835817337, "_step": 1, "mean_T0T": -1.149610641480077, "std_T0T": 0.11466962021694313, "mean_0T0": 2.6171440172834295, "std_0T0": 0.5383681618366206, "mean_middle": -14.741940456819835, "std_middle": 0.024636012078894962, "mean_loss": 6.50390625, "std_loss": 0.67236328125, "guidance_scale": 1, "inv_time": 8.268185667991638, "prompt": "zoey deutch with white bra portrait | | realistic shaded, unpleasant face, bad looking, fine details, realistic shaded lighting poster by greg rutkowski, magali villeneuve, artgerm, jeremy lipkin and michael garmash and rob rey", "mean_memory_usage": 3.286184310913086, "decoder lr": 0.01, "_wandb": {"runtime": 946}}