{"Table": {"_type": "table-file", "sha256": "cd0047a7f859b2d6a65236c6088c7aa039b02b74de1a72e608216a7f91b35b6d", "size": 2118, "artifact_path": "wandb-client-artifact://3fzd3l2x1qqvyq54zf4ocl7otsy6ggqvs9vj1ib7roggicctothapkju56na9isryvwg5ged9ajmn7shj394fybel6g954fafsxxm5pqbc0l4uw7giu7azh1tb5nc8cc:latest/Table.table.json", "_latest_artifact_path": "wandb-client-artifact://3fzd3l2x1qqvyq54zf4ocl7otsy6ggqvs9vj1ib7roggicctothapkju56na9isryvwg5ged9ajmn7shj394fybel6g954fafsxxm5pqbc0l4uw7giu7azh1tb5nc8cc:latest/Table.table.json", "path": "media/table/Table_0_cd0047a7f859b2d6a652.table.json", "ncols": 13, "nrows": 10}, "_timestamp": 1711002887.7169938, "_runtime": 1211.6427228450775, "_step": 1, "mean_T0T": -7.116394213087409, "std_T0T": 3.4310408469592355, "mean_0T0": -29.434275259737593, "std_0T0": 4.241513152493007, "mean_middle": -12.587501134003741, "std_middle": 2.4382721577872704, "mean_loss": -35.99388160746474, "std_loss": 3.3981242733895405, "guidance_scale": 1, "inv_time": 119.56497645378113, "_wandb": {"runtime": 1211}}