{"Table": {"_type": "table-file", "sha256": "813f19a028fec59175f1c22e33ea90b2314fe50372b4c40175b09cf16be4e9a5", "size": 42747, "artifact_path": "wandb-client-artifact://4ngqo45vnne2kjfd2zz3a2wi522w3kba0fbjy8fea4qm2xxtjp9zm53tuc0ctliy5npukp1xhhi5toebk51tafge6ifk5d8h3ngd6hmhakzqy2r9ele5xwv2y8vr4awn:latest/Table.table.json", "_latest_artifact_path": "wandb-client-artifact://4ngqo45vnne2kjfd2zz3a2wi522w3kba0fbjy8fea4qm2xxtjp9zm53tuc0ctliy5npukp1xhhi5toebk51tafge6ifk5d8h3ngd6hmhakzqy2r9ele5xwv2y8vr4awn:latest/Table.table.json", "path": "media/table/Table_0_813f19a028fec59175f1.table.json", "ncols": 15, "nrows": 100}, "_timestamp": 1715622961.5150425, "_runtime": 1704.6977956295013, "_step": 1, "mean_T0T": -1.142289224316188, "std_T0T": 0.11359676651491471, "mean_0T0": 2.6652150273433737, "std_0T0": 0.5405055252474137, "mean_middle": -15.22675671240718, "std_middle": 0.0243454799048465, "mean_loss": 6.59375, "std_loss": 0.67724609375, "guidance_scale": 1, "inv_time": 15.854256513118743, "prompt": "zoey deutch with white bra portrait | | realistic shaded, unpleasant face, bad looking, fine details, realistic shaded lighting poster by greg rutkowski, magali villeneuve, artgerm, jeremy lipkin and michael garmash and rob rey", "mean_memory_usage": 8.381062717437745, "decoder lr": 0.01, "_wandb": {"runtime": 1704}}