{"Table": {"_type": "table-file", "sha256": "0b37bb89a075487a39ba8d4623b8c89634318ad7ecfc8275496cac5ca9cc46f1", "size": 2091, "artifact_path": "wandb-client-artifact://jzl5h51n8f2ho9zt0i8mp5td4r4o1ropym7k2cqp356w4w6b3t4y37csmaydz0cm3tkvuqidqabr70qdquefxp7evi4dakalyqxbtgaxzldbad1gador5bmaoxhi3fti:latest/Table.table.json", "_latest_artifact_path": "wandb-client-artifact://jzl5h51n8f2ho9zt0i8mp5td4r4o1ropym7k2cqp356w4w6b3t4y37csmaydz0cm3tkvuqidqabr70qdquefxp7evi4dakalyqxbtgaxzldbad1gador5bmaoxhi3fti:latest/Table.table.json", "path": "media/table/Table_0_0b37bb89a075487a39ba.table.json", "ncols": 13, "nrows": 10}, "_timestamp": 1711344562.556006, "_runtime": 736.4874680042267, "_step": 1, "mean_T0T": -5.075984092838505, "std_T0T": 0.13975841414204365, "mean_0T0": -20.943558783193808, "std_0T0": 0.009201432674179623, "mean_middle": -8.190540309701271, "std_middle": 0.06828924341968055, "mean_loss": 0.001548052066937089, "std_loss": 0.0007715468527749181, "guidance_scale": 1, "inv_time": 72.13962209224701, "_wandb": {"runtime": 735}}