{"Table": {"_type": "table-file", "sha256": "06e33e81dbea7c275f30d0d526cb6961f0482b037dc084270bd12bc7d2f2a7bf", "size": 2054, "artifact_path": "wandb-client-artifact://v6scaap1rzjkauj98fg3w7hvqcl5orkmfsvkzk3t07v8san60kd9ixg2lhycjglkzjs2r82qgtdq309a7zog1qd4obvid2ywhbennhzjq6d89e2zjrym6jg4wfzzm7bk:latest/Table.table.json", "_latest_artifact_path": "wandb-client-artifact://v6scaap1rzjkauj98fg3w7hvqcl5orkmfsvkzk3t07v8san60kd9ixg2lhycjglkzjs2r82qgtdq309a7zog1qd4obvid2ywhbennhzjq6d89e2zjrym6jg4wfzzm7bk:latest/Table.table.json", "path": "media/table/Table_0_06e33e81dbea7c275f30.table.json", "ncols": 13, "nrows": 10}, "_timestamp": 1711475122.5143013, "_runtime": 344.68549633026123, "_step": 1, "mean_T0T": -3.5733419065249166, "std_T0T": 0.11710629761610208, "mean_0T0": -8.448839915193675, "std_0T0": 0.11183543984854424, "mean_middle": -6.508639365275025, "std_middle": 0.06408703744796596, "mean_loss": 0.3075898587703705, "std_loss": 0.12386385351419449, "guidance_scale": 1, "inv_time": 33.03802931308746, "_wandb": {"runtime": 344}}