{"Table": {"_type": "table-file", "sha256": "e0be69ff4b0cf45899825dd542e9cc091560c171129f5d5900f7f9cb76de39b5", "size": 47420, "artifact_path": "wandb-client-artifact://o4e86ykfdolkqh2o2s5blbi6rqqnf9gmptq3emem8wm5nlk69k0x7zovvneuzvc7y1hm9isgf7sq6st0ie07it55tmrerri65ckgfptqay9iuetgmgoilmvwo6accwmr:latest/Table.table.json", "_latest_artifact_path": "wandb-client-artifact://o4e86ykfdolkqh2o2s5blbi6rqqnf9gmptq3emem8wm5nlk69k0x7zovvneuzvc7y1hm9isgf7sq6st0ie07it55tmrerri65ckgfptqay9iuetgmgoilmvwo6accwmr:latest/Table.table.json", "path": "media/table/Table_0_e0be69ff4b0cf4589982.table.json", "ncols": 17, "nrows": 100}, "_timestamp": 1714938719.6572201, "_runtime": 6140.6360330581665, "_step": 1, "mean_T0T": -1.1268277983821153, "std_T0T": 0.11508286256299807, "mean_0T0": 2.6033945187710277, "std_0T0": 0.5371515908535893, "mean_middle": -14.340777812286877, "std_middle": 0.024605407855728484, "mean_loss": 6.48046875, "std_loss": 0.67138671875, "guidance_scale": 1, "inv_time": 60.3441765832901, "prompt": "zoey deutch with white bra portrait | | realistic shaded, unpleasant face, bad looking, fine details, realistic shaded lighting poster by greg rutkowski, magali villeneuve, artgerm, jeremy lipkin and michael garmash and rob rey", "mean_memory_usage": 2.63718318939209, "decoder lr": 0.001, "_wandb": {"runtime": 6139}}