{"Table": {"_type": "table-file", "sha256": "45c49cd0ba53be5cbb8b6b9e9ac75ac6bf36541ff1a9589fe44ec912086fe188", "size": 2103, "artifact_path": "wandb-client-artifact://qa8lbzoisyd2dkymjrmym1nh30xxl5e81tdxrdf3i9b7x2j8nt5rbukoeu776it0t91mb0cy2alr0d46gxze0mnfjofs2vi2qwkpia9bla74vh4b36gfpbqz6wucs7e1:latest/Table.table.json", "_latest_artifact_path": "wandb-client-artifact://qa8lbzoisyd2dkymjrmym1nh30xxl5e81tdxrdf3i9b7x2j8nt5rbukoeu776it0t91mb0cy2alr0d46gxze0mnfjofs2vi2qwkpia9bla74vh4b36gfpbqz6wucs7e1:latest/Table.table.json", "path": "media/table/Table_0_45c49cd0ba53be5cbb8b.table.json", "ncols": 13, "nrows": 10}, "_timestamp": 1711021445.735692, "_runtime": 2648.487802028656, "_step": 1, "mean_T0T": -10.465482279918222, "std_T0T": 3.3626465352841852, "mean_0T0": -25.004384839825377, "std_0T0": 4.926043414719389, "mean_middle": -17.359519548702572, "std_middle": 4.914068261120799, "mean_loss": -26.918700252029026, "std_loss": 3.24246873810322, "guidance_scale": 1, "inv_time": 263.3802443742752, "_wandb": {"runtime": 2647}}