{"Table": {"_type": "table-file", "sha256": "ade7050551c00b2d88562dd996e27275f70d3c8fb7b844932239174c75bd5cf5", "size": 44115, "artifact_path": "wandb-client-artifact://1zi2v8gyef0cm9xd88054gw7vy8acdzy3xpllmuw1u1w56wpsanhnmz1exyefsoufmy0wb4opzmlkz38x3zlb0dzytjoh60ux3tldj6k44uqz750sjx42exsarfvzpp0:latest/Table.table.json", "_latest_artifact_path": "wandb-client-artifact://1zi2v8gyef0cm9xd88054gw7vy8acdzy3xpllmuw1u1w56wpsanhnmz1exyefsoufmy0wb4opzmlkz38x3zlb0dzytjoh60ux3tldj6k44uqz750sjx42exsarfvzpp0:latest/Table.table.json", "path": "media/table/Table_0_ade7050551c00b2d8856.table.json", "ncols": 15, "nrows": 100}, "_timestamp": 1713870004.2983031, "_runtime": 2013.318608045578, "_step": 1, "mean_T0T": -8.372725818898834, "std_T0T": 0.11143330178266278, "mean_0T0": -26.779238468118297, "std_0T0": 0.0023986363075229064, "mean_middle": -15.583259824989026, "std_middle": 0.024466945908927402, "mean_loss": 0.0032024383544921875, "std_loss": 0.0028057098388671875, "guidance_scale": 1, "inv_time": 16.20543937444687, "prompt": "zoey deutch with white bra portrait | | realistic shaded, unpleasant face, bad looking, fine details, realistic shaded lighting poster by greg rutkowski, magali villeneuve, artgerm, jeremy lipkin and michael garmash and rob rey", "mean_memory_usage": 8.370447177886962, "decoder lr": 0.02, "_wandb": {"runtime": 2012}}