{"Table": {"_type": "table-file", "sha256": "f6f7c8325a078e200c4bb9f2a4bfbb3722d41148001f093d4be5b87e3d5c4fc7", "size": 2044, "artifact_path": "wandb-client-artifact://yj2scpqefyqwvycrdtihkinabt671qlwvwqmzsc1nrvrrjxfj7bxndvm1vk2f8vqbjxdds3psxij8vh8pbso2oal07rahz4u913v0v15c2byfyujfu0flu5r3hj6inyj:latest/Table.table.json", "_latest_artifact_path": "wandb-client-artifact://yj2scpqefyqwvycrdtihkinabt671qlwvwqmzsc1nrvrrjxfj7bxndvm1vk2f8vqbjxdds3psxij8vh8pbso2oal07rahz4u913v0v15c2byfyujfu0flu5r3hj6inyj:latest/Table.table.json", "path": "media/table/Table_0_f6f7c8325a078e200c4b.table.json", "ncols": 13, "nrows": 10}, "_timestamp": 1711426603.9051673, "_runtime": 412.7686483860016, "_step": 1, "mean_T0T": 3.2698457723463243, "std_T0T": 0.877927783479069, "mean_0T0": -7.620568173658803, "std_0T0": 0.10678693414129367, "mean_middle": 8.433255896155465, "std_middle": 4.445537503073215, "mean_loss": 0.035540103912353516, "std_loss": 0.021900322288274765, "guidance_scale": 1, "inv_time": 39.83065254688263, "_wandb": {"runtime": 412}}