{"Table": {"_type": "table-file", "sha256": "fb384cc38051a11dda80072b24b993fb49d2cd2dfe5bd68e9a472e835dda8eaa", "size": 2116, "artifact_path": "wandb-client-artifact://7pk3b193htimgxvenhn9nshkcavt1lo72nf83swav22ke4bq5fz5i2ofksq2wple188mpahadmyhxk470bt7mzswaaj134au29kxhggdy0vqoyelwor2tnvaunf0c7hu:latest/Table.table.json", "_latest_artifact_path": "wandb-client-artifact://7pk3b193htimgxvenhn9nshkcavt1lo72nf83swav22ke4bq5fz5i2ofksq2wple188mpahadmyhxk470bt7mzswaaj134au29kxhggdy0vqoyelwor2tnvaunf0c7hu:latest/Table.table.json", "path": "media/table/Table_0_fb384cc38051a11dda80.table.json", "ncols": 13, "nrows": 10}, "_timestamp": 1711378307.986823, "_runtime": 3286.00691819191, "_step": 1, "mean_T0T": -9.54424989968173, "std_T0T": 0.0891371425072478, "mean_0T0": -24.110276920150525, "std_0T0": 0.004010760344777192, "mean_middle": -14.927286949520077, "std_middle": 0.017426242011250984, "mean_loss": 0.0007951882435008883, "std_loss": 0.0009229185525327921, "guidance_scale": 1, "inv_time": 327.14289753437043, "_wandb": {"runtime": 3285}}