{"Table": {"_type": "table-file", "sha256": "c1860270aef3eab0fdde3e1c89d113970f0c4596c02fcbcaae1fc10e0059fb12", "size": 2122, "artifact_path": "wandb-client-artifact://1bdrjjps5fwetqhugs2redad88deui5a02kcp04v6tf59e4ws53e3d8tjkavgalvzzg2ehqzczwsnzucntug60kuib9swmppoy19qesvvyz8c0ss4m7207hf7v9it1fk:latest/Table.table.json", "_latest_artifact_path": "wandb-client-artifact://1bdrjjps5fwetqhugs2redad88deui5a02kcp04v6tf59e4ws53e3d8tjkavgalvzzg2ehqzczwsnzucntug60kuib9swmppoy19qesvvyz8c0ss4m7207hf7v9it1fk:latest/Table.table.json", "path": "media/table/Table_0_c1860270aef3eab0fdde.table.json", "ncols": 13, "nrows": 10}, "_timestamp": 1711186052.9521616, "_runtime": 2948.556533575058, "_step": 1, "mean_T0T": -9.96185164634028, "std_T0T": 0.08189025924096636, "mean_0T0": -29.43360696838365, "std_0T0": 0.0016476404694537373, "mean_middle": -17.061076556180378, "std_middle": 0.009987306526399755, "mean_loss": 0.00028429290978237987, "std_loss": 0.0004897573962807655, "guidance_scale": 1, "inv_time": 293.4069497823715, "_wandb": {"runtime": 2947}}