{"Table": {"_type": "table-file", "sha256": "b6a1f61952e8533e2a081497cd4daf9e31abac3307301919aa0232f09dfc811c", "size": 2128, "artifact_path": "wandb-client-artifact://ucbqe5g6h016rliv7rwxblr70og14uevm9bkkw8j5i1f54lvn90hbfaifqrqf0wathxdgpo8ra9y9ntmxyyzhpl9p63b9xwdajok4g6k98nvj6vo39lw5k67lwes8t4u:latest/Table.table.json", "_latest_artifact_path": "wandb-client-artifact://ucbqe5g6h016rliv7rwxblr70og14uevm9bkkw8j5i1f54lvn90hbfaifqrqf0wathxdgpo8ra9y9ntmxyyzhpl9p63b9xwdajok4g6k98nvj6vo39lw5k67lwes8t4u:latest/Table.table.json", "path": "media/table/Table_0_b6a1f61952e8533e2a08.table.json", "ncols": 13, "nrows": 10}, "_timestamp": 1711039013.6518567, "_runtime": 1916.2944147586823, "_step": 1, "mean_T0T": -0.7668213740621911, "std_T0T": 0.12999719959370215, "mean_0T0": -3.143111628907072, "std_0T0": 0.0008957733355528916, "mean_middle": -1.452739554739559, "std_middle": 0.019015599307224386, "mean_loss": 0.00015003836597315967, "std_loss": 0.00022114808962214738, "guidance_scale": 1, "inv_time": 189.65179789066315, "_wandb": {"runtime": 1910}}