{"Table": {"_type": "table-file", "sha256": "cbf013dc0ecdece989debada8040ef9df54dd2ed133c47db1bd4204ef131a76b", "size": 2110, "artifact_path": "wandb-client-artifact://ff8i85lzm69ztkvhxvmbmu2urj8zcqda6mjcwcm28adui0j9z9dmaxwes02fm0998takc96c3fkx8xxsg714rebyty4b5gv0wim47rkmb5gy4n5jpaf1w7gzarvrew0l:latest/Table.table.json", "_latest_artifact_path": "wandb-client-artifact://ff8i85lzm69ztkvhxvmbmu2urj8zcqda6mjcwcm28adui0j9z9dmaxwes02fm0998takc96c3fkx8xxsg714rebyty4b5gv0wim47rkmb5gy4n5jpaf1w7gzarvrew0l:latest/Table.table.json", "path": "media/table/Table_0_cbf013dc0ecdece989de.table.json", "ncols": 13, "nrows": 10}, "_timestamp": 1711387181.7707398, "_runtime": 1923.4183948040009, "_step": 1, "mean_T0T": -7.4444912799817615, "std_T0T": 0.1293224288861848, "mean_0T0": -22.57505829868802, "std_0T0": 0.004876056238028316, "mean_middle": -12.81673275478833, "std_middle": 0.02826814491315188, "mean_loss": 0.0011914980132132769, "std_loss": 0.0011741730850189924, "guidance_scale": 1, "inv_time": 190.77924914360045, "_wandb": {"runtime": 1922}}