{"Table": {"_type": "table-file", "sha256": "21228c2aabd3e52e53472a1c18c3afe6122c7640469b7bb78aada9a729bf0f41", "size": 42695, "artifact_path": "wandb-client-artifact://u8rxq8c4pt0miizrnvd6cs47izmzl09cmdcs6lwi7m2hxk9f7n1g2he5p22ufi4kjtaaegpb03hcfzn6mh3m5eg014f368f85lsecq0rcqel9vpo427jiomxs5xc4vsj:latest/Table.table.json", "_latest_artifact_path": "wandb-client-artifact://u8rxq8c4pt0miizrnvd6cs47izmzl09cmdcs6lwi7m2hxk9f7n1g2he5p22ufi4kjtaaegpb03hcfzn6mh3m5eg014f368f85lsecq0rcqel9vpo427jiomxs5xc4vsj:latest/Table.table.json", "path": "media/table/Table_0_21228c2aabd3e52e5347.table.json", "ncols": 15, "nrows": 100}, "_timestamp": 1715651370.7477958, "_runtime": 735.2293267250061, "_step": 1, "mean_T0T": -1.0948199500726408, "std_T0T": 0.11289544607011529, "mean_0T0": 2.636470693411947, "std_0T0": 0.5347767542304482, "mean_middle": -14.525005295418662, "std_middle": 0.024671321383127397, "mean_loss": 6.54296875, "std_loss": 0.673828125, "guidance_scale": 1, "inv_time": 6.161183652877807, "prompt": "zoey deutch with white bra portrait | | realistic shaded, unpleasant face, bad looking, fine details, realistic shaded lighting poster by greg rutkowski, magali villeneuve, artgerm, jeremy lipkin and michael garmash and rob rey", "mean_memory_usage": 8.37973337173462, "decoder lr": 0.005, "_wandb": {"runtime": 734}}