{"Table": {"_type": "table-file", "sha256": "347f7f9982f88281f9a7f157584e468b795479ec7d4256c59e01581525d010d0", "size": 42684, "artifact_path": "wandb-client-artifact://oyaku34as8rojzo2kgxptmfqjyczoqrgkxwdeq3tcqd2dgfn1i56w3zcuf5nbyi0ivr638ww7s886oq6rrld0aciaw4g9hxultn9jp9706rr15bl8jyvdrttalm1syfm:latest/Table.table.json", "_latest_artifact_path": "wandb-client-artifact://oyaku34as8rojzo2kgxptmfqjyczoqrgkxwdeq3tcqd2dgfn1i56w3zcuf5nbyi0ivr638ww7s886oq6rrld0aciaw4g9hxultn9jp9706rr15bl8jyvdrttalm1syfm:latest/Table.table.json", "path": "media/table/Table_0_347f7f9982f88281f9a7.table.json", "ncols": 15, "nrows": 100}, "_timestamp": 1715664189.6166344, "_runtime": 3316.504503250122, "_step": 1, "mean_T0T": -1.1518375876001272, "std_T0T": 0.11350332676855361, "mean_0T0": 2.666342555832432, "std_0T0": 0.5405007406066877, "mean_middle": -15.37417941976216, "std_middle": 0.024286506807996405, "mean_loss": 6.58984375, "std_loss": 0.67724609375, "guidance_scale": 1, "inv_time": 31.96833953857422, "prompt": "zoey deutch with white bra portrait | | realistic shaded, unpleasant face, bad looking, fine details, realistic shaded lighting poster by greg rutkowski, magali villeneuve, artgerm, jeremy lipkin and michael garmash and rob rey", "mean_memory_usage": 8.370447177886962, "decoder lr": 0.005, "_wandb": {"runtime": 3315}}