{"Table": {"_type": "table-file", "sha256": "9398ac2a9384865b81544967c87511e44cd8ab5516eb7e795e2cebb3bc8b10d5", "size": 43882, "artifact_path": "wandb-client-artifact://os7trz98xfcnz1jrk29v63jb411yhx2ol0l3vaqksi17qahxh10zyy39zjk8mjxbet1o7jj8xvwh9emzm2thqa204f1pn9f13utzfqfgnsfiy3cttbdvz8ko8i6itz81:latest/Table.table.json", "_latest_artifact_path": "wandb-client-artifact://os7trz98xfcnz1jrk29v63jb411yhx2ol0l3vaqksi17qahxh10zyy39zjk8mjxbet1o7jj8xvwh9emzm2thqa204f1pn9f13utzfqfgnsfiy3cttbdvz8ko8i6itz81:latest/Table.table.json", "path": "media/table/Table_0_9398ac2a9384865b8154.table.json", "ncols": 15, "nrows": 100}, "_timestamp": 1713686575.0622199, "_runtime": 1209.9107389450073, "_step": 1, "mean_T0T": -7.202260304552743, "std_T0T": 0.05704973155571878, "mean_0T0": -2.8644292335797688, "std_0T0": 0.1802173992421137, "mean_middle": -2.2662664818325835, "std_middle": 0.1496798627883592, "mean_loss": 0.00332260737195611, "std_loss": 0.004463359713554382, "guidance_scale": 1, "inv_time": 3.1625606346130373, "prompt": "zoey deutch with white bra portrait | | realistic shaded, unpleasant face, bad looking, fine details, realistic shaded lighting poster by greg rutkowski, magali villeneuve, artgerm, jeremy lipkin and michael garmash and rob rey", "mean_memory_usage": 4.956707000732422, "decoder lr": 0.02, "_wandb": {"runtime": 1209}}