{"Table": {"_type": "table-file", "sha256": "2d1122e4a3b7359071b11a4fe53f6e6a365c81ea5d2af964c975adec52efb285", "size": 42673, "artifact_path": "wandb-client-artifact://sashm2r5g3f91c0c2s2s0vp9xz7olj1q2rv1hb46eyquars8wp3t02stjqt2fc5kj7ibfiqha1czyd1vphgr51cigwj85c3522krczhkfu59eee93p8qxnp2bs5vodc6:latest/Table.table.json", "_latest_artifact_path": "wandb-client-artifact://sashm2r5g3f91c0c2s2s0vp9xz7olj1q2rv1hb46eyquars8wp3t02stjqt2fc5kj7ibfiqha1czyd1vphgr51cigwj85c3522krczhkfu59eee93p8qxnp2bs5vodc6:latest/Table.table.json", "path": "media/table/Table_0_2d1122e4a3b7359071b1.table.json", "ncols": 15, "nrows": 100}, "_timestamp": 1715655720.8849757, "_runtime": 1704.0755727291107, "_step": 1, "mean_T0T": -1.1172503947955763, "std_T0T": 0.11355934704853347, "mean_0T0": 2.6543178714387916, "std_0T0": 0.5374504490392237, "mean_middle": -14.89188602840455, "std_middle": 0.024420278976325913, "mean_loss": 6.57421875, "std_loss": 0.6767578125, "guidance_scale": 1, "inv_time": 15.83754033088684, "prompt": "zoey deutch with white bra portrait | | realistic shaded, unpleasant face, bad looking, fine details, realistic shaded lighting poster by greg rutkowski, magali villeneuve, artgerm, jeremy lipkin and michael garmash and rob rey", "mean_memory_usage": 8.370447177886962, "decoder lr": 0.005, "_wandb": {"runtime": 1703}}