{"Table": {"_type": "table-file", "sha256": "f58eaf30a58cb18d323979d34e9cbd6a82078fece2d60d89e344d83d03b77811", "size": 2098, "artifact_path": "wandb-client-artifact://zp4r192fvhopugh9ck3wghikidmvprdon0f78newmet14386hm2tj8hega3gdl7b8tifvvfz5ny3ptkoz826xaz25o3f8zw4az9igknf8ww0br9rsna1sfohzu4wn5jq:latest/Table.table.json", "_latest_artifact_path": "wandb-client-artifact://zp4r192fvhopugh9ck3wghikidmvprdon0f78newmet14386hm2tj8hega3gdl7b8tifvvfz5ny3ptkoz826xaz25o3f8zw4az9igknf8ww0br9rsna1sfohzu4wn5jq:latest/Table.table.json", "path": "media/table/Table_0_f58eaf30a58cb18d3239.table.json", "ncols": 13, "nrows": 10}, "_timestamp": 1711625557.3125658, "_runtime": 631.3217127323151, "_step": 1, "mean_T0T": -3.576074388000312, "std_T0T": 0.15977927898190541, "mean_0T0": -19.88365863572973, "std_0T0": 0.00822750017633845, "mean_middle": -6.5085654254357, "std_middle": 0.06408345454808065, "mean_loss": 3.5658838896779343e-05, "std_loss": 7.427331001963466e-05, "guidance_scale": 1, "inv_time": 61.71771101951599, "_wandb": {"runtime": 630}}