{"Table": {"_type": "table-file", "sha256": "ae59dabb4825034d7f4fde83c9013f226f913ef2a3eccb16e00a511e4356c73c", "size": 2120, "artifact_path": "wandb-client-artifact://n12hed2l6wcf4k8lpwdpes400sb6vkwifzjdu65mv249det2ldvdz91lhi9zp9hbirlayyk971cs770btge5h2d3se1g3u2ndg8yjp1950irea2stqczik6n8jp9khjs:latest/Table.table.json", "_latest_artifact_path": "wandb-client-artifact://n12hed2l6wcf4k8lpwdpes400sb6vkwifzjdu65mv249det2ldvdz91lhi9zp9hbirlayyk971cs770btge5h2d3se1g3u2ndg8yjp1950irea2stqczik6n8jp9khjs:latest/Table.table.json", "path": "media/table/Table_0_ae59dabb4825034d7f4f.table.json", "ncols": 13, "nrows": 10}, "_timestamp": 1711047387.5716648, "_runtime": 1838.1790668964386, "_step": 1, "mean_T0T": -0.7704545937927382, "std_T0T": 0.11936653084055761, "mean_0T0": -3.0469615405768358, "std_0T0": 0.001255055273314193, "mean_middle": -1.403669588747258, "std_middle": 0.019791144153510666, "mean_loss": 0.0001778413716237992, "std_loss": 0.00029159316909499466, "guidance_scale": 1, "inv_time": 182.30028328895568, "_wandb": {"runtime": 1837}}