{"Table": {"_type": "table-file", "sha256": "d7e6ae81e3a5755050b12515dbd6d11f7125a77475118ef92cf427cd21fc355e", "size": 44125, "artifact_path": "wandb-client-artifact://qovqfdpxu0wofzu8h2102mb8ifu61c3bxepm2yq5dn3gwgrwb5qnn5v4cd8xzkxpbhuwkka5uiz6lo26jsaqvdgz42qpij9yl6xngyr0qeomg4tlcduswsq2cl5jy6x6:latest/Table.table.json", "_latest_artifact_path": "wandb-client-artifact://qovqfdpxu0wofzu8h2102mb8ifu61c3bxepm2yq5dn3gwgrwb5qnn5v4cd8xzkxpbhuwkka5uiz6lo26jsaqvdgz42qpij9yl6xngyr0qeomg4tlcduswsq2cl5jy6x6:latest/Table.table.json", "path": "media/table/Table_0_d7e6ae81e3a5755050b1.table.json", "ncols": 15, "nrows": 100}, "_timestamp": 1713851182.1884835, "_runtime": 1041.4130384922028, "_step": 1, "mean_T0T": -7.567319658384619, "std_T0T": 0.10989144341960111, "mean_0T0": -24.634451676889615, "std_0T0": 0.007171712004987375, "mean_middle": -14.704806437097924, "std_middle": 0.024514746101794754, "mean_loss": 0.004802703857421875, "std_loss": 0.01409149169921875, "guidance_scale": 1, "inv_time": 6.5246172976493835, "prompt": "zoey deutch with white bra portrait | | realistic shaded, unpleasant face, bad looking, fine details, realistic shaded lighting poster by greg rutkowski, magali villeneuve, artgerm, jeremy lipkin and michael garmash and rob rey", "mean_memory_usage": 8.37875436782837, "decoder lr": 0.01, "_wandb": {"runtime": 1040}}