{"Table": {"_type": "table-file", "sha256": "3f8151fae973c0cddbe2f192f2be4de0efefb6cb971b9c0202a669d8ac6cdb8d", "size": 43959, "artifact_path": "wandb-client-artifact://vuru3vdbkhoodpdfqcws81yf2uu49tfjux3fa8pw6xwoxos12d087uqtto66bmo52qgxi5h3vyl88a3gea6y4iqpoyy86o1wfwyud3q5dw6vcmv1pk66q5eauc7znel5:latest/Table.table.json", "_latest_artifact_path": "wandb-client-artifact://vuru3vdbkhoodpdfqcws81yf2uu49tfjux3fa8pw6xwoxos12d087uqtto66bmo52qgxi5h3vyl88a3gea6y4iqpoyy86o1wfwyud3q5dw6vcmv1pk66q5eauc7znel5:latest/Table.table.json", "path": "media/table/Table_0_3f8151fae973c0cddbe2.table.json", "ncols": 15, "nrows": 100}, "_timestamp": 1713534512.736002, "_runtime": 4134.370595932007, "_step": 1, "mean_T0T": -0.8143577954813787, "std_T0T": 0.1765475491666065, "mean_0T0": -16.787514106860645, "std_0T0": 0.013721249510065953, "mean_middle": 1.3093800278527041, "std_middle": 0.32411878716283027, "mean_loss": 0.001164262997917831, "std_loss": 0.0013012689305469394, "guidance_scale": 1, "inv_time": 32.339640045166014, "prompt": "zoey deutch with white bra portrait | | realistic shaded, unpleasant face, bad looking, fine details, realistic shaded lighting poster by greg rutkowski, magali villeneuve, artgerm, jeremy lipkin and michael garmash and rob rey", "mean_memory_usage": 5.838212933540344, "decoder lr": 0.2, "_wandb": {"runtime": 4133}}