{"Table": {"_type": "table-file", "sha256": "39c87833bf3f84b06286ca38691fcab47f085f0871d303d9efb78624399e955a", "size": 47429, "artifact_path": "wandb-client-artifact://kiquq703tbecpej97udaz0lmydip9boc0s1h55mwwa46knw616grn3570u3nhr4klca8spj2ezz1u5xd8smxp0hb12xhxej7pk7j3gz5uc7k5oge5zomfgpa0z2usjue:latest/Table.table.json", "_latest_artifact_path": "wandb-client-artifact://kiquq703tbecpej97udaz0lmydip9boc0s1h55mwwa46knw616grn3570u3nhr4klca8spj2ezz1u5xd8smxp0hb12xhxej7pk7j3gz5uc7k5oge5zomfgpa0z2usjue:latest/Table.table.json", "path": "media/table/Table_0_39c87833bf3f84b06286.table.json", "ncols": 17, "nrows": 100}, "_timestamp": 1714889334.085654, "_runtime": 6178.3700299263, "_step": 1, "mean_T0T": -1.1268277983821153, "std_T0T": 0.11508286256299807, "mean_0T0": 2.6033945187710277, "std_0T0": 0.5371515908535893, "mean_middle": -14.340777812286877, "std_middle": 0.024605407855728484, "mean_loss": 6.48046875, "std_loss": 0.67138671875, "guidance_scale": 1, "inv_time": 60.698268003463745, "prompt": "zoey deutch with white bra portrait | | realistic shaded, unpleasant face, bad looking, fine details, realistic shaded lighting poster by greg rutkowski, magali villeneuve, artgerm, jeremy lipkin and michael garmash and rob rey", "mean_memory_usage": 2.63901424407959, "decoder lr": 0.001, "_wandb": {"runtime": 6177}}