{"Table": {"_type": "table-file", "sha256": "996336c9ea6f7e95cc9f4a4b26801b0e32915ea7026412e63d7da2e53708887f", "size": 46941, "artifact_path": "wandb-client-artifact://vkeimsukeq5sffgj5va9vpk2vl9ky540muevgry7yu44mwe5smcfghc7vnk169o757252c0dhgcgxx1om10repifcj0z1ov3kge0j767afcy3bkyvmevgw46xkuljnjy:latest/Table.table.json", "_latest_artifact_path": "wandb-client-artifact://vkeimsukeq5sffgj5va9vpk2vl9ky540muevgry7yu44mwe5smcfghc7vnk169o757252c0dhgcgxx1om10repifcj0z1ov3kge0j767afcy3bkyvmevgw46xkuljnjy:latest/Table.table.json", "path": "media/table/Table_0_996336c9ea6f7e95cc9f.table.json", "ncols": 17, "nrows": 100}, "_timestamp": 1715634210.1036093, "_runtime": 886.4030492305756, "_step": 1, "mean_T0T": -1.1524564082055873, "std_T0T": 0.11461961404379915, "mean_0T0": 2.625739381065642, "std_0T0": 0.5391253359806171, "mean_middle": -14.867180496947846, "std_middle": 0.024783976372542184, "mean_loss": 6.515625, "std_loss": 0.6728515625, "guidance_scale": 1, "inv_time": 8.002808544635773, "prompt": "zoey deutch with white bra portrait | | realistic shaded, unpleasant face, bad looking, fine details, realistic shaded lighting poster by greg rutkowski, magali villeneuve, artgerm, jeremy lipkin and michael garmash and rob rey", "mean_memory_usage": 2.63223934173584, "decoder lr": 0.02, "_wandb": {"runtime": 885}}