{"Table": {"_type": "table-file", "sha256": "fcd7deacf71a0e001b39e58ca0381d2d070eacce05c6f75e5f15f09453690e8a", "size": 2111, "artifact_path": "wandb-client-artifact://5k9efxg7zse9tywjw43ipp37pcbu7rmv09wlt8nq2bet9d4fsklhrovvx605cqph86yiyd7zgm3q29d6bwt4ispd5iwnspgegj1pvckmhas4hipw8vegyatkwf7oe7xl:latest/Table.table.json", "_latest_artifact_path": "wandb-client-artifact://5k9efxg7zse9tywjw43ipp37pcbu7rmv09wlt8nq2bet9d4fsklhrovvx605cqph86yiyd7zgm3q29d6bwt4ispd5iwnspgegj1pvckmhas4hipw8vegyatkwf7oe7xl:latest/Table.table.json", "path": "media/table/Table_0_fcd7deacf71a0e001b39.table.json", "ncols": 13, "nrows": 10}, "_timestamp": 1711088265.9551659, "_runtime": 5213.842660903931, "_step": 1, "mean_T0T": -11.14872462930328, "std_T0T": 0.05586528900271726, "mean_0T0": -21.77253300505404, "std_0T0": 0.008700203050917439, "mean_middle": -20.025289547143256, "std_middle": 0.007235384587938202, "mean_loss": 0.00416311901062727, "std_loss": 0.004804190713912249, "guidance_scale": 1, "inv_time": 519.9276066064834, "_wandb": {"runtime": 5213}}