{"Table": {"_type": "table-file", "sha256": "0881b75fdb6bfea40b20c5257a6055d7b66daeff06c1763c649e8ffacb5a67d3", "size": 46909, "artifact_path": "wandb-client-artifact://hzjlzl22ybmur1dir0ixtlc0bw8r0knfigeyc8ov26e2brhvaocs2ryq5m4zlyw43q7c4o7tl29bbx9y0fauqlxm9qnac4g8qywsw07dga2fgugigywxg1221heus6vh:latest/Table.table.json", "_latest_artifact_path": "wandb-client-artifact://hzjlzl22ybmur1dir0ixtlc0bw8r0knfigeyc8ov26e2brhvaocs2ryq5m4zlyw43q7c4o7tl29bbx9y0fauqlxm9qnac4g8qywsw07dga2fgugigywxg1221heus6vh:latest/Table.table.json", "path": "media/table/Table_0_0881b75fdb6bfea40b20.table.json", "ncols": 17, "nrows": 100}, "_timestamp": 1715423235.7786534, "_runtime": 717.8468563556671, "_step": 1, "mean_T0T": -1.1863673883241515, "std_T0T": 0.11438542023253923, "mean_0T0": 2.667580637882478, "std_0T0": 0.5429439558920819, "mean_middle": -15.461377085531321, "std_middle": 0.025200693196605232, "mean_loss": 6.58984375, "std_loss": 0.6767578125, "guidance_scale": 1, "inv_time": 6.210554707050323, "prompt": "zoey deutch with white bra portrait | | realistic shaded, unpleasant face, bad looking, fine details, realistic shaded lighting poster by greg rutkowski, magali villeneuve, artgerm, jeremy lipkin and michael garmash and rob rey", "mean_memory_usage": 2.6235036849975586, "decoder lr": 0.01, "_wandb": {"runtime": 717}}