{"Table": {"_type": "table-file", "sha256": "d9a8788667c9c85ffb697b452f9eec6a57230243cc85341985d0d6ec47a93119", "size": 1853, "artifact_path": "wandb-client-artifact://01v19zluh8ci2o6ufu56oeo1eistjv6wo8d3q6n5jm5aqa8nufcc0rdcfm3grs7o13x02t2zxbrpu4uwkkldsx78jrkefngdvaloz06benahduywdwivwskj1me3oxpb:latest/Table.table.json", "_latest_artifact_path": "wandb-client-artifact://01v19zluh8ci2o6ufu56oeo1eistjv6wo8d3q6n5jm5aqa8nufcc0rdcfm3grs7o13x02t2zxbrpu4uwkkldsx78jrkefngdvaloz06benahduywdwivwskj1me3oxpb:latest/Table.table.json", "path": "media/table/Table_0_d9a8788667c9c85ffb69.table.json", "ncols": 12, "nrows": 10}, "_timestamp": 1710832841.5950525, "_runtime": 468.5541925430298, "_step": 1, "mean_T0T": 0.31904951592843434, "std_T0T": 0.15298623332528027, "mean_0T0": 0.005328690435008918, "std_0T0": 0.005058803402602736, "mean_middle": 0.21887489796997678, "std_middle": 0.05243931380904027, "guidance_scale": 1, "inv_time": 45.38062777519226, "_wandb": {"runtime": 467}}