{"Table": {"_type": "table-file", "sha256": "9c72136b9fa1a8470078133d800d4dc9a73122a1aeeb877f69971140ba25f776", "size": 44158, "artifact_path": "wandb-client-artifact://u1h880cep35ywphx2lp4cauohedq32xuhn3i2j9sjcnpke39eaz6z8eg3fpknk118hu8i0wcvt0a6fmoe1fjddftmo9m9vkva0en3pjn0z6bw07g6ekvhz6hj6ux3136:latest/Table.table.json", "_latest_artifact_path": "wandb-client-artifact://u1h880cep35ywphx2lp4cauohedq32xuhn3i2j9sjcnpke39eaz6z8eg3fpknk118hu8i0wcvt0a6fmoe1fjddftmo9m9vkva0en3pjn0z6bw07g6ekvhz6hj6ux3136:latest/Table.table.json", "path": "media/table/Table_0_9c72136b9fa1a8470078.table.json", "ncols": 15, "nrows": 100}, "_timestamp": 1714043156.4927351, "_runtime": 1185.6445322036743, "_step": 1, "mean_T0T": -7.696728884221809, "std_T0T": 0.10166279072680522, "mean_0T0": -24.209901033833276, "std_0T0": 0.0038937129169907877, "mean_middle": -14.676588259016203, "std_middle": 0.02466837256024921, "mean_loss": 0.0032138824462890625, "std_loss": 0.003875732421875, "guidance_scale": 1, "inv_time": 7.935345892906189, "prompt": "zoey deutch with white bra portrait | | realistic shaded, unpleasant face, bad looking, fine details, realistic shaded lighting poster by greg rutkowski, magali villeneuve, artgerm, jeremy lipkin and michael garmash and rob rey", "mean_memory_usage": 2.6314144134521484, "decoder lr": 0.01, "_wandb": {"runtime": 1184}}