{"Table": {"_type": "table-file", "sha256": "71d5f545abd1d721b918153831f8df3bddfb67f5b8b66401ef971067bd7958e8", "size": 2116, "artifact_path": "wandb-client-artifact://kjbw1izv80nazds2ogly6kv28eiynw2kkdzoghibgqg17emm2v659ft2njhvt9pdronvzfke89eswaryutl6vnz6k5p4zwk9f2698jknmq1efpwc8exc8bs0olxn68ch:latest/Table.table.json", "_latest_artifact_path": "wandb-client-artifact://kjbw1izv80nazds2ogly6kv28eiynw2kkdzoghibgqg17emm2v659ft2njhvt9pdronvzfke89eswaryutl6vnz6k5p4zwk9f2698jknmq1efpwc8exc8bs0olxn68ch:latest/Table.table.json", "path": "media/table/Table_0_71d5f545abd1d721b918.table.json", "ncols": 13, "nrows": 10}, "_timestamp": 1711477022.071906, "_runtime": 1540.690227985382, "_step": 1, "mean_T0T": -5.630712623361002, "std_T0T": 0.16392604607801137, "mean_0T0": -25.888705068662745, "std_0T0": 0.0020302485401240975, "mean_middle": -10.568124779799835, "std_middle": 0.03771346533419613, "mean_loss": 0.0005287366802804172, "std_loss": 0.0004167466831859201, "guidance_scale": 1, "inv_time": 152.6017101764679, "_wandb": {"runtime": 1540}}