{"Table": {"_type": "table-file", "sha256": "b9ae05024dcb0e857fea2f89afdc55916e7288292539ca3119efb58fcf6743a0", "size": 44157, "artifact_path": "wandb-client-artifact://12isqnkpysbu8zchji15yssvmdxob2kuctig43nh797t1mll0edgk9yy153zt4yfts4ulap16jdx7davffwa0z95gsb8s5prm0e2l4487nmbqyjfcbkf8fjdki8fgqzt:latest/Table.table.json", "_latest_artifact_path": "wandb-client-artifact://12isqnkpysbu8zchji15yssvmdxob2kuctig43nh797t1mll0edgk9yy153zt4yfts4ulap16jdx7davffwa0z95gsb8s5prm0e2l4487nmbqyjfcbkf8fjdki8fgqzt:latest/Table.table.json", "path": "media/table/Table_0_b9ae05024dcb0e857fea.table.json", "ncols": 15, "nrows": 100}, "_timestamp": 1713583320.2685921, "_runtime": 1364.126032114029, "_step": 1, "mean_T0T": -8.699665011869248, "std_T0T": 0.0531326740429915, "mean_0T0": -14.197047075401112, "std_0T0": 0.014142535414188745, "mean_middle": -9.160744211481655, "std_middle": 0.06959092904642644, "mean_loss": 0.00266374833881855, "std_loss": 0.0028787509072571993, "guidance_scale": 1, "inv_time": 4.8452152514457705, "prompt": "zoey deutch with white bra portrait | | realistic shaded, unpleasant face, bad looking, fine details, realistic shaded lighting poster by greg rutkowski, magali villeneuve, artgerm, jeremy lipkin and michael garmash and rob rey", "mean_memory_usage": 0.6010441780090332, "decoder lr": 0.1, "_wandb": {"runtime": 1363}}