{"Table": {"_type": "table-file", "sha256": "3aecd66d779a4c5c2cd28ffe2e6ae8cf5efa93f74387d1230a16e5c7b97d9aa3", "size": 44326, "artifact_path": "wandb-client-artifact://65gz95w14wpqp8ys0klc9iegrp8p7ideqylxcrotvrqh5fur5vdcwfhdf6dgjcieqs6gkqvf58pmiwyn2n1qgltlfo1kcvyanfiwwzzb8l1fzl2zdgdwe73iq4g54oq3:latest/Table.table.json", "_latest_artifact_path": "wandb-client-artifact://65gz95w14wpqp8ys0klc9iegrp8p7ideqylxcrotvrqh5fur5vdcwfhdf6dgjcieqs6gkqvf58pmiwyn2n1qgltlfo1kcvyanfiwwzzb8l1fzl2zdgdwe73iq4g54oq3:latest/Table.table.json", "path": "media/table/Table_0_3aecd66d779a4c5c2cd2.table.json", "ncols": 15, "nrows": 100}, "_timestamp": 1713798242.3431513, "_runtime": 690.6848793029785, "_step": 1, "mean_T0T": -8.152510254418367, "std_T0T": 0.10389040176876913, "mean_0T0": -24.560264223794466, "std_0T0": 0.004011319602251631, "mean_middle": -15.333952944528962, "std_middle": 0.024308473969760165, "mean_loss": 0.0032520294189453125, "std_loss": 0.0032024383544921875, "guidance_scale": 1, "inv_time": 2.8610011649131777, "prompt": "zoey deutch with white bra portrait | | realistic shaded, unpleasant face, bad looking, fine details, realistic shaded lighting poster by greg rutkowski, magali villeneuve, artgerm, jeremy lipkin and michael garmash and rob rey", "mean_memory_usage": 2.621091842651367, "decoder lr": 0.005, "_wandb": {"runtime": 689}}