{"Table": {"_type": "table-file", "sha256": "e3f52f05139b96d0fa2fac2b3c3193238d92858285d66ec7bf24b8d8c51c38f8", "size": 2068, "artifact_path": "wandb-client-artifact://zx3yc24uarqq8vnwl3q794dzq9o8sexbn4323k2a0cc9yc4msewcyzxbi1lki2yk1g7708lqmuyj9a03chh5stf6wi5nuxk1pxsnofy8k2u4rwxkzs0guyzmelvurc7u:latest/Table.table.json", "_latest_artifact_path": "wandb-client-artifact://zx3yc24uarqq8vnwl3q794dzq9o8sexbn4323k2a0cc9yc4msewcyzxbi1lki2yk1g7708lqmuyj9a03chh5stf6wi5nuxk1pxsnofy8k2u4rwxkzs0guyzmelvurc7u:latest/Table.table.json", "path": "media/table/Table_0_e3f52f05139b96d0fa2f.table.json", "ncols": 13, "nrows": 10}, "_timestamp": 1711620333.7928617, "_runtime": 852.8464126586914, "_step": 1, "mean_T0T": -3.5419955863135715, "std_T0T": 0.1633221084269518, "mean_0T0": -20.01078771567918, "std_0T0": 0.008160534976077195, "mean_middle": -6.508589131926562, "std_middle": 0.06408416159898744, "mean_loss": 0.05949830263853073, "std_loss": 0.009010097943246365, "guidance_scale": 1, "inv_time": 83.87497785091401, "_wandb": {"runtime": 852}}