{"Table": {"_type": "table-file", "sha256": "3224ba98f07c2b4b6c3cc44dc93d247249fc880f113d4c392092adabcddf0911", "size": 44216, "artifact_path": "wandb-client-artifact://o4raamnumqwt2c69ilwq17irr2dqqf7j5lymd8jsfryae0g1ni07rdplyar5naf5rjgxh1hsdkia58jimxvrgkzs1mkgtadaqmvgvvu1jzxho90nyix57qr38z1zv0fj:latest/Table.table.json", "_latest_artifact_path": "wandb-client-artifact://o4raamnumqwt2c69ilwq17irr2dqqf7j5lymd8jsfryae0g1ni07rdplyar5naf5rjgxh1hsdkia58jimxvrgkzs1mkgtadaqmvgvvu1jzxho90nyix57qr38z1zv0fj:latest/Table.table.json", "path": "media/table/Table_0_3224ba98f07c2b4b6c3c.table.json", "ncols": 15, "nrows": 100}, "_timestamp": 1713557854.376787, "_runtime": 1861.5750980377197, "_step": 1, "mean_T0T": -9.188328332648457, "std_T0T": 0.05569567313064635, "mean_0T0": -20.83635831340244, "std_0T0": 0.007134418538389545, "mean_middle": -11.187446545404994, "std_middle": 0.06503540651705116, "mean_loss": 0.002682739170268178, "std_loss": 0.003317760769277811, "guidance_scale": 1, "inv_time": 9.812249231338502, "prompt": "zoey deutch with white bra portrait | | realistic shaded, unpleasant face, bad looking, fine details, realistic shaded lighting poster by greg rutkowski, magali villeneuve, artgerm, jeremy lipkin and michael garmash and rob rey", "mean_memory_usage": 0.6010441780090332, "decoder lr": 0.1, "_wandb": {"runtime": 1860}}