{"Table": {"_type": "table-file", "sha256": "056f215b80b7e8afaed066d6a5deb10483db8a24023d6f08714c55099d7ab644", "size": 2100, "artifact_path": "wandb-client-artifact://vcja2twoyg41kaedygu5132unzo5q4mv65dyyhtgzjklp58b9z116mmb0z5t5b1u40bgcmpn5sxt9ovd0dehu8t2xwg1bb33mz9ge56uht6pqa15xik12yc93glwuu79:latest/Table.table.json", "_latest_artifact_path": "wandb-client-artifact://vcja2twoyg41kaedygu5132unzo5q4mv65dyyhtgzjklp58b9z116mmb0z5t5b1u40bgcmpn5sxt9ovd0dehu8t2xwg1bb33mz9ge56uht6pqa15xik12yc93glwuu79:latest/Table.table.json", "path": "media/table/Table_0_056f215b80b7e8afaed0.table.json", "ncols": 13, "nrows": 10}, "_timestamp": 1711011272.726938, "_runtime": 1051.4780459403992, "_step": 1, "mean_T0T": -7.017605923585454, "std_T0T": 3.2825172400829374, "mean_0T0": -24.99346925014903, "std_0T0": 4.765353072244442, "mean_middle": -11.035880476484209, "std_middle": 3.599504771215955, "mean_loss": -28.34580145152693, "std_loss": 1.6359817171816518, "guidance_scale": 1, "inv_time": 103.70859069824219, "_wandb": {"runtime": 1050}}