{"Table": {"_type": "table-file", "sha256": "76ade05c98849b241edcfbcd8f550c9da8fdea8f9fb423d38a0fde6663d79498", "size": 42869, "artifact_path": "wandb-client-artifact://3b3j4qrkaat582q5264jm877jtlfbbaef8bq6cu2rpkda4rdmuilewqsrcqu3pc2cpqb1zghmbaus0bvwz670burcwy0gby0uwti7mgohvqd4lxdvthyancui7m933j3:latest/Table.table.json", "_latest_artifact_path": "wandb-client-artifact://3b3j4qrkaat582q5264jm877jtlfbbaef8bq6cu2rpkda4rdmuilewqsrcqu3pc2cpqb1zghmbaus0bvwz670burcwy0gby0uwti7mgohvqd4lxdvthyancui7m933j3:latest/Table.table.json", "path": "media/table/Table_0_76ade05c98849b241edc.table.json", "ncols": 15, "nrows": 100}, "_timestamp": 1715649656.1821003, "_runtime": 1799.9324262142181, "_step": 1, "mean_T0T": -1.1964736936758638, "std_T0T": 0.11418473153270343, "mean_0T0": 2.6525824621084064, "std_0T0": 0.5414066742840198, "mean_middle": -15.520069618691148, "std_middle": 0.02466135235820988, "mean_loss": 6.55859375, "std_loss": 0.67578125, "guidance_scale": 1, "inv_time": 16.795839939117432, "prompt": "zoey deutch with white bra portrait | | realistic shaded, unpleasant face, bad looking, fine details, realistic shaded lighting poster by greg rutkowski, magali villeneuve, artgerm, jeremy lipkin and michael garmash and rob rey", "mean_memory_usage": 3.286184310913086, "decoder lr": 0.02, "_wandb": {"runtime": 1799}}