{"Table": {"_type": "table-file", "sha256": "29c34654e7878326a92ac08107a902bf5c07970e448c6e7a5b2be2673e68ff13", "size": 2106, "artifact_path": "wandb-client-artifact://ou6y1gmuynfn1cdhmwtwtaog6d4vbkfffsjt9f5y58ktc3e25b1g66a591uxj9jgjlp7ng7uv5v9h5hqjpdit8oe99dzoa0nodcc8eo43jbn869y9yxalb8i9qv3q1o6:latest/Table.table.json", "_latest_artifact_path": "wandb-client-artifact://ou6y1gmuynfn1cdhmwtwtaog6d4vbkfffsjt9f5y58ktc3e25b1g66a591uxj9jgjlp7ng7uv5v9h5hqjpdit8oe99dzoa0nodcc8eo43jbn869y9yxalb8i9qv3q1o6:latest/Table.table.json", "path": "media/table/Table_0_29c34654e7878326a92a.table.json", "ncols": 13, "nrows": 10}, "_timestamp": 1711631010.5705738, "_runtime": 1072.76132273674, "_step": 1, "mean_T0T": -3.5232332326589564, "std_T0T": 0.1638643979620524, "mean_0T0": -20.016875129997594, "std_0T0": 0.008157801645078264, "mean_middle": -6.508512130265855, "std_middle": 0.06408329064918543, "mean_loss": 2.693823489607894e-06, "std_loss": 6.876603492855793e-06, "guidance_scale": 1, "inv_time": 105.86095335483552, "_wandb": {"runtime": 1072}}