{"Table": {"_type": "table-file", "sha256": "96f048136b2067c763cdea80277d49d98a318b44063d9fbd652b6630d1bfe321", "size": 2107, "artifact_path": "wandb-client-artifact://xsm89m06aqg7z55ngbyncrb5z65kl5n6ncq7iwk2lgvkht07k85mti7n4gl8lfzu9bxhnhhg89yzn80i8accmxcinhadfitui586p81b61hfuajsjbucn00lejmkls7s:latest/Table.table.json", "_latest_artifact_path": "wandb-client-artifact://xsm89m06aqg7z55ngbyncrb5z65kl5n6ncq7iwk2lgvkht07k85mti7n4gl8lfzu9bxhnhhg89yzn80i8accmxcinhadfitui586p81b61hfuajsjbucn00lejmkls7s:latest/Table.table.json", "path": "media/table/Table_0_96f048136b2067c763cd.table.json", "ncols": 13, "nrows": 10}, "_timestamp": 1711388215.3387282, "_runtime": 1008.1170151233673, "_step": 1, "mean_T0T": -7.3779349627659085, "std_T0T": 0.14204486368482908, "mean_0T0": -23.19379224015297, "std_0T0": 0.005386431788488125, "mean_middle": -13.036532373183672, "std_middle": 0.03111904829686547, "mean_loss": 0.001040149014443159, "std_loss": 0.0013307634508237243, "guidance_scale": 1, "inv_time": 99.28251280784608, "_wandb": {"runtime": 1007}}