{"Table": {"_type": "table-file", "sha256": "ba5d419bb5f4dba971fea16e9cff6aa43a9a8fe9e18635c88a12b7616ffb2489", "size": 43632, "artifact_path": "wandb-client-artifact://4iszvbzwr1tct0s39z9uc9ssh1brhzu6o4xz3naokr38yiyw9aq7uipnhlyhthxvd7ku8qzvgp6qbk4pc4ue6hc4kp8h3fh7dr7tmrejwkf2qbsyh6e3yrpflwr5lvmc:latest/Table.table.json", "_latest_artifact_path": "wandb-client-artifact://4iszvbzwr1tct0s39z9uc9ssh1brhzu6o4xz3naokr38yiyw9aq7uipnhlyhthxvd7ku8qzvgp6qbk4pc4ue6hc4kp8h3fh7dr7tmrejwkf2qbsyh6e3yrpflwr5lvmc:latest/Table.table.json", "path": "media/table/Table_0_ba5d419bb5f4dba971fe.table.json", "ncols": 15, "nrows": 100}, "_timestamp": 1713776431.4734452, "_runtime": 1040.5568680763245, "_step": 1, "mean_T0T": -2.8730009333222895, "std_T0T": 0.1536886194511516, "mean_0T0": -3.091429619072768, "std_0T0": 0.12775804817971678, "mean_middle": -0.9567037522818798, "std_middle": 0.21909715864923243, "mean_loss": 0.001895904541015625, "std_loss": 0.002391815185546875, "guidance_scale": 1, "inv_time": 6.510392701625824, "prompt": "zoey deutch with white bra portrait | | realistic shaded, unpleasant face, bad looking, fine details, realistic shaded lighting poster by greg rutkowski, magali villeneuve, artgerm, jeremy lipkin and michael garmash and rob rey", "mean_memory_usage": 8.374094638824463, "decoder lr": 0.1, "_wandb": {"runtime": 1039}}