{"Table": {"_type": "table-file", "sha256": "e41b60a7296bcbcd64e38456615edd1ecdfe9045113d456ad94e5f1e0d1bf127", "size": 2129, "artifact_path": "wandb-client-artifact://bana5tdu51uhnhs2qqgnm6v7gnt31f1l52swkefsaf9inblznv3zwwsvryp9e2534vmnrg433nr3n8hjlvoqg82pimqmkr2ogahey1fi8enghkxgs1oy9vw1maiyhwn5:latest/Table.table.json", "_latest_artifact_path": "wandb-client-artifact://bana5tdu51uhnhs2qqgnm6v7gnt31f1l52swkefsaf9inblznv3zwwsvryp9e2534vmnrg433nr3n8hjlvoqg82pimqmkr2ogahey1fi8enghkxgs1oy9vw1maiyhwn5:latest/Table.table.json", "path": "media/table/Table_0_e41b60a7296bcbcd64e3.table.json", "ncols": 13, "nrows": 10}, "_timestamp": 1711098165.2490964, "_runtime": 2946.332305431366, "_step": 1, "mean_T0T": -9.469303072320672, "std_T0T": 0.09480579186779445, "mean_0T0": -35.23538834746842, "std_0T0": 0.0003995260881971639, "mean_middle": -16.84028280542575, "std_middle": 0.011743727748060095, "mean_loss": 5.9334612160455436e-05, "std_loss": 9.154361760010943e-05, "guidance_scale": 1, "inv_time": 293.178013253212, "_wandb": {"runtime": 2945}}