{"Table": {"_type": "table-file", "sha256": "1fd46fe0f1459bd626a523e12d2b1713a813a6bc6f48a2a23248eb57b50b9525", "size": 2116, "artifact_path": "wandb-client-artifact://nsdk8scae1lp4479ghvpm23ahaegr3kkbf8dwkkejxe74nr7k1a2vjx3hhin5hiu4012gkg9zwg4s3morz5kzcrauccn07mdj5ml2sfsv9wbfceugfwyxy6g58ba3ybc:latest/Table.table.json", "_latest_artifact_path": "wandb-client-artifact://nsdk8scae1lp4479ghvpm23ahaegr3kkbf8dwkkejxe74nr7k1a2vjx3hhin5hiu4012gkg9zwg4s3morz5kzcrauccn07mdj5ml2sfsv9wbfceugfwyxy6g58ba3ybc:latest/Table.table.json", "path": "media/table/Table_0_1fd46fe0f1459bd626a5.table.json", "ncols": 13, "nrows": 10}, "_timestamp": 1710915108.6229634, "_runtime": 3535.6503734588623, "_step": 1, "mean_T0T": -28.848582997643955, "std_T0T": 13.613642041313675, "mean_0T0": -76.39701550741839, "std_0T0": 14.737701239810836, "mean_middle": -33.006490303758646, "std_middle": 9.630302666472774, "mean_loss": -91.20681706625076, "std_loss": 15.869173674646367, "guidance_scale": 1, "inv_time": 352.1081993341446, "_wandb": {"runtime": 3535}}