{"Table": {"_type": "table-file", "sha256": "1c3af7e80b0ca9918724dd739577d5d5cc8bd7a9c69a8e91398092029dc9b192", "size": 44193, "artifact_path": "wandb-client-artifact://1uiew4nuchkyz1icg3e0g8ha66asnq5zrpzp069wqq57dt6chkjy64sc2xwa566avpavpfjbfdqx0y7pzx8mc6dqbaqywsdpbwe5m3qhrp8jwk8vif81dlos1ba5zrln:latest/Table.table.json", "_latest_artifact_path": "wandb-client-artifact://1uiew4nuchkyz1icg3e0g8ha66asnq5zrpzp069wqq57dt6chkjy64sc2xwa566avpavpfjbfdqx0y7pzx8mc6dqbaqywsdpbwe5m3qhrp8jwk8vif81dlos1ba5zrln:latest/Table.table.json", "path": "media/table/Table_0_1c3af7e80b0ca9918724.table.json", "ncols": 15, "nrows": 100}, "_timestamp": 1714030665.81184, "_runtime": 727.1408791542053, "_step": 1, "mean_T0T": -8.123214810015899, "std_T0T": 0.1010767349232941, "mean_0T0": -24.240502662339654, "std_0T0": 0.004691392758989104, "mean_middle": -15.04950919220514, "std_middle": 0.024618535181135014, "mean_loss": 0.0035552978515625, "std_loss": 0.00539398193359375, "guidance_scale": 1, "inv_time": 3.2631447315216064, "prompt": "zoey deutch with white bra portrait | | realistic shaded, unpleasant face, bad looking, fine details, realistic shaded lighting poster by greg rutkowski, magali villeneuve, artgerm, jeremy lipkin and michael garmash and rob rey", "mean_memory_usage": 2.6314144134521484, "decoder lr": 0.05, "_wandb": {"runtime": 726}}