{"Table": {"_type": "table-file", "sha256": "4a6c669650fa21cc11bd9e6adaa222da112f248e3e9570670de8b17d07b5aa09", "size": 44253, "artifact_path": "wandb-client-artifact://0ajtpd0iachc26omg5yyvi2f1r9xolir13aye40vr6s7jmm77uflranb06099wtuagmdruu5bp8yv7yk8ofi8vkhcjamp7k0z62pw2177vmw81vil9nlt4qx815pyxur:latest/Table.table.json", "_latest_artifact_path": "wandb-client-artifact://0ajtpd0iachc26omg5yyvi2f1r9xolir13aye40vr6s7jmm77uflranb06099wtuagmdruu5bp8yv7yk8ofi8vkhcjamp7k0z62pw2177vmw81vil9nlt4qx815pyxur:latest/Table.table.json", "path": "media/table/Table_0_4a6c669650fa21cc11bd.table.json", "ncols": 15, "nrows": 100}, "_timestamp": 1713778994.3655255, "_runtime": 586.6342885494232, "_step": 1, "mean_T0T": -8.22266986703428, "std_T0T": 0.10567607904844269, "mean_0T0": -24.77144414071567, "std_0T0": 0.004261023144451034, "mean_middle": -15.52589080840024, "std_middle": 0.024283392752651473, "mean_loss": 0.0032711029052734375, "std_loss": 0.003528594970703125, "guidance_scale": 1, "inv_time": 2.0413313031196596, "prompt": "zoey deutch with white bra portrait | | realistic shaded, unpleasant face, bad looking, fine details, realistic shaded lighting poster by greg rutkowski, magali villeneuve, artgerm, jeremy lipkin and michael garmash and rob rey", "mean_memory_usage": 2.6314754486083984, "decoder lr": 0.01, "_wandb": {"runtime": 585}}