{"Table": {"_type": "table-file", "sha256": "0c5404de72c7526c306a52a9a904bed04d1b95013b6c61006276328c650224aa", "size": 2125, "artifact_path": "wandb-client-artifact://86b9r0smzmoohp8yjud5s2dnu3f2pwh36t6060ulby4f4tg4cnf7dkgk7v8br9tzf57ysq92tug667r4xxyla25hlzf1ymfqa6je0l8n2fc8ge6vk07yedvw3bu6101m:latest/Table.table.json", "_latest_artifact_path": "wandb-client-artifact://86b9r0smzmoohp8yjud5s2dnu3f2pwh36t6060ulby4f4tg4cnf7dkgk7v8br9tzf57ysq92tug667r4xxyla25hlzf1ymfqa6je0l8n2fc8ge6vk07yedvw3bu6101m:latest/Table.table.json", "path": "media/table/Table_0_0c5404de72c7526c306a.table.json", "ncols": 13, "nrows": 10}, "_timestamp": 1711370679.7605348, "_runtime": 3754.3310086727142, "_step": 1, "mean_T0T": -10.225570800133127, "std_T0T": 0.08511430238343735, "mean_0T0": -28.50326613084674, "std_0T0": 0.0016871151839712706, "mean_middle": -17.344074552710307, "std_middle": 0.010590863317429516, "mean_loss": 0.00036227478994987905, "std_loss": 0.00037367286859080195, "guidance_scale": 1, "inv_time": 373.97390990257264, "_wandb": {"runtime": 3753}}