{"Table": {"_type": "table-file", "sha256": "3b37e12e5c1e68a00dcc7a36ec861ea153027d62ae4fcc94a635dc2e57fd8763", "size": 2123, "artifact_path": "wandb-client-artifact://qy44j82jw9zpqzkcpxxf8xi3ngsg33p2n9yy7zm1j2jyzh0xbrmdpqglfut3vr5gjde63pkt2va79i5cqc57rh3bg2qhflcb7l6hccejb45ghnft3aagza0gbdkbhr3l:latest/Table.table.json", "_latest_artifact_path": "wandb-client-artifact://qy44j82jw9zpqzkcpxxf8xi3ngsg33p2n9yy7zm1j2jyzh0xbrmdpqglfut3vr5gjde63pkt2va79i5cqc57rh3bg2qhflcb7l6hccejb45ghnft3aagza0gbdkbhr3l:latest/Table.table.json", "path": "media/table/Table_0_3b37e12e5c1e68a00dcc.table.json", "ncols": 13, "nrows": 10}, "_timestamp": 1711095191.9563243, "_runtime": 1518.971557378769, "_step": 1, "mean_T0T": -6.835469036015031, "std_T0T": 0.13940745936500779, "mean_0T0": -28.99004349837987, "std_0T0": 0.0015585393397062777, "mean_middle": -13.001677810364313, "std_middle": 0.024498380020953302, "mean_loss": 0.0002576804836280644, "std_loss": 0.0003731603501364589, "guidance_scale": 1, "inv_time": 150.45490617752074, "_wandb": {"runtime": 1518}}