{"Table": {"_type": "table-file", "sha256": "6f0fcfbf52ca34bf3bba0b46ee9a5e794ccdd6564e35ac6f3a14a003763cfe86", "size": 2119, "artifact_path": "wandb-client-artifact://8zmfd9hztw7120c15ti8tkaelndvjo48xn51fk311wvwh1y8hkj28yxcxh5j5m71i1jkytsr7gtyq3wd2t7k0045ewr0qbrra2caf9hk7y5lnpeh1641fc856ohtzocv:latest/Table.table.json", "_latest_artifact_path": "wandb-client-artifact://8zmfd9hztw7120c15ti8tkaelndvjo48xn51fk311wvwh1y8hkj28yxcxh5j5m71i1jkytsr7gtyq3wd2t7k0045ewr0qbrra2caf9hk7y5lnpeh1641fc856ohtzocv:latest/Table.table.json", "path": "media/table/Table_0_6f0fcfbf52ca34bf3bba.table.json", "ncols": 13, "nrows": 10}, "_timestamp": 1710911549.9007554, "_runtime": 3143.895308494568, "_step": 1, "mean_T0T": -27.223476930274096, "std_T0T": 12.693474793720657, "mean_0T0": -75.4599766198274, "std_0T0": 14.471932735474214, "mean_middle": -32.99830004022387, "std_middle": 9.610972361546695, "mean_loss": -90.7807003523309, "std_loss": 14.695505207224736, "guidance_scale": 1, "inv_time": 312.87719347476957, "_wandb": {"runtime": 3143}}