{"Table": {"_type": "table-file", "sha256": "64831a4f4da1e2fab3e16d0651ec3723e3b30159dfcf9b4beba878c221f8bab6", "size": 47084, "artifact_path": "wandb-client-artifact://nxexmhbuf4rh450z17znpehqp6wz262z15piz7j5c0df013o1sel9df8cdfr7rm6gw03agn7t75zs76oy9jqvvxqhvfj5byf8y6f158svat3nudvqq62mc0fry1rk1fz:latest/Table.table.json", "_latest_artifact_path": "wandb-client-artifact://nxexmhbuf4rh450z17znpehqp6wz262z15piz7j5c0df013o1sel9df8cdfr7rm6gw03agn7t75zs76oy9jqvvxqhvfj5byf8y6f158svat3nudvqq62mc0fry1rk1fz:latest/Table.table.json", "path": "media/table/Table_0_64831a4f4da1e2fab3e1.table.json", "ncols": 17, "nrows": 100}, "_timestamp": 1715668336.7498176, "_runtime": 1297.6870865821838, "_step": 1, "mean_T0T": -1.1592595788044282, "std_T0T": 0.1143920253525017, "mean_0T0": 2.6373826715581123, "std_0T0": 0.5400456220987808, "mean_middle": -15.066943350191664, "std_middle": 0.024875126841313613, "mean_loss": 6.53515625, "std_loss": 0.67431640625, "guidance_scale": 1, "inv_time": 12.112958924770355, "prompt": "zoey deutch with white bra portrait | | realistic shaded, unpleasant face, bad looking, fine details, realistic shaded lighting poster by greg rutkowski, magali villeneuve, artgerm, jeremy lipkin and michael garmash and rob rey", "mean_memory_usage": 2.63254451751709, "decoder lr": 0.02, "_wandb": {"runtime": 1297}}