{"Table": {"_type": "table-file", "sha256": "571a7a71084c7f7091734ea546cd92b96641f368c0ce89d7687e2187bbd40366", "size": 42789, "artifact_path": "wandb-client-artifact://0o8owblz1j9t0f7us666y79aqmn5fpp868e2kao03cqczw1m34acy25kw8v43jku8wfvjbdal0xo9uh6n3hcou2db69j3hqmf4b677plr8h81d61dygqlabk1bdkk3ay:latest/Table.table.json", "_latest_artifact_path": "wandb-client-artifact://0o8owblz1j9t0f7us666y79aqmn5fpp868e2kao03cqczw1m34acy25kw8v43jku8wfvjbdal0xo9uh6n3hcou2db69j3hqmf4b677plr8h81d61dygqlabk1bdkk3ay:latest/Table.table.json", "path": "media/table/Table_0_571a7a71084c7f709173.table.json", "ncols": 15, "nrows": 100}, "_timestamp": 1715640325.586497, "_runtime": 944.9545509815216, "_step": 1, "mean_T0T": -1.1718723104411863, "std_T0T": 0.11451477196801453, "mean_0T0": 2.6315353436673328, "std_0T0": 0.5394309435824757, "mean_middle": -15.12193436421385, "std_middle": 0.02452646302074244, "mean_loss": 6.52734375, "std_loss": 0.673828125, "guidance_scale": 1, "inv_time": 8.254961214065553, "prompt": "zoey deutch with white bra portrait | | realistic shaded, unpleasant face, bad looking, fine details, realistic shaded lighting poster by greg rutkowski, magali villeneuve, artgerm, jeremy lipkin and michael garmash and rob rey", "mean_memory_usage": 3.286184310913086, "decoder lr": 0.02, "_wandb": {"runtime": 944}}