{"Table": {"_type": "table-file", "sha256": "beef4a0afa4834c803e5d28fb68b3265a042cb2555a2d77c0890066a3bb319e8", "size": 2109, "artifact_path": "wandb-client-artifact://8tvqnioaqiarjr72r0xaazlnctpmd6hcy71zkif9dvrtbr4nifbkk1kjndgiwvxmpiuqv1729r30ik6z2s5tlqvntwoi0y07q5eedbq11zxqk5diue7aaxru3rxt17m3:latest/Table.table.json", "_latest_artifact_path": "wandb-client-artifact://8tvqnioaqiarjr72r0xaazlnctpmd6hcy71zkif9dvrtbr4nifbkk1kjndgiwvxmpiuqv1729r30ik6z2s5tlqvntwoi0y07q5eedbq11zxqk5diue7aaxru3rxt17m3:latest/Table.table.json", "path": "media/table/Table_0_beef4a0afa4834c803e5.table.json", "ncols": 13, "nrows": 10}, "_timestamp": 1711014383.8840568, "_runtime": 1690.921413898468, "_step": 1, "mean_T0T": -8.874600512815075, "std_T0T": 3.5265325568071253, "mean_0T0": -25.512379634285146, "std_0T0": 5.125833394258936, "mean_middle": -14.333775118409795, "std_middle": 4.180304183556175, "mean_loss": -27.432674146082064, "std_loss": 2.3294666053733954, "guidance_scale": 1, "inv_time": 167.64418756961823, "_wandb": {"runtime": 1690}}