{"Table": {"_type": "table-file", "sha256": "0831686e46badcf03d9b9f321cdccb5afc6ea4dce9c18c8c1b6013c26bdb4173", "size": 44043, "artifact_path": "wandb-client-artifact://6gn5hv5yrr2vdh0iucbk75vphksr7xunokfoxdnr5hckl90p8o95500m2db8v4oddl6ltfzhgj9g1ca30p65kciox761604d04d7bycw1gy7kjq68fojpcc4qq8rhqbj:latest/Table.table.json", "_latest_artifact_path": "wandb-client-artifact://6gn5hv5yrr2vdh0iucbk75vphksr7xunokfoxdnr5hckl90p8o95500m2db8v4oddl6ltfzhgj9g1ca30p65kciox761604d04d7bycw1gy7kjq68fojpcc4qq8rhqbj:latest/Table.table.json", "path": "media/table/Table_0_0831686e46badcf03d9b.table.json", "ncols": 15, "nrows": 100}, "_timestamp": 1713682807.200045, "_runtime": 1519.15456199646, "_step": 1, "mean_T0T": -6.132887511492253, "std_T0T": 0.07557687253041202, "mean_0T0": -9.334577920403074, "std_0T0": 0.04336517277443673, "mean_middle": -5.235526147805379, "std_middle": 0.08330351703373497, "mean_loss": 0.002895598066970706, "std_loss": 0.003897113958373666, "guidance_scale": 1, "inv_time": 6.235668985843659, "prompt": "zoey deutch with white bra portrait | | realistic shaded, unpleasant face, bad looking, fine details, realistic shaded lighting poster by greg rutkowski, magali villeneuve, artgerm, jeremy lipkin and michael garmash and rob rey", "mean_memory_usage": 10.032999286651611, "decoder lr": 0.05, "_wandb": {"runtime": 1518}}