{"Table": {"_type": "table-file", "sha256": "21884c0720a6f7f2f7ee0f7a1c5d9f29bffcc6cde12f1b304fe818c168eeb08a", "size": 42673, "artifact_path": "wandb-client-artifact://9lfhjpih6bokwdgtuxml9h5k2x3ivrht0sz85cng77rgwldr2hzwvds109n3raiunvkd4u3hbwemzhg6c7bdq008fawkz4ntubn65bmema3l8vbtu1iocph9r3zhmuc1:latest/Table.table.json", "_latest_artifact_path": "wandb-client-artifact://9lfhjpih6bokwdgtuxml9h5k2x3ivrht0sz85cng77rgwldr2hzwvds109n3raiunvkd4u3hbwemzhg6c7bdq008fawkz4ntubn65bmema3l8vbtu1iocph9r3zhmuc1:latest/Table.table.json", "path": "media/table/Table_0_21884c0720a6f7f2f7ee.table.json", "ncols": 15, "nrows": 100}, "_timestamp": 1715634992.4780464, "_runtime": 736.25212931633, "_step": 1, "mean_T0T": -1.1071465773381723, "std_T0T": 0.11391141387800793, "mean_0T0": 2.6694715575419665, "std_0T0": 0.5384563362709971, "mean_middle": -14.883768533271802, "std_middle": 0.02445865027224436, "mean_loss": 6.60546875, "std_loss": 0.67919921875, "guidance_scale": 1, "inv_time": 6.167541704177856, "prompt": "zoey deutch with white bra portrait | | realistic shaded, unpleasant face, bad looking, fine details, realistic shaded lighting poster by greg rutkowski, magali villeneuve, artgerm, jeremy lipkin and michael garmash and rob rey", "mean_memory_usage": 8.381062717437745, "decoder lr": 0.02, "_wandb": {"runtime": 735}}