{"Table": {"_type": "table-file", "sha256": "b9e1f1fd2d49b6615b3e6ad9f4cc18acf0af7beca885819d4150b8bf41eb91a7", "size": 43966, "artifact_path": "wandb-client-artifact://eadx4iw00x1jwxviwherqqnt59u2oyyvp1xa47zy4ypjqiz8hg4vr0k2yy703mjvpwepg5qca7mp35j960nqo8kfhjjxzkzhjglfurb8dsz3ksyus2ueomqgwijj41c2:latest/Table.table.json", "_latest_artifact_path": "wandb-client-artifact://eadx4iw00x1jwxviwherqqnt59u2oyyvp1xa47zy4ypjqiz8hg4vr0k2yy703mjvpwepg5qca7mp35j960nqo8kfhjjxzkzhjglfurb8dsz3ksyus2ueomqgwijj41c2:latest/Table.table.json", "path": "media/table/Table_0_b9e1f1fd2d49b6615b3e.table.json", "ncols": 15, "nrows": 100}, "_timestamp": 1713622177.9825776, "_runtime": 1860.0033175945282, "_step": 1, "mean_T0T": -7.593511894671111, "std_T0T": 0.055575765352791726, "mean_0T0": -4.347809887874467, "std_0T0": 0.12954865464239207, "mean_middle": -3.446801346047406, "std_middle": 0.1247249657600944, "mean_loss": 0.003287358209490776, "std_loss": 0.0041622621938586235, "guidance_scale": 1, "inv_time": 9.797853963375092, "prompt": "zoey deutch with white bra portrait | | realistic shaded, unpleasant face, bad looking, fine details, realistic shaded lighting poster by greg rutkowski, magali villeneuve, artgerm, jeremy lipkin and michael garmash and rob rey", "mean_memory_usage": 0.6010441780090332, "decoder lr": 0.01, "_wandb": {"runtime": 1859}}