{"Table": {"_type": "table-file", "sha256": "c9a3163e5770a1f5d9eaaee36bd5165418bad67c1901a8731e7431e4edff068d", "size": 2133, "artifact_path": "wandb-client-artifact://7yssbfpyid7l0gas7qrdxz7x6zenh26tyc0vbppheack8kmoojwviscjwweljliaj7m0n1u4dy74kvnul30rm4az7l4xcjhvc3vf4ecjzgcq5hetsg9x3c3zzq1tolq6:latest/Table.table.json", "_latest_artifact_path": "wandb-client-artifact://7yssbfpyid7l0gas7qrdxz7x6zenh26tyc0vbppheack8kmoojwviscjwweljliaj7m0n1u4dy74kvnul30rm4az7l4xcjhvc3vf4ecjzgcq5hetsg9x3c3zzq1tolq6:latest/Table.table.json", "path": "media/table/Table_0_c9a3163e5770a1f5d9ea.table.json", "ncols": 13, "nrows": 10}, "_timestamp": 1711072855.1678805, "_runtime": 2482.9283344745636, "_step": 1, "mean_T0T": -0.910153777057704, "std_T0T": 0.10033800676809274, "mean_0T0": -3.214288543191239, "std_0T0": 0.0010569338896980393, "mean_middle": -1.5682835994911664, "std_middle": 0.014616173939718358, "mean_loss": 0.0001312915119342506, "std_loss": 0.000272217090241611, "guidance_scale": 1, "inv_time": 246.80888051986693, "_wandb": {"runtime": 2482}}