{"Table": {"_type": "table-file", "sha256": "492df085fd6e8c5dee8377d9206bdc901e6dfc3ca68bc03a4c8a16b658fbb2fd", "size": 2087, "artifact_path": "wandb-client-artifact://z2ovu138s4bddamnssix5zwzpn1u9wye35u3qktpzij1v5i5wtwwuedhrukod9366fxsx5r80qjv45hlf8wu9e42rzma7fiwvik4uz167wn9xrtqt9gpqatx7re5iqx6:latest/Table.table.json", "_latest_artifact_path": "wandb-client-artifact://z2ovu138s4bddamnssix5zwzpn1u9wye35u3qktpzij1v5i5wtwwuedhrukod9366fxsx5r80qjv45hlf8wu9e42rzma7fiwvik4uz167wn9xrtqt9gpqatx7re5iqx6:latest/Table.table.json", "path": "media/table/Table_0_492df085fd6e8c5dee83.table.json", "ncols": 13, "nrows": 10}, "_timestamp": 1711629917.4740703, "_runtime": 999.5740942955017, "_step": 1, "mean_T0T": -3.527350345942413, "std_T0T": 0.16340483595257566, "mean_0T0": -20.010446241205607, "std_0T0": 0.008157791990715372, "mean_middle": -6.508633861738657, "std_middle": 0.06408460607718566, "mean_loss": 3.832651600532699e-06, "std_loss": 9.324587153969333e-06, "guidance_scale": 1, "inv_time": 98.55067625045777, "_wandb": {"runtime": 999}}