{"Table": {"_type": "table-file", "sha256": "69cd0ccbc11392a38c11eeb9fc92c886821f62fea8c8debf407cd02c9fb407c7", "size": 2068, "artifact_path": "wandb-client-artifact://d99r6o5a95yq22zgrj9wtpqwl1xm66p25qy3bf9oqosnok3kw5p3jxpuzbrqbnebc30tlwygdeyw0p6ifyahxj1yjltasmlpah9e94c1fbggwiz8evig1rwiv94atfzg:latest/Table.table.json", "_latest_artifact_path": "wandb-client-artifact://d99r6o5a95yq22zgrj9wtpqwl1xm66p25qy3bf9oqosnok3kw5p3jxpuzbrqbnebc30tlwygdeyw0p6ifyahxj1yjltasmlpah9e94c1fbggwiz8evig1rwiv94atfzg:latest/Table.table.json", "path": "media/table/Table_0_69cd0ccbc11392a38c11.table.json", "ncols": 13, "nrows": 10}, "_timestamp": 1711618659.513967, "_runtime": 705.3959879875183, "_step": 1, "mean_T0T": -3.5621335229929803, "std_T0T": 0.1606760128943621, "mean_0T0": -19.933089912260485, "std_0T0": 0.00818963144724681, "mean_middle": -6.5084002435744654, "std_middle": 0.06407874431368774, "mean_loss": 0.05955161899328232, "std_loss": 0.008922913111746311, "guidance_scale": 1, "inv_time": 69.08818612098693, "_wandb": {"runtime": 704}}