{"Table": {"_type": "table-file", "sha256": "9a17738b7b95782bd31a5afc3d2b273a0992d7ea4a15371f9a8c14d754c38e83", "size": 2080, "artifact_path": "wandb-client-artifact://47fyun0kozpfs1uezkn1ab4nu7fa2q153osemk6lwxt3i5kpu40hx02xd4fq5fq7y89rkxy6k0fm2gopdr9ihvpbtlgnbqf4qd0o65w7ge0f01lg1tuxdv5b6nsf5lgg:latest/Table.table.json", "_latest_artifact_path": "wandb-client-artifact://47fyun0kozpfs1uezkn1ab4nu7fa2q153osemk6lwxt3i5kpu40hx02xd4fq5fq7y89rkxy6k0fm2gopdr9ihvpbtlgnbqf4qd0o65w7ge0f01lg1tuxdv5b6nsf5lgg:latest/Table.table.json", "path": "media/table/Table_0_9a17738b7b95782bd31a.table.json", "ncols": 13, "nrows": 10}, "_timestamp": 1711009443.4071321, "_runtime": 411.2667531967163, "_step": 1, "mean_T0T": -4.166604274059705, "std_T0T": 1.6948274222680468, "mean_0T0": -20.76322560126739, "std_0T0": 3.819700979287106, "mean_middle": -6.666907115942527, "std_middle": 1.143569642213477, "mean_loss": -29.13171459158584, "std_loss": 1.8908371064321183, "guidance_scale": 1, "inv_time": 39.68025677204132, "_wandb": {"runtime": 410}}