{"Table": {"_type": "table-file", "sha256": "8698fda8442462263dc46681ae43c0996e48eb11b7bcf704b59037884a210794", "size": 2114, "artifact_path": "wandb-client-artifact://so06w1fmq60b5s6ojp18oxbail8ou9temmpdz6cjlwggmr1j0vkvdrxwyk7y1fs8ikabj579nwm304b1uovmuowecuq3727l71efxt6msp2vq99ss369fogohok7rz6k:latest/Table.table.json", "_latest_artifact_path": "wandb-client-artifact://so06w1fmq60b5s6ojp18oxbail8ou9temmpdz6cjlwggmr1j0vkvdrxwyk7y1fs8ikabj579nwm304b1uovmuowecuq3727l71efxt6msp2vq99ss369fogohok7rz6k:latest/Table.table.json", "path": "media/table/Table_0_8698fda8442462263dc4.table.json", "ncols": 13, "nrows": 10}, "_timestamp": 1711432294.9092903, "_runtime": 1621.464687347412, "_step": 1, "mean_T0T": -6.602825820649168, "std_T0T": 0.13074912195101562, "mean_0T0": -25.632038482505877, "std_0T0": 0.00321605142041866, "mean_middle": -11.284187859290348, "std_middle": 0.02941109055209413, "mean_loss": 0.0005097443936392665, "std_loss": 0.00059392029652372, "guidance_scale": 1, "inv_time": 160.5466199398041, "_wandb": {"runtime": 1620}}