{"Table": {"_type": "table-file", "sha256": "8d3d436ab983883ecb58dfc6ed8ede4f4198cb2ab4dbbfae791b55f737afd2b5", "size": 2134, "artifact_path": "wandb-client-artifact://0drpz3tvcjhp2efm6y9xss3u1swr6vnb3wqttpqle77ehx66cj92ritilee0dvitauvha6uw3ril52sxxm7wkqtsi5dgxzkmj91yxbmls5p9ohyyxr5ejejz9urg16hs:latest/Table.table.json", "_latest_artifact_path": "wandb-client-artifact://0drpz3tvcjhp2efm6y9xss3u1swr6vnb3wqttpqle77ehx66cj92ritilee0dvitauvha6uw3ril52sxxm7wkqtsi5dgxzkmj91yxbmls5p9ohyyxr5ejejz9urg16hs:latest/Table.table.json", "path": "media/table/Table_0_8d3d436ab983883ecb58.table.json", "ncols": 13, "nrows": 10}, "_timestamp": 1711009010.1731298, "_runtime": 2398.6316068172455, "_step": 1, "mean_T0T": -10.549150550336083, "std_T0T": 5.028118398581623, "mean_0T0": -35.99983842298151, "std_0T0": 4.419803735987429, "mean_middle": -16.65295213220366, "std_middle": 3.2167412102281943, "mean_loss": -42.65141929072063, "std_loss": 3.839369225286274, "guidance_scale": 1, "inv_time": 237.85951886177062, "_wandb": {"runtime": 2392}}