{"Table": {"_type": "table-file", "sha256": "f0a7ad72a4a57d966b17734d9131eff7a3d1f00add8ad30be5f6750e6dccab13", "size": 2135, "artifact_path": "wandb-client-artifact://j458cq5ler8rgzitbvgnk184dt5j0xyvcidbryx44lf69gnwfuetqu2xioksxccy197s7yxqbhyk2y9hv9hc3kspd53y5va4ruqs28h4zhi432wnm6jwiq5419jd0zau:latest/Table.table.json", "_latest_artifact_path": "wandb-client-artifact://j458cq5ler8rgzitbvgnk184dt5j0xyvcidbryx44lf69gnwfuetqu2xioksxccy197s7yxqbhyk2y9hv9hc3kspd53y5va4ruqs28h4zhi432wnm6jwiq5419jd0zau:latest/Table.table.json", "path": "media/table/Table_0_f0a7ad72a4a57d966b17.table.json", "ncols": 13, "nrows": 10}, "_timestamp": 1711044062.2045004, "_runtime": 2698.008207321167, "_step": 1, "mean_T0T": -0.8809031963965608, "std_T0T": 0.1113930220056207, "mean_0T0": -3.4439596534403636, "std_0T0": 0.00043974928395317696, "mean_middle": -1.6387903888832624, "std_middle": 0.013885164584346053, "mean_loss": 7.474736048607156e-05, "std_loss": 0.0001062751907738857, "guidance_scale": 1, "inv_time": 268.3589580535889, "_wandb": {"runtime": 2697}}