{"Table": {"_type": "table-file", "sha256": "792781f0139938278885501b29bd99ee58ab971727524d4c7f34a1f0045660ee", "size": 47025, "artifact_path": "wandb-client-artifact://dkdda1zyqcqjliwvfhb02qw3t9uaap51oop2svmgf8jfw1lnmfxofpc0js9scg41kjw26itfhhvmla5sfglnbkwlh6j98posxso1b9a9s6g1xa1xii2m053bjdrfm701:latest/Table.table.json", "_latest_artifact_path": "wandb-client-artifact://dkdda1zyqcqjliwvfhb02qw3t9uaap51oop2svmgf8jfw1lnmfxofpc0js9scg41kjw26itfhhvmla5sfglnbkwlh6j98posxso1b9a9s6g1xa1xii2m053bjdrfm701:latest/Table.table.json", "path": "media/table/Table_0_792781f0139938278885.table.json", "ncols": 17, "nrows": 100}, "_timestamp": 1715628071.05988, "_runtime": 4073.4612650871277, "_step": 1, "mean_T0T": -1.152119298128998, "std_T0T": 0.11431322718736006, "mean_0T0": 2.6670715804266583, "std_0T0": 0.5429826706448364, "mean_middle": -15.170050232698358, "std_middle": 0.02565217628051513, "mean_loss": 6.58984375, "std_loss": 0.67578125, "guidance_scale": 1, "inv_time": 39.88661316871643, "prompt": "zoey deutch with white bra portrait | | realistic shaded, unpleasant face, bad looking, fine details, realistic shaded lighting poster by greg rutkowski, magali villeneuve, artgerm, jeremy lipkin and michael garmash and rob rey", "mean_memory_usage": 2.6260061264038086, "decoder lr": 0.01, "_wandb": {"runtime": 4072}}