{"Table": {"_type": "table-file", "sha256": "4ee7a9fbca8091eee65222c7b297b83b454ebc15a5ac699868b3e2bda37e105a", "size": 2123, "artifact_path": "wandb-client-artifact://kfl6u1no9pac2qnj12rbykfyxptdqtzbmmnbj30uzytjowkzkcu2efgjta5te50f9qa8qbhejinlsb9ybwbepwhumrat616ze4tyvmwo7n5mbnyjysrvdihnbuywcv3v:latest/Table.table.json", "_latest_artifact_path": "wandb-client-artifact://kfl6u1no9pac2qnj12rbykfyxptdqtzbmmnbj30uzytjowkzkcu2efgjta5te50f9qa8qbhejinlsb9ybwbepwhumrat616ze4tyvmwo7n5mbnyjysrvdihnbuywcv3v:latest/Table.table.json", "path": "media/table/Table_0_4ee7a9fbca8091eee652.table.json", "ncols": 13, "nrows": 10}, "_timestamp": 1711360202.6528327, "_runtime": 3289.812421798706, "_step": 1, "mean_T0T": -10.775584015116033, "std_T0T": 0.07690795922415689, "mean_0T0": -30.487405799819975, "std_0T0": 0.0005804022657860111, "mean_middle": -17.04076235599168, "std_middle": 0.014557361032853834, "mean_loss": 0.00023407439584843814, "std_loss": 0.00020000635413452983, "guidance_scale": 1, "inv_time": 327.39921321868894, "_wandb": {"runtime": 3289}}