{"Table": {"_type": "table-file", "sha256": "ca8fb1b3aeba5e1bf81a1184f40c02d7341b91565feb33ed31fe856a490d9134", "size": 44153, "artifact_path": "wandb-client-artifact://jek71qxmfk46h6vqkkttbbrnerctgn0qrm9xqrjtxxgi6dcbcndk8ifwk2p19rlhtb59v5qkfr2kfl7m6dpzze0w0t1ur2rs7a14boer7c3je8um32q5x8tk16n8lzel:latest/Table.table.json", "_latest_artifact_path": "wandb-client-artifact://jek71qxmfk46h6vqkkttbbrnerctgn0qrm9xqrjtxxgi6dcbcndk8ifwk2p19rlhtb59v5qkfr2kfl7m6dpzze0w0t1ur2rs7a14boer7c3je8um32q5x8tk16n8lzel:latest/Table.table.json", "path": "media/table/Table_0_ca8fb1b3aeba5e1bf81a.table.json", "ncols": 15, "nrows": 100}, "_timestamp": 1713847654.1017747, "_runtime": 1059.996779680252, "_step": 1, "mean_T0T": -7.0924172241476615, "std_T0T": 0.13160061125067035, "mean_0T0": -25.641993199785258, "std_0T0": 0.005747275006442376, "mean_middle": -14.884081517720077, "std_middle": 0.025589449036455207, "mean_loss": 0.003887176513671875, "std_loss": 0.006824493408203125, "guidance_scale": 1, "inv_time": 6.606799981594086, "prompt": "zoey deutch with white bra portrait | | realistic shaded, unpleasant face, bad looking, fine details, realistic shaded lighting poster by greg rutkowski, magali villeneuve, artgerm, jeremy lipkin and michael garmash and rob rey", "mean_memory_usage": 8.37973337173462, "decoder lr": 0.1, "_wandb": {"runtime": 1059}}