{"Table": {"_type": "table-file", "sha256": "568dc6f029e69d4aab8749ea3a2f41a081a4d61d658b8e9c6f1155f80ef8efcf", "size": 43929, "artifact_path": "wandb-client-artifact://6eoeiyiikpcsdomhmyrhrj55w8efl0z6x0zbk9u9ce3439wcziha6rfqvbeoav3jpi5vgz9jl7yxk7d6ugw2pcs3w935po3zpm9u1vjeeds56z4ezu6t1y8bmax511gk:latest/Table.table.json", "_latest_artifact_path": "wandb-client-artifact://6eoeiyiikpcsdomhmyrhrj55w8efl0z6x0zbk9u9ce3439wcziha6rfqvbeoav3jpi5vgz9jl7yxk7d6ugw2pcs3w935po3zpm9u1vjeeds56z4ezu6t1y8bmax511gk:latest/Table.table.json", "path": "media/table/Table_0_568dc6f029e69d4aab87.table.json", "ncols": 15, "nrows": 100}, "_timestamp": 1713593117.1634023, "_runtime": 4109.360404253006, "_step": 1, "mean_T0T": -0.8143700055434743, "std_T0T": 0.17654655022917198, "mean_0T0": -16.78757383192265, "std_0T0": 0.013721296890242261, "mean_middle": 1.309392504171332, "std_middle": 0.3241154823044451, "mean_loss": 0.0011640964075922966, "std_loss": 0.0013040610356256366, "guidance_scale": 1, "inv_time": 32.1568608045578, "prompt": "zoey deutch with white bra portrait | | realistic shaded, unpleasant face, bad looking, fine details, realistic shaded lighting poster by greg rutkowski, magali villeneuve, artgerm, jeremy lipkin and michael garmash and rob rey", "mean_memory_usage": 5.838221020698548, "decoder lr": 0.2, "_wandb": {"runtime": 4108}}