{"Table": {"_type": "table-file", "sha256": "a6115ff9a56d4c1e40c6506dfa37d1a186c53d3f0653a5088c043004c48d7df0", "size": 2118, "artifact_path": "wandb-client-artifact://ilavylkhqlpxj1wd8qp6fljxshn2rxw6yhu059zlxfblnroo72c68wkrld2t5pbog0thap3pf0b9aqu9sdsnv0el4shrjv9rrof7m24tl8je1uhu3buw9btwqs9o332u:latest/Table.table.json", "_latest_artifact_path": "wandb-client-artifact://ilavylkhqlpxj1wd8qp6fljxshn2rxw6yhu059zlxfblnroo72c68wkrld2t5pbog0thap3pf0b9aqu9sdsnv0el4shrjv9rrof7m24tl8je1uhu3buw9btwqs9o332u:latest/Table.table.json", "path": "media/table/Table_0_a6115ff9a56d4c1e40c6.table.json", "ncols": 13, "nrows": 10}, "_timestamp": 1710945492.2408493, "_runtime": 2577.751643180847, "_step": 1, "mean_T0T": -24.29649555821299, "std_T0T": 12.489026413300643, "mean_0T0": -72.65938392858052, "std_0T0": 15.31112824877192, "mean_middle": -20.00364438684138, "std_middle": 5.087192402961611, "mean_loss": -87.03630230180866, "std_loss": 16.414840859056618, "guidance_scale": 1, "inv_time": 256.3078653097153, "_wandb": {"runtime": 2577}}