{"Table": {"_type": "table-file", "sha256": "b4daeb5cfb667fb527b28b5b6bbaa8597c94bcf06bc13d7095723468d8d677a1", "size": 1620, "artifact_path": "wandb-client-artifact://l24e3fqalc1yicdrz7bh52gxdrh5wwh5y558ve88hrnnlnkkdkqbin1rluuk43lsqg5slzof3wt5m1n27vgv2h420rqwtlkh3uomq51w615ohebrnjrnqq20y7ngg4d5:latest/Table.table.json", "_latest_artifact_path": "wandb-client-artifact://l24e3fqalc1yicdrz7bh52gxdrh5wwh5y558ve88hrnnlnkkdkqbin1rluuk43lsqg5slzof3wt5m1n27vgv2h420rqwtlkh3uomq51w615ohebrnjrnqq20y7ngg4d5:latest/Table.table.json", "path": "media/table/Table_0_b4daeb5cfb667fb527b2.table.json", "ncols": 11, "nrows": 10}, "_timestamp": 1710741031.2430358, "_runtime": 416.6733798980713, "_step": 1, "mean_T0T": 0.41146564547517117, "std_T0T": 0.14688901403014035, "mean_0T0": 0.01205282322193121, "std_0T0": 0.00985319611537832, "guidance_scale": 1, "inv_time": 40.220549774169925, "_wandb": {"runtime": 416}}