{"Table": {"_type": "table-file", "sha256": "95dd428eeb7eb6c2633af4312b288caec9cc7aaf8b9ade65c9e5c643523f80c1", "size": 44122, "artifact_path": "wandb-client-artifact://zsnznsgg1w5nndldrnv2gxcusdr09n3aqej4p6lhyz7apttydy5jetbtun074x8yr5e6a5lonl24svpgpu1o9klff2glruqx3e1v0flhl3sq95b2h4lmi11eqgp36nbw:latest/Table.table.json", "_latest_artifact_path": "wandb-client-artifact://zsnznsgg1w5nndldrnv2gxcusdr09n3aqej4p6lhyz7apttydy5jetbtun074x8yr5e6a5lonl24svpgpu1o9klff2glruqx3e1v0flhl3sq95b2h4lmi11eqgp36nbw:latest/Table.table.json", "path": "media/table/Table_0_95dd428eeb7eb6c2633a.table.json", "ncols": 15, "nrows": 100}, "_timestamp": 1713846442.4106188, "_runtime": 1070.0292518138885, "_step": 1, "mean_T0T": -6.165261139841044, "std_T0T": 0.15164396567204516, "mean_0T0": -25.871823736168764, "std_0T0": 0.003332338908714975, "mean_middle": -14.048991074562258, "std_middle": 0.028277153046100036, "mean_loss": 0.0033702850341796875, "std_loss": 0.0036373138427734375, "guidance_scale": 1, "inv_time": 6.638447887897492, "prompt": "zoey deutch with white bra portrait | | realistic shaded, unpleasant face, bad looking, fine details, realistic shaded lighting poster by greg rutkowski, magali villeneuve, artgerm, jeremy lipkin and michael garmash and rob rey", "mean_memory_usage": 8.381062717437745, "decoder lr": 0.2, "_wandb": {"runtime": 1069}}