{"Table": {"_type": "table-file", "sha256": "8841475e00f86d59b7f68c8d781c8c15cbf1ad3b74093adee5ace8c96ab6296b", "size": 47277, "artifact_path": "wandb-client-artifact://ngxcvccj1rk8d0bhm0o2s5zwwiie8vspngpfsaxzvvovursuq5d4onaymwxvrukosp8i9wnipxva6qyg8fu9rfhv9lxk48ue1lv3t24pe40b1n65v7wuz1js77x7n73d:latest/Table.table.json", "_latest_artifact_path": "wandb-client-artifact://ngxcvccj1rk8d0bhm0o2s5zwwiie8vspngpfsaxzvvovursuq5d4onaymwxvrukosp8i9wnipxva6qyg8fu9rfhv9lxk48ue1lv3t24pe40b1n65v7wuz1js77x7n73d:latest/Table.table.json", "path": "media/table/Table_0_8841475e00f86d59b7f6.table.json", "ncols": 17, "nrows": 100}, "_timestamp": 1715580165.2646232, "_runtime": 12073.673299074173, "_step": 1, "mean_T0T": -1.1512551360001482, "std_T0T": 0.11431234190525714, "mean_0T0": 2.6676330956291636, "std_0T0": 0.543047047937304, "mean_middle": -15.164268121214022, "std_middle": 0.025684309213061144, "mean_loss": 6.58984375, "std_loss": 0.67578125, "guidance_scale": 1, "inv_time": 119.83630226373673, "prompt": "zoey deutch with white bra portrait | | realistic shaded, unpleasant face, bad looking, fine details, realistic shaded lighting poster by greg rutkowski, magali villeneuve, artgerm, jeremy lipkin and michael garmash and rob rey", "mean_memory_usage": 2.64212703704834, "decoder lr": 0.01, "_wandb": {"runtime": 12073}}