{"Table": {"_type": "table-file", "sha256": "46611d704e56683b86d5fc6d229e685c8c994419046b4845a33f200cc53707f7", "size": 426, "artifact_path": "wandb-client-artifact://li040m6oy91uig03qvjj2p253j8jol8o7g9imb3vkw49jd14twzk8cm4dauvrwp8gn0gqsvfu3jmqou9aolbxzaxcxk6lgcs8bq1ik0nqd7pgwgfjq6i7ebuhpkmjmta:latest/Table.table.json", "_latest_artifact_path": "wandb-client-artifact://li040m6oy91uig03qvjj2p253j8jol8o7g9imb3vkw49jd14twzk8cm4dauvrwp8gn0gqsvfu3jmqou9aolbxzaxcxk6lgcs8bq1ik0nqd7pgwgfjq6i7ebuhpkmjmta:latest/Table.table.json", "path": "media/table/Table_0_46611d704e56683b86d5.table.json", "ncols": 13, "nrows": 1}, "_timestamp": 1710838416.2242286, "_runtime": 14.88116455078125, "_step": 1, "mean_T0T": -14.3223736896527, "std_T0T": 0.0, "mean_0T0": -30.756265170927733, "std_0T0": 0.0, "mean_middle": -12.211268953403225, "std_middle": 0.0, "mean_loss": -50.38804841667384, "std_loss": 0.0, "guidance_scale": 1, "inv_time": 8.38953971862793, "_wandb": {"runtime": 14}}