{"Table": {"_type": "table-file", "sha256": "ee53a2d5fda93675d71019d05ec82b67a4b3ac833548315d4ad566bdf29a1d8c", "size": 1844, "artifact_path": "wandb-client-artifact://kb55gwta8vx7k3l328h1o8unsa4rsvaavbcbsghsr5wmzw2etqt9ehlqa0f5x9w8mikmk6d9tud3ovlxytb6p2n7rmae3jop64r4wmxlfj9747t4a4l9xfnhgdh8u9qj:latest/Table.table.json", "_latest_artifact_path": "wandb-client-artifact://kb55gwta8vx7k3l328h1o8unsa4rsvaavbcbsghsr5wmzw2etqt9ehlqa0f5x9w8mikmk6d9tud3ovlxytb6p2n7rmae3jop64r4wmxlfj9747t4a4l9xfnhgdh8u9qj:latest/Table.table.json", "path": "media/table/Table_0_ee53a2d5fda93675d710.table.json", "ncols": 12, "nrows": 10}, "_timestamp": 1710834177.6383784, "_runtime": 264.19457244873047, "_step": 1, "mean_T0T": 0.44927123826077314, "std_T0T": 0.16057697710874677, "mean_0T0": 0.040003178681693806, "std_0T0": 0.03481354514704257, "mean_middle": 0.2188770075297608, "std_middle": 0.05243872160149262, "guidance_scale": 1, "inv_time": 24.985066223144532, "_wandb": {"runtime": 263}}