{"Table": {"_type": "table-file", "sha256": "290dc7b8d033d349d11efb44d8ef0dd025d72ee831fb1ab19c5535f1a1695393", "size": 44128, "artifact_path": "wandb-client-artifact://z6mvgl7nn84i2yoxuqtlls9pbrbtl2heimxl3p4clpuadncf029c1fuqecnpywvokyq5u4konw89u4t1pmufm9zs1zc1de8z4orwwixwz0k1nx6m0r9m57jalilcycdk:latest/Table.table.json", "_latest_artifact_path": "wandb-client-artifact://z6mvgl7nn84i2yoxuqtlls9pbrbtl2heimxl3p4clpuadncf029c1fuqecnpywvokyq5u4konw89u4t1pmufm9zs1zc1de8z4orwwixwz0k1nx6m0r9m57jalilcycdk:latest/Table.table.json", "path": "media/table/Table_0_290dc7b8d033d349d11e.table.json", "ncols": 15, "nrows": 100}, "_timestamp": 1713893098.688072, "_runtime": 3629.660055875778, "_step": 1, "mean_T0T": -8.699662446624627, "std_T0T": 0.10555376594268273, "mean_0T0": -26.791504977218814, "std_0T0": 0.0024085924861466644, "mean_middle": -15.835490184870856, "std_middle": 0.024333628140892103, "mean_loss": 0.0035610198974609375, "std_loss": 0.00484466552734375, "guidance_scale": 1, "inv_time": 32.3592053771019, "prompt": "zoey deutch with white bra portrait | | realistic shaded, unpleasant face, bad looking, fine details, realistic shaded lighting poster by greg rutkowski, magali villeneuve, artgerm, jeremy lipkin and michael garmash and rob rey", "mean_memory_usage": 8.370447177886962, "decoder lr": 0.01, "_wandb": {"runtime": 3628}}