{"Table": {"_type": "table-file", "sha256": "413d687ea6700cd0261753c4fbc7ab1e62fcb9b49851e984eee217b44b6f8fb5", "size": 43710, "artifact_path": "wandb-client-artifact://unsidmjfg1un37uw8j92t3lmyt4jxcj2t2fzin2ekzcrj3jh6tg7wf84p8kx0ecndq2520praoiz32ygy0o18ygmrjmttc3rsqvic39wjdtza5hkmlz69j3iqz9g47ks:latest/Table.table.json", "_latest_artifact_path": "wandb-client-artifact://unsidmjfg1un37uw8j92t3lmyt4jxcj2t2fzin2ekzcrj3jh6tg7wf84p8kx0ecndq2520praoiz32ygy0o18ygmrjmttc3rsqvic39wjdtza5hkmlz69j3iqz9g47ks:latest/Table.table.json", "path": "media/table/Table_0_413d687ea6700cd02617.table.json", "ncols": 15, "nrows": 100}, "_timestamp": 1713826118.1844802, "_runtime": 3621.5302691459656, "_step": 1, "mean_T0T": -2.142553372582427, "std_T0T": 0.14974773371074623, "mean_0T0": -2.958564329024187, "std_0T0": 0.17771546711869854, "mean_middle": 0.37725164898614716, "std_middle": 0.3976226245195661, "mean_loss": 0.001461029052734375, "std_loss": 0.0013370513916015625, "guidance_scale": 1, "inv_time": 31.975690615177154, "prompt": "zoey deutch with white bra portrait | | realistic shaded, unpleasant face, bad looking, fine details, realistic shaded lighting poster by greg rutkowski, magali villeneuve, artgerm, jeremy lipkin and michael garmash and rob rey", "mean_memory_usage": 8.374094638824463, "decoder lr": 0.05, "_wandb": {"runtime": 3620}}