{"Table": {"_type": "table-file", "sha256": "87d656831715dc485faaf4660d756d504ca0693f5a0e1bee3cc0378baec89831", "size": 1626, "artifact_path": "wandb-client-artifact://0l1al3mvzyeb2frqf75ju4vigh9mwytcha8iilgrc5423fi3oxm9dq9iwko4eld0fw1o4kbckpda1g2oyugccw4tabvo25piambp519o41rf7yaaarbg63pmuu7uvtzf:latest/Table.table.json", "_latest_artifact_path": "wandb-client-artifact://0l1al3mvzyeb2frqf75ju4vigh9mwytcha8iilgrc5423fi3oxm9dq9iwko4eld0fw1o4kbckpda1g2oyugccw4tabvo25piambp519o41rf7yaaarbg63pmuu7uvtzf:latest/Table.table.json", "path": "media/table/Table_0_87d656831715dc485faa.table.json", "ncols": 11, "nrows": 10}, "_timestamp": 1710741648.416048, "_runtime": 416.6673541069031, "_step": 1, "mean_T0T": 0.4114803329881468, "std_T0T": 0.14692160876280297, "mean_0T0": 0.012066865252290218, "std_0T0": 0.00987396217844812, "guidance_scale": 1, "inv_time": 40.23398115634918, "_wandb": {"runtime": 416}}