{"Table": {"_type": "table-file", "sha256": "b59d388bfd5f0ccc6a4d86ce198066621b2786d7b13a54ee4a860a1fec19b1bb", "size": 43987, "artifact_path": "wandb-client-artifact://90s382o8517227va3wo4qvhsevwwnc1u74j4ued1nntbna8lavqujie22hru2ibg7o2yoykv9zlccbw73kfk7s8c4vte3gx96p9ldvctkw5z52tzg5fjthcp48figggf:latest/Table.table.json", "_latest_artifact_path": "wandb-client-artifact://90s382o8517227va3wo4qvhsevwwnc1u74j4ued1nntbna8lavqujie22hru2ibg7o2yoykv9zlccbw73kfk7s8c4vte3gx96p9ldvctkw5z52tzg5fjthcp48figggf:latest/Table.table.json", "path": "media/table/Table_0_b59d388bfd5f0ccc6a4d.table.json", "ncols": 15, "nrows": 100}, "_timestamp": 1713693514.8612046, "_runtime": 1063.651178598404, "_step": 1, "mean_T0T": -7.038405755566376, "std_T0T": 0.05795690853472157, "mean_0T0": -2.3515615818898623, "std_0T0": 0.20281540271300874, "mean_middle": -1.8307348614024397, "std_middle": 0.16064860340101478, "mean_loss": 0.0035049053840339184, "std_loss": 0.005067671649158001, "guidance_scale": 1, "inv_time": 1.8540400433540345, "prompt": "zoey deutch with white bra portrait | | realistic shaded, unpleasant face, bad looking, fine details, realistic shaded lighting poster by greg rutkowski, magali villeneuve, artgerm, jeremy lipkin and michael garmash and rob rey", "mean_memory_usage": 4.7716546058654785, "decoder lr": 0.01, "_wandb": {"runtime": 1063}}