{"Table": {"_type": "table-file", "sha256": "c83174979842e20a41f95708866e676fc5bb691fcd3c8c96f7c541dc16f45518", "size": 44275, "artifact_path": "wandb-client-artifact://r8iu9l9768m4zw3yayb2f1xhy2of7ui9kx8i6gqxpnl4ye93stdkm8hce2v54a5z6ig26as7x20rqcmngg5y3hf29ls01p3rzug9rkyk3rqvmemh2k714k1lp8h1ag80:latest/Table.table.json", "_latest_artifact_path": "wandb-client-artifact://r8iu9l9768m4zw3yayb2f1xhy2of7ui9kx8i6gqxpnl4ye93stdkm8hce2v54a5z6ig26as7x20rqcmngg5y3hf29ls01p3rzug9rkyk3rqvmemh2k714k1lp8h1ag80:latest/Table.table.json", "path": "media/table/Table_0_c83174979842e20a41f9.table.json", "ncols": 15, "nrows": 100}, "_timestamp": 1713829159.4380405, "_runtime": 1398.9212985038757, "_step": 1, "mean_T0T": -9.007643954909582, "std_T0T": 0.10925517820083132, "mean_0T0": -25.986914505691455, "std_0T0": 0.002923139340008106, "mean_middle": -16.324579843862157, "std_middle": 0.024025177012014207, "mean_loss": 0.003086090087890625, "std_loss": 0.00281524658203125, "guidance_scale": 1, "inv_time": 9.925209469795227, "prompt": "zoey deutch with white bra portrait | | realistic shaded, unpleasant face, bad looking, fine details, realistic shaded lighting poster by greg rutkowski, magali villeneuve, artgerm, jeremy lipkin and michael garmash and rob rey", "mean_memory_usage": 2.621091842651367, "decoder lr": 0.01, "_wandb": {"runtime": 1398}}