{"Table": {"_type": "table-file", "sha256": "335aa67423f78f953567128347c5869abc04484ad566d6f2b4d2a8c7190d2c00", "size": 2075, "artifact_path": "wandb-client-artifact://ydgqrpnrdlwy663glrhdmvu0rl3x8jabpxe0ata4hh5jvyhsqa8231526p16i6by16r9q37hkgy3px2hi05qbiv7xjpcj75foieskrt0rsm12i3xhixjgpp6n44be2gc:latest/Table.table.json", "_latest_artifact_path": "wandb-client-artifact://ydgqrpnrdlwy663glrhdmvu0rl3x8jabpxe0ata4hh5jvyhsqa8231526p16i6by16r9q37hkgy3px2hi05qbiv7xjpcj75foieskrt0rsm12i3xhixjgpp6n44be2gc:latest/Table.table.json", "path": "media/table/Table_0_335aa67423f78f953567.table.json", "ncols": 13, "nrows": 10}, "_timestamp": 1711615768.1475766, "_runtime": 1075.1406435966492, "_step": 1, "mean_T0T": -3.5388959694723776, "std_T0T": 0.1639848338205323, "mean_0T0": -20.020558008476534, "std_0T0": 0.008160575307241196, "mean_middle": -6.508576457758604, "std_middle": 0.06408653595296687, "mean_loss": 0.5948928594589233, "std_loss": 0.09026915580034256, "guidance_scale": 1, "inv_time": 106.11043090820313, "_wandb": {"runtime": 1074}}