{"Table": {"_type": "table-file", "sha256": "8a70b32064c71174e851c3fae49c4dd9224b5736a9716e689703e6906b350ac2", "size": 2090, "artifact_path": "wandb-client-artifact://j27acpvhp962kn56eaxxsbq18zwn19y16iuv3jlrpqc5pv2xbomxmybkiohfbbdaqajpodd5hts8mkzfjm0xpuc1q3wnadssg0x6wgwitxtpyt2j7ftk4n3ukasg95gg:latest/Table.table.json", "_latest_artifact_path": "wandb-client-artifact://j27acpvhp962kn56eaxxsbq18zwn19y16iuv3jlrpqc5pv2xbomxmybkiohfbbdaqajpodd5hts8mkzfjm0xpuc1q3wnadssg0x6wgwitxtpyt2j7ftk4n3ukasg95gg:latest/Table.table.json", "path": "media/table/Table_0_8a70b32064c71174e851.table.json", "ncols": 13, "nrows": 10}, "_timestamp": 1711626282.1366165, "_runtime": 705.0879783630371, "_step": 1, "mean_T0T": -3.559773660300964, "std_T0T": 0.1605717363431166, "mean_0T0": -19.933892162917026, "std_0T0": 0.008187959363321173, "mean_middle": -6.508556984446129, "std_middle": 0.0640866230523532, "mean_loss": 2.1012838260503486e-05, "std_loss": 4.3594227463472635e-05, "guidance_scale": 1, "inv_time": 69.08299968242645, "_wandb": {"runtime": 704}}