{"Table": {"_type": "table-file", "sha256": "fb57696c22abb7e4a5742d04271a4ef7f455ed632b83dd9c01e701abb5129d2f", "size": 2847, "artifact_path": "wandb-client-artifact://57gwgqn63j6j84j6fr7uxenpjo2eltcjh59gw94s0jqx3327qg2trx6a8hzh7nxmas95xoqmpt22ftzop5zar80d56u4xpychtnsxnkvga2b690e9uge4txzz2uf8wvt:latest/Table.table.json", "_latest_artifact_path": "wandb-client-artifact://57gwgqn63j6j84j6fr7uxenpjo2eltcjh59gw94s0jqx3327qg2trx6a8hzh7nxmas95xoqmpt22ftzop5zar80d56u4xpychtnsxnkvga2b690e9uge4txzz2uf8wvt:latest/Table.table.json", "path": "media/table/Table_0_fb57696c22abb7e4a574.table.json", "ncols": 17, "nrows": 5}, "_timestamp": 1715687036.6478517, "_runtime": 210.97439169883728, "_step": 1, "mean_T0T": -1.1448881177828902, "std_T0T": 0.07908151714046815, "mean_0T0": 2.5894162083008703, "std_0T0": 0.4876997264536182, "mean_middle": -18.253077304762545, "std_middle": 0.008660195271594232, "mean_loss": 6.71484375, "std_loss": 0.322021484375, "guidance_scale": 1, "inv_time": 40.274830389022824, "prompt": "Max Headroom in a Perfume advertisement, magical, science fiction, symmetrical face, large eyes, Chanel, Calvin Klein, Burberry, Versace, Gucci, Dior, hyper realistic, digital art, octane render, trending on artstation, artstationHD, artstationHQ, unreal engine, 4k, 8k", "mean_memory_usage": 2.6345739364624023, "decoder lr": 0.01, "_wandb": {"runtime": 210}}