{"Table": {"_type": "table-file", "sha256": "4a9ec743c1d0dca61d8ca2805aeec49f7e9e8bf5758504362434f972a6e1abee", "size": 2093, "artifact_path": "wandb-client-artifact://hbchcbpnn29miimwtj5olwmo4z7jtskmpdkweuqafctcufwftwzvvvyc0nsk7w0iccht5z8bqtf2bss7dyzbx7hz6fzfrbwq828o0qrd4j3avben49ur25he1zqz9ycp:latest/Table.table.json", "_latest_artifact_path": "wandb-client-artifact://hbchcbpnn29miimwtj5olwmo4z7jtskmpdkweuqafctcufwftwzvvvyc0nsk7w0iccht5z8bqtf2bss7dyzbx7hz6fzfrbwq828o0qrd4j3avben49ur25he1zqz9ycp:latest/Table.table.json", "path": "media/table/Table_0_4a9ec743c1d0dca61d8c.table.json", "ncols": 13, "nrows": 10}, "_timestamp": 1711623826.2174885, "_runtime": 413.8452024459839, "_step": 1, "mean_T0T": -3.857938292796704, "std_T0T": 0.14672534557019923, "mean_0T0": -19.20723541458117, "std_0T0": 0.00977502146682839, "mean_middle": -6.508704037254426, "std_middle": 0.06409676685221921, "mean_loss": 0.001357428845949471, "std_loss": 0.000677702424582094, "guidance_scale": 1, "inv_time": 39.67037518024445, "_wandb": {"runtime": 413}}