{"Table": {"_type": "table-file", "sha256": "1d254eae632b80d0fba9e3582936b7bc8bdf595a7d07d00e5fda5c45ff13ccd6", "size": 2064, "artifact_path": "wandb-client-artifact://19qjjvg6xsghvy8vtm183et5o0o4mq0gehe6nmxgvzixr98hzhnionlgyx7bs86ocxnubwveq7sicusikz5o9ykm7m14sm40lj3m72ghx7lnm8htuehnh5hmcrbdsu9m:latest/Table.table.json", "_latest_artifact_path": "wandb-client-artifact://19qjjvg6xsghvy8vtm183et5o0o4mq0gehe6nmxgvzixr98hzhnionlgyx7bs86ocxnubwveq7sicusikz5o9ykm7m14sm40lj3m72ghx7lnm8htuehnh5hmcrbdsu9m:latest/Table.table.json", "path": "media/table/Table_0_1d254eae632b80d0fba9.table.json", "ncols": 13, "nrows": 10}, "_timestamp": 1711442698.4846926, "_runtime": 120.56073665618896, "_step": 1, "mean_T0T": -3.5801082267409705, "std_T0T": 0.11469957295299325, "mean_0T0": -7.371332630865535, "std_0T0": 0.1599565840632115, "mean_middle": -6.598018925578296, "std_middle": 0.05244005916903687, "mean_loss": 0.31978344917297363, "std_loss": 0.1206154078245163, "guidance_scale": 1, "inv_time": 10.669373035430908, "_wandb": {"runtime": 119}}