{"Table": {"_type": "table-file", "sha256": "38ab228e8cf79216b559e97bb4b8b2c3b20277611de24394f15d16c82e925e2f", "size": 2114, "artifact_path": "wandb-client-artifact://6ux4a7czpmy2how8bq8e8zw7k66if4q4cn5hada9kna5ggmt79aj3k20g3o5he1u1vcovhtklxf8d3ycai5ddbafshpi052oz0v01nzjtzbncb52xax8xxkbpcacmsct:latest/Table.table.json", "_latest_artifact_path": "wandb-client-artifact://6ux4a7czpmy2how8bq8e8zw7k66if4q4cn5hada9kna5ggmt79aj3k20g3o5he1u1vcovhtklxf8d3ycai5ddbafshpi052oz0v01nzjtzbncb52xax8xxkbpcacmsct:latest/Table.table.json", "path": "media/table/Table_0_38ab228e8cf79216b559.table.json", "ncols": 13, "nrows": 10}, "_timestamp": 1711016420.0776765, "_runtime": 2009.848923444748, "_step": 1, "mean_T0T": -9.55311598145978, "std_T0T": 3.4913243576028408, "mean_0T0": -25.23742590671862, "std_0T0": 4.775557484405282, "mean_middle": -15.533905265418332, "std_middle": 4.433343073079926, "mean_loss": -27.243854847610283, "std_loss": 2.7428785027193876, "guidance_scale": 1, "inv_time": 199.54481422901154, "_wandb": {"runtime": 2009}}