{"Table": {"_type": "table-file", "sha256": "0f3c150674e1ae53abecea379bfb53f7ed94e388a4a87410fb2a2baf9b0e6dc2", "size": 43930, "artifact_path": "wandb-client-artifact://rq1b22og60zk3zlfsjiicw93s500yhdjzs2guxv7v4q9gc4ywwbm06fq6gpni2izyc5ctnxr4mstps63i97oefwkbjv75ne2jhxy132onki3gbac4xhli40mz2vlquqm:latest/Table.table.json", "_latest_artifact_path": "wandb-client-artifact://rq1b22og60zk3zlfsjiicw93s500yhdjzs2guxv7v4q9gc4ywwbm06fq6gpni2izyc5ctnxr4mstps63i97oefwkbjv75ne2jhxy132onki3gbac4xhli40mz2vlquqm:latest/Table.table.json", "path": "media/table/Table_0_0f3c150674e1ae53abec.table.json", "ncols": 15, "nrows": 100}, "_timestamp": 1713587549.405049, "_runtime": 1364.7818579673767, "_step": 1, "mean_T0T": -7.272319949757015, "std_T0T": 0.05690300973230907, "mean_0T0": -3.1059638761178836, "std_0T0": 0.17095391979352473, "mean_middle": -2.466117408096461, "std_middle": 0.1448297606937222, "mean_loss": 0.0032927438151091337, "std_loss": 0.004600867163389921, "guidance_scale": 1, "inv_time": 4.842385346889496, "prompt": "zoey deutch with white bra portrait | | realistic shaded, unpleasant face, bad looking, fine details, realistic shaded lighting poster by greg rutkowski, magali villeneuve, artgerm, jeremy lipkin and michael garmash and rob rey", "mean_memory_usage": 0.6010441780090332, "decoder lr": 0.01, "_wandb": {"runtime": 1364}}