{"Table": {"_type": "table-file", "sha256": "dfe974432266f9f8f855b7a3c5d9f1b993b7c3f93305620926852ae17a93dc70", "size": 722, "artifact_path": "wandb-client-artifact://ep2s93k7y5q4xizio4pg6u7hp2irl3d72mbc0fn3zeuwbky06gp49f1wl14bgtix81yfpoy0hl6vu8o4494g3f1w588xwplbrp3s0uk3pcan1y00og2gpt0p8b7sozy3:latest/Table.table.json", "_latest_artifact_path": "wandb-client-artifact://ep2s93k7y5q4xizio4pg6u7hp2irl3d72mbc0fn3zeuwbky06gp49f1wl14bgtix81yfpoy0hl6vu8o4494g3f1w588xwplbrp3s0uk3pcan1y00og2gpt0p8b7sozy3:latest/Table.table.json", "path": "media/table/Table_0_dfe974432266f9f8f855.table.json", "ncols": 15, "nrows": 1}, "_timestamp": 1713763091.6289122, "_runtime": 27.997002124786377, "_step": 1, "mean_T0T": -8.254497462223098, "std_T0T": 0.0, "mean_0T0": -9.631374920746854, "std_0T0": 0.0, "mean_middle": -26.15164730275254, "std_middle": 0.0, "mean_loss": 0.316767156124115, "std_loss": 0.0, "guidance_scale": 1, "inv_time": 17.262442588806152, "prompt": "young, curly haired, redhead Natalie Portman  as a optimistic!, cheerful, giddy medieval innkeeper in a dark medieval inn. dark shadows, colorful, candle light,  law contrasts, fantasy concept art by Jakub Rozalski, Jan Matejko, and J.Dickenson", "mean_memory_usage": 4.955928802490234, "decoder lr": 0.01, "_wandb": {"runtime": 27}}