{"Table": {"_type": "table-file", "sha256": "ab0618446c2eb01bc48e414a4e75f40e6ef00d06f00df2e19116d8eb6265dbfa", "size": 44250, "artifact_path": "wandb-client-artifact://ir3vtzkug32hygiej5gzexo5j4qfqibmib6k4joi58zif1xmtwz2aa1r1j5gozdxzsd7gc5d03h3hif78gels4322rgihi4s777p1h4lptuyb5ueuf1f8h8tuwxu83i8:latest/Table.table.json", "_latest_artifact_path": "wandb-client-artifact://ir3vtzkug32hygiej5gzexo5j4qfqibmib6k4joi58zif1xmtwz2aa1r1j5gozdxzsd7gc5d03h3hif78gels4322rgihi4s777p1h4lptuyb5ueuf1f8h8tuwxu83i8:latest/Table.table.json", "path": "media/table/Table_0_ab0618446c2eb01bc48e.table.json", "ncols": 15, "nrows": 100}, "_timestamp": 1713800295.4631414, "_runtime": 901.3230454921722, "_step": 1, "mean_T0T": -8.478033316077635, "std_T0T": 0.10711084852501174, "mean_0T0": -24.42021881016388, "std_0T0": 0.007417604753740325, "mean_middle": -15.806401501432696, "std_middle": 0.02421799094699734, "mean_loss": 0.0037784576416015625, "std_loss": 0.0057373046875, "guidance_scale": 1, "inv_time": 4.865707867145538, "prompt": "zoey deutch with white bra portrait | | realistic shaded, unpleasant face, bad looking, fine details, realistic shaded lighting poster by greg rutkowski, magali villeneuve, artgerm, jeremy lipkin and michael garmash and rob rey", "mean_memory_usage": 3.286428451538086, "decoder lr": 0.01, "_wandb": {"runtime": 900}}