{"Table": {"_type": "table-file", "sha256": "7e3ef3ea9f6b64d9c919550b8cfaf2cd77a628049cf4131605a0de641e82f8f7", "size": 2117, "artifact_path": "wandb-client-artifact://64lgum9gg8zduh9rstwmg3y4gefqck2n44xwpw4psznih2bvu8h4farpw5ry6mt88jyuhf6fk6ay1nggghi97e6sn8529xleqbla3v2ewsuavy11q6k51eghdfk8w4ac:latest/Table.table.json", "_latest_artifact_path": "wandb-client-artifact://64lgum9gg8zduh9rstwmg3y4gefqck2n44xwpw4psznih2bvu8h4farpw5ry6mt88jyuhf6fk6ay1nggghi97e6sn8529xleqbla3v2ewsuavy11q6k51eghdfk8w4ac:latest/Table.table.json", "path": "media/table/Table_0_7e3ef3ea9f6b64d9c919.table.json", "ncols": 13, "nrows": 10}, "_timestamp": 1711024441.1007035, "_runtime": 2968.282929420471, "_step": 1, "mean_T0T": -10.817468328517815, "std_T0T": 3.2911699962104444, "mean_0T0": -24.879246021170605, "std_0T0": 4.982205953220486, "mean_middle": -18.1059474288545, "std_middle": 5.007192485342777, "mean_loss": -26.103138350458373, "std_loss": 3.8999050534797286, "guidance_scale": 1, "inv_time": 295.36480429172514, "_wandb": {"runtime": 2967}}