{"Table": {"_type": "table-file", "sha256": "3d67ac00deccfe802561b7100f640f5325e18d377510b8786a406ca32cd26b36", "size": 2081, "artifact_path": "wandb-client-artifact://n3xko4hiddw7d09m6glvmid74c3tgd5fyz3qh51gpu1zkup9egspxro0ezbqtaifnfhrb4xgzdct4115jlh9k5kigfcfc3z6j8ex4ysrn2e330mosch272cmeztyzlb9:latest/Table.table.json", "_latest_artifact_path": "wandb-client-artifact://n3xko4hiddw7d09m6glvmid74c3tgd5fyz3qh51gpu1zkup9egspxro0ezbqtaifnfhrb4xgzdct4115jlh9k5kigfcfc3z6j8ex4ysrn2e330mosch272cmeztyzlb9:latest/Table.table.json", "path": "media/table/Table_0_3d67ac00deccfe802561.table.json", "ncols": 13, "nrows": 10}, "_timestamp": 1711440634.8193676, "_runtime": 488.06146454811096, "_step": 1, "mean_T0T": -4.279404107774311, "std_T0T": 0.13423824142892812, "mean_0T0": -17.8660249394791, "std_0T0": 0.013602373318658004, "mean_middle": -6.501611831286036, "std_middle": 0.06883345764309527, "mean_loss": 0.0034885969944298267, "std_loss": 0.003178951796144247, "guidance_scale": 1, "inv_time": 47.38311016559601, "_wandb": {"runtime": 487}}