{"Table": {"_type": "table-file", "sha256": "737fae8141de784c41aefdf4e293564f2709c905b931fd8a9f7a21b5a845ebae", "size": 1846, "artifact_path": "wandb-client-artifact://1r8js8859yo20xbqj2mmw03povab0yhht6shcr9iiu3zyoogf0tik04s8bu4nxgc3yginzbhd7dw019mbn5hlfulq0m3b2twhnibm173ft4dvq1hsle0i3o9dgyta1f4:latest/Table.table.json", "_latest_artifact_path": "wandb-client-artifact://1r8js8859yo20xbqj2mmw03povab0yhht6shcr9iiu3zyoogf0tik04s8bu4nxgc3yginzbhd7dw019mbn5hlfulq0m3b2twhnibm173ft4dvq1hsle0i3o9dgyta1f4:latest/Table.table.json", "path": "media/table/Table_0_737fae8141de784c41ae.table.json", "ncols": 12, "nrows": 10}, "_timestamp": 1710826477.2168007, "_runtime": 303.63101959228516, "_step": 1, "mean_T0T": 0.4136912612871598, "std_T0T": 0.1494659491722875, "mean_0T0": 0.011591984591333116, "std_0T0": 0.009482979335936972, "mean_middle": 0.22209453278209104, "std_middle": 0.05188581616024964, "guidance_scale": 1, "inv_time": 28.783381462097168, "_wandb": {"runtime": 303}}