{"Table": {"_type": "table-file", "sha256": "f68ff893943407e61fe6200dd04b06861e9c8264530112d11157ed10e09b7a88", "size": 44116, "artifact_path": "wandb-client-artifact://kb03m691me9cyhwno85s780rfvi7pu2xl5wwhwiii744fm7oxgpa4n4ko9k5ireil4z106b5sayp0uo3lh7923eyze5dfo2fg475edbuxmwdgaxybmf5jkchft31oqaa:latest/Table.table.json", "_latest_artifact_path": "wandb-client-artifact://kb03m691me9cyhwno85s780rfvi7pu2xl5wwhwiii744fm7oxgpa4n4ko9k5ireil4z106b5sayp0uo3lh7923eyze5dfo2fg475edbuxmwdgaxybmf5jkchft31oqaa:latest/Table.table.json", "path": "media/table/Table_0_f68ff893943407e61fe6.table.json", "ncols": 15, "nrows": 100}, "_timestamp": 1713848824.141697, "_runtime": 1039.3962519168854, "_step": 1, "mean_T0T": -7.526650418148753, "std_T0T": 0.12266278389302826, "mean_0T0": -26.25442277187414, "std_0T0": 0.0026833439909929872, "mean_middle": -15.043183386037215, "std_middle": 0.024789503209378255, "mean_loss": 0.0032825469970703125, "std_loss": 0.00281524658203125, "guidance_scale": 1, "inv_time": 6.521563863754272, "prompt": "zoey deutch with white bra portrait | | realistic shaded, unpleasant face, bad looking, fine details, realistic shaded lighting poster by greg rutkowski, magali villeneuve, artgerm, jeremy lipkin and michael garmash and rob rey", "mean_memory_usage": 8.37875436782837, "decoder lr": 0.05, "_wandb": {"runtime": 1038}}