{"Table": {"_type": "table-file", "sha256": "02a7d4fd0aeeed48fbe36ac8768ed95b45c9dee5e5783c6942aa03cfcfc6267e", "size": 1844, "artifact_path": "wandb-client-artifact://vae2jr1qqdqhcy8pu4a70jii0d6nqojsqaohuobxhgmv3glz45rnxu58gtg9he43oakhklgkfmv6bprb7svvquj5qoadh5wemaeuouxrmqvnsq5xupzud4j9d7as6mob:latest/Table.table.json", "_latest_artifact_path": "wandb-client-artifact://vae2jr1qqdqhcy8pu4a70jii0d6nqojsqaohuobxhgmv3glz45rnxu58gtg9he43oakhklgkfmv6bprb7svvquj5qoadh5wemaeuouxrmqvnsq5xupzud4j9d7as6mob:latest/Table.table.json", "path": "media/table/Table_0_02a7d4fd0aeeed48fbe3.table.json", "ncols": 12, "nrows": 10}, "_timestamp": 1710830197.5820966, "_runtime": 415.67027950286865, "_step": 1, "mean_T0T": 0.352063926686265, "std_T0T": 0.1502074566424664, "mean_0T0": 0.007922007810898512, "std_0T0": 0.008058845121906558, "mean_middle": 0.2272060806289132, "std_middle": 0.05262708231747789, "guidance_scale": 1, "inv_time": 40.11263105869293, "_wandb": {"runtime": 415}}