{"Table": {"_type": "table-file", "sha256": "f250c468bfa1df8cd96a79610c658152b07743f38d5e037de4dcbd2329ce818c", "size": 42860, "artifact_path": "wandb-client-artifact://csw4qnngo4pehy9qc8y73yat8zm5q84iuvp55740kmj59kun8ppd9cul8iqwwa885i25h6fo7fsp7i9asyaqakyzbugt71euc91j2l247vc73xqdea32uvhjkji465l3:latest/Table.table.json", "_latest_artifact_path": "wandb-client-artifact://csw4qnngo4pehy9qc8y73yat8zm5q84iuvp55740kmj59kun8ppd9cul8iqwwa885i25h6fo7fsp7i9asyaqakyzbugt71euc91j2l247vc73xqdea32uvhjkji465l3:latest/Table.table.json", "path": "media/table/Table_0_f250c468bfa1df8cd96a.table.json", "ncols": 15, "nrows": 100}, "_timestamp": 1715633280.8348377, "_runtime": 1796.8148345947266, "_step": 1, "mean_T0T": -1.1720615534387258, "std_T0T": 0.11452471156983145, "mean_0T0": 2.631715546932147, "std_0T0": 0.5394667038102275, "mean_middle": -15.126316989003906, "std_middle": 0.024530667673874063, "mean_loss": 6.52734375, "std_loss": 0.673828125, "guidance_scale": 1, "inv_time": 16.777920200824738, "prompt": "zoey deutch with white bra portrait | | realistic shaded, unpleasant face, bad looking, fine details, realistic shaded lighting poster by greg rutkowski, magali villeneuve, artgerm, jeremy lipkin and michael garmash and rob rey", "mean_memory_usage": 3.294370651245117, "decoder lr": 0.01, "_wandb": {"runtime": 1796}}