{"Table": {"_type": "table-file", "sha256": "c9f7028ca9b06fbbffb949ff92e584a2ce2b4bffd4bedb6f3c6787c7e93f7cd4", "size": 2118, "artifact_path": "wandb-client-artifact://4zueq7anvj6fazdnijb6ptkguygbubpazpc3ygrl60sj59njxh8esg67zgfjlqrl0f65g1iukpevlhoyq1plmj3vb97siboylwtzd9f04uk7t44dpdxmy0lg9qtfqcem:latest/Table.table.json", "_latest_artifact_path": "wandb-client-artifact://4zueq7anvj6fazdnijb6ptkguygbubpazpc3ygrl60sj59njxh8esg67zgfjlqrl0f65g1iukpevlhoyq1plmj3vb97siboylwtzd9f04uk7t44dpdxmy0lg9qtfqcem:latest/Table.table.json", "path": "media/table/Table_0_c9f7028ca9b06fbbffb9.table.json", "ncols": 13, "nrows": 10}, "_timestamp": 1711037076.3500779, "_runtime": 1521.317177772522, "_step": 1, "mean_T0T": -0.6841186508367453, "std_T0T": 0.13921366639785493, "mean_0T0": -2.901081622937354, "std_0T0": 0.0015460755244189437, "mean_middle": -1.301617427212506, "std_middle": 0.024396949795556705, "mean_loss": 0.00025607450515963137, "std_loss": 0.0003691644233185798, "guidance_scale": 1, "inv_time": 150.59518344402312, "_wandb": {"runtime": 1520}}