{"Table": {"_type": "table-file", "sha256": "d4ba9dcff328cd28e172ad36f701568df8f5f9c794aa4cce02e54cf8b262dc29", "size": 14462, "artifact_path": "wandb-client-artifact://tfpz2tth5nsrwwt5osnsqsrn0pyzxlsfpk0q12a2fkwpzgwlonrqg7cjkwy8hpsyfhnm4s4fwh2newb5y8j3akjn5er0dthh76aahcllx1llwqxlszzvzlf0ihb1gb4t:latest/Table.table.json", "_latest_artifact_path": "wandb-client-artifact://tfpz2tth5nsrwwt5osnsqsrn0pyzxlsfpk0q12a2fkwpzgwlonrqg7cjkwy8hpsyfhnm4s4fwh2newb5y8j3akjn5er0dthh76aahcllx1llwqxlszzvzlf0ihb1gb4t:latest/Table.table.json", "path": "media/table/Table_0_d4ba9dcff328cd28e172.table.json", "ncols": 11, "nrows": 100}, "_timestamp": 1710400766.9812825, "_runtime": 2241.343733549118, "_step": 1, "mean_T0T": 0.44505785184942254, "std_T0T": 0.14098678103710946, "mean_0T0": 0.009475586869822012, "std_0T0": 0.007634102852369848, "guidance_scale": 1, "_wandb": {"runtime": 2240}}