{"Table": {"_type": "table-file", "sha256": "018a1971c0e8aede673fcbe565cf9b513ebdb0d3cc9f87e98fe1f15a315f022f", "size": 2063, "artifact_path": "wandb-client-artifact://l3xfaf7kghwnjsnlgg1k2kcammzltnnxs1ab4nji5s8f0h7hech2vyggtzc4h2txll0o3h7dxzqotv8zcksifq3yuha6t1znoc1qei9vi5dfqlro4e415obdglo8wcpl:latest/Table.table.json", "_latest_artifact_path": "wandb-client-artifact://l3xfaf7kghwnjsnlgg1k2kcammzltnnxs1ab4nji5s8f0h7hech2vyggtzc4h2txll0o3h7dxzqotv8zcksifq3yuha6t1znoc1qei9vi5dfqlro4e415obdglo8wcpl:latest/Table.table.json", "path": "media/table/Table_0_018a1971c0e8aede673f.table.json", "ncols": 13, "nrows": 10}, "_timestamp": 1711609649.3480327, "_runtime": 558.2482137680054, "_step": 1, "mean_T0T": -3.5924341050766886, "std_T0T": 0.16041438777447903, "mean_0T0": -19.817598999480584, "std_0T0": 0.008286308194607721, "mean_middle": -6.50855510918749, "std_middle": 0.06408398402070706, "mean_loss": 0.5965684056282043, "std_loss": 0.08897032588720322, "guidance_scale": 1, "inv_time": 54.409315609931944, "_wandb": {"runtime": 557}}