{"Table": {"_type": "table-file", "sha256": "60c2d1650762b13c44748a9e77cced9672a98a2d14e82665ad62ba7ac802fc64", "size": 43875, "artifact_path": "wandb-client-artifact://olvolb9i50gfofkxnzlrmgok64ht027ygrp6dtr8cyz8qg0em9ijje1nzspfand56x2j07chl911m6t6gsohgeatubx52vhgzfhb3nfpg5izpqx148ezyg1vmpodvlsi:latest/Table.table.json", "_latest_artifact_path": "wandb-client-artifact://olvolb9i50gfofkxnzlrmgok64ht027ygrp6dtr8cyz8qg0em9ijje1nzspfand56x2j07chl911m6t6gsohgeatubx52vhgzfhb3nfpg5izpqx148ezyg1vmpodvlsi:latest/Table.table.json", "path": "media/table/Table_0_60c2d1650762b13c4474.table.json", "ncols": 15, "nrows": 100}, "_timestamp": 1713581913.6416278, "_runtime": 1723.2104108333588, "_step": 1, "mean_T0T": -7.075824226883924, "std_T0T": 0.057740038363347616, "mean_0T0": -2.4783153353695555, "std_0T0": 0.19751362299831682, "mean_middle": -1.9345806891215513, "std_middle": 0.15798940930892325, "mean_loss": 0.0032538259401917458, "std_loss": 0.004809801932424307, "guidance_scale": 1, "inv_time": 8.295185899734497, "prompt": "zoey deutch with white bra portrait | | realistic shaded, unpleasant face, bad looking, fine details, realistic shaded lighting poster by greg rutkowski, magali villeneuve, artgerm, jeremy lipkin and michael garmash and rob rey", "mean_memory_usage": 0.9458622932434082, "decoder lr": 0.005, "_wandb": {"runtime": 1722}}