{"Table": {"_type": "table-file", "sha256": "81acf8932c84da6f3c8a6b801e5d749ecbc2bff46f2837301f9bf2733f937da0", "size": 43788, "artifact_path": "wandb-client-artifact://guiewpwx3t697qztxz1p0hp8hu2ska04n84ai28a0ox8olqjkgn0bg7vp63u2cjt81pa5q53v91j6xu82y9ziurlmaqtw8g2rfk9ns6w3dnsv4t033hn53m5jkz9nwfa:latest/Table.table.json", "_latest_artifact_path": "wandb-client-artifact://guiewpwx3t697qztxz1p0hp8hu2ska04n84ai28a0ox8olqjkgn0bg7vp63u2cjt81pa5q53v91j6xu82y9ziurlmaqtw8g2rfk9ns6w3dnsv4t033hn53m5jkz9nwfa:latest/Table.table.json", "path": "media/table/Table_0_81acf8932c84da6f3c8a.table.json", "ncols": 15, "nrows": 100}, "_timestamp": 1713807705.8254488, "_runtime": 2001.8280127048492, "_step": 1, "mean_T0T": -2.8671986375437464, "std_T0T": 0.14782425873975674, "mean_0T0": -3.2134393895741207, "std_0T0": 0.15018065741017797, "mean_middle": -1.0993978214956772, "std_middle": 0.24235069910366772, "mean_loss": 0.00199127197265625, "std_loss": 0.0019683837890625, "guidance_scale": 1, "inv_time": 15.862589280605317, "prompt": "zoey deutch with white bra portrait | | realistic shaded, unpleasant face, bad looking, fine details, realistic shaded lighting poster by greg rutkowski, magali villeneuve, artgerm, jeremy lipkin and michael garmash and rob rey", "mean_memory_usage": 8.383259983062745, "decoder lr": 0.05, "_wandb": {"runtime": 2001}}