{"Table": {"_type": "table-file", "sha256": "51a4563c27533a4c56d39e07df6d1cc9b1fa1a385bac2489427ace3fd1992680", "size": 2113, "artifact_path": "wandb-client-artifact://tw1fz7y93vex07tbfuz5exq6i0nbhvg34zxt050e2odse2g4qbiveirgm2trfu0r64ekq8gj4xtupysrnilwjgu1quq2dy3qwz6ix7oxpoqjgla4c8m2horvvan0cuj0:latest/Table.table.json", "_latest_artifact_path": "wandb-client-artifact://tw1fz7y93vex07tbfuz5exq6i0nbhvg34zxt050e2odse2g4qbiveirgm2trfu0r64ekq8gj4xtupysrnilwjgu1quq2dy3qwz6ix7oxpoqjgla4c8m2horvvan0cuj0:latest/Table.table.json", "path": "media/table/Table_0_51a4563c27533a4c56d3.table.json", "ncols": 13, "nrows": 10}, "_timestamp": 1710942892.0968373, "_runtime": 2183.835160255432, "_step": 1, "mean_T0T": -21.627955426478326, "std_T0T": 10.639570346254912, "mean_0T0": -69.43483552211326, "std_0T0": 14.499068168663793, "mean_middle": -20.004756756567232, "std_middle": 5.087577154729327, "mean_loss": -85.05878480231151, "std_loss": 15.347366067529236, "guidance_scale": 1, "inv_time": 216.92919592857362, "_wandb": {"runtime": 2183}}