{"Table": {"_type": "table-file", "sha256": "5acf93daa16edb928e63d1a9bdf9434abaf2d699c36627ae5d4e644c1f2a38ce", "size": 2116, "artifact_path": "wandb-client-artifact://nt2m8ujvrywdhkkw6dnoye9l35q7wj5hn36hl0cz4m7t0l89lg1ot8hbmsi0c1yi3rkjj7h7sj1fmolduh76g2og1zshdmx7d3jtdai2nf9aygxh0n8esujxd8m02tux:latest/Table.table.json", "_latest_artifact_path": "wandb-client-artifact://nt2m8ujvrywdhkkw6dnoye9l35q7wj5hn36hl0cz4m7t0l89lg1ot8hbmsi0c1yi3rkjj7h7sj1fmolduh76g2og1zshdmx7d3jtdai2nf9aygxh0n8esujxd8m02tux:latest/Table.table.json", "path": "media/table/Table_0_5acf93daa16edb928e63.table.json", "ncols": 13, "nrows": 10}, "_timestamp": 1710951890.1984482, "_runtime": 3380.3038742542267, "_step": 1, "mean_T0T": -27.20428000332422, "std_T0T": 13.791785413603877, "mean_0T0": -74.34930234349613, "std_0T0": 13.81083419155022, "mean_middle": -20.00500718943857, "std_middle": 5.087752999325136, "mean_loss": -91.7369893987815, "std_loss": 12.802894256631841, "guidance_scale": 1, "inv_time": 336.5706881284714, "_wandb": {"runtime": 3379}}