{"Table": {"_type": "table-file", "sha256": "908c3c09d1bcaa649026817d072ec48c113c386bab1b7ae32ef6c03875b101da", "size": 44059, "artifact_path": "wandb-client-artifact://zv3lv418aoo9d5rrcvs9b5zxu6rsyahlz4q8hnjs4tzt6qznwjpgl4f43vcl0q4lgxuv2jr7yvdfajsflnrcaegtaxnu4gfoig9s2a9872ha7xokau06otvmgkc6fu5r:latest/Table.table.json", "_latest_artifact_path": "wandb-client-artifact://zv3lv418aoo9d5rrcvs9b5zxu6rsyahlz4q8hnjs4tzt6qznwjpgl4f43vcl0q4lgxuv2jr7yvdfajsflnrcaegtaxnu4gfoig9s2a9872ha7xokau06otvmgkc6fu5r:latest/Table.table.json", "path": "media/table/Table_0_908c3c09d1bcaa649026.table.json", "ncols": 15, "nrows": 100}, "_timestamp": 1713570529.3954027, "_runtime": 2486.234189748764, "_step": 1, "mean_T0T": -3.852756377239853, "std_T0T": 0.11102171151032321, "mean_0T0": -16.975406710017527, "std_0T0": 0.010948966580925054, "mean_middle": -5.753293917407944, "std_middle": 0.05441762694984916, "mean_loss": 0.0024285265244543552, "std_loss": 0.004049987066537142, "guidance_scale": 1, "inv_time": 15.925805475711822, "prompt": "zoey deutch with white bra portrait | | realistic shaded, unpleasant face, bad looking, fine details, realistic shaded lighting poster by greg rutkowski, magali villeneuve, artgerm, jeremy lipkin and michael garmash and rob rey", "mean_memory_usage": 5.839683270454406, "decoder lr": 0.1, "_wandb": {"runtime": 2485}}