{"Table": {"_type": "table-file", "sha256": "b565c0d35e6baa00f01f6ceeec31c484ecb1d5ea760ca4e946420accc360650c", "size": 2116, "artifact_path": "wandb-client-artifact://alrmsfyt7pm7p28umy427exckdvt2vs7pdye828xvwsdvi8lioetei77hz1p1ypw1v04w2sl5uwna3bho7qniqxnngs6pxax6o6rwxb91ftb43sdkybd9kxs144nrl9v:latest/Table.table.json", "_latest_artifact_path": "wandb-client-artifact://alrmsfyt7pm7p28umy427exckdvt2vs7pdye828xvwsdvi8lioetei77hz1p1ypw1v04w2sl5uwna3bho7qniqxnngs6pxax6o6rwxb91ftb43sdkybd9kxs144nrl9v:latest/Table.table.json", "path": "media/table/Table_0_b565c0d35e6baa00f01f.table.json", "ncols": 13, "nrows": 10}, "_timestamp": 1710940685.6640782, "_runtime": 1807.6902832984924, "_step": 1, "mean_T0T": -17.335088242631496, "std_T0T": 8.411389176940656, "mean_0T0": -67.27306686802537, "std_0T0": 11.211843003310273, "mean_middle": -20.0046572335434, "std_middle": 5.0875514776560395, "mean_loss": -82.92373636448579, "std_loss": 9.685070834468071, "guidance_scale": 1, "inv_time": 179.1632410287857, "_wandb": {"runtime": 1805}}