{"Table": {"_type": "table-file", "sha256": "67bc5ce7a02c6e75c355f34cb6b13e82070d51accad46cb46964648d43988579", "size": 2124, "artifact_path": "wandb-client-artifact://g8vn66oyshpid5auhbd7868avikgoodt66tc5wtaxqt79tjb2dewt07h1fmhspr70d3cg0gkzm26vhec6f7pzae8zx90x6zyiguzxs001mu47wxursj76r98xu9rjubu:latest/Table.table.json", "_latest_artifact_path": "wandb-client-artifact://g8vn66oyshpid5auhbd7868avikgoodt66tc5wtaxqt79tjb2dewt07h1fmhspr70d3cg0gkzm26vhec6f7pzae8zx90x6zyiguzxs001mu47wxursj76r98xu9rjubu:latest/Table.table.json", "path": "media/table/Table_0_67bc5ce7a02c6e75c355.table.json", "ncols": 13, "nrows": 10}, "_timestamp": 1711520266.52402, "_runtime": 1877.413300037384, "_step": 1, "mean_T0T": -6.443659196343903, "std_T0T": 0.14808468699626773, "mean_0T0": -29.04028949272139, "std_0T0": 0.0009626597885806777, "mean_middle": -12.412239442107431, "std_middle": 0.02752545129409279, "mean_loss": 0.0002556945546530187, "std_loss": 0.00019132494344376028, "guidance_scale": 1, "inv_time": 186.22019214630126, "_wandb": {"runtime": 1876}}