{"Table": {"_type": "table-file", "sha256": "98b39d5de4d45bbc36727c6c6ecf6a2cdd6fe13977aba11770807e4f1a395f01", "size": 2082, "artifact_path": "wandb-client-artifact://07ubkq5dn0uput426pkun394fcim6vei59gru1uxwcxe0an7w54hfo0folqny47chuet2ecv8158ef5zhzenexe7h301hxeqf6jvv9bnrzsudbkht6c81ddrjmg1jy1g:latest/Table.table.json", "_latest_artifact_path": "wandb-client-artifact://07ubkq5dn0uput426pkun394fcim6vei59gru1uxwcxe0an7w54hfo0folqny47chuet2ecv8158ef5zhzenexe7h301hxeqf6jvv9bnrzsudbkht6c81ddrjmg1jy1g:latest/Table.table.json", "path": "media/table/Table_0_98b39d5de4d45bbc3672.table.json", "ncols": 13, "nrows": 10}, "_timestamp": 1711381446.0736456, "_runtime": 491.5849575996399, "_step": 1, "mean_T0T": -4.193608095708708, "std_T0T": 0.16026974829687723, "mean_0T0": -19.4369709433225, "std_0T0": 0.007993017576819056, "mean_middle": -6.711632442226612, "std_middle": 0.046109424301472766, "mean_loss": 0.002431735396385193, "std_loss": 0.0014849324943497777, "guidance_scale": 1, "inv_time": 47.65303845405579, "_wandb": {"runtime": 490}}