{"Table": {"_type": "table-file", "sha256": "63255084fb37ef75e272f161c7b2184a9b578f0a29e0e41660a24e4c9f86b4ae", "size": 44192, "artifact_path": "wandb-client-artifact://e4yd6l73nuhm11co0pmd58nei9oc53fqcs5jc8jq5jnt6avvfw8foh225gx2h2qr3wxbivq9e7egd7268g030wf2yupjm9d5dgxemvyvuiulkwhpvrdw5d0u6wg2psu3:latest/Table.table.json", "_latest_artifact_path": "wandb-client-artifact://e4yd6l73nuhm11co0pmd58nei9oc53fqcs5jc8jq5jnt6avvfw8foh225gx2h2qr3wxbivq9e7egd7268g030wf2yupjm9d5dgxemvyvuiulkwhpvrdw5d0u6wg2psu3:latest/Table.table.json", "path": "media/table/Table_0_63255084fb37ef75e272.table.json", "ncols": 15, "nrows": 100}, "_timestamp": 1713867863.0875802, "_runtime": 2012.5168311595917, "_step": 1, "mean_T0T": -8.507851765192909, "std_T0T": 0.11405283684912994, "mean_0T0": -25.474297025301258, "std_0T0": 0.00866461030231374, "mean_middle": -15.952409189105683, "std_middle": 0.02496234291630231, "mean_loss": 0.0037403106689453125, "std_loss": 0.00656890869140625, "guidance_scale": 1, "inv_time": 16.19934858083725, "prompt": "zoey deutch with white bra portrait | | realistic shaded, unpleasant face, bad looking, fine details, realistic shaded lighting poster by greg rutkowski, magali villeneuve, artgerm, jeremy lipkin and michael garmash and rob rey", "mean_memory_usage": 8.370447177886962, "decoder lr": 0.05, "_wandb": {"runtime": 2011}}