{"Table": {"_type": "table-file", "sha256": "653b19a349d9851768ae085f4d05a54c0ef7de1fed2a700acdd6260edb223ad3", "size": 722, "artifact_path": "wandb-client-artifact://xjoicu5l2e697ufro57a5dmywhqqx478t15q500ev6a9cgqlg70e1gt954nhsz3h1o0x2s31052wsnb3s81drjcvimw6ma97i7g9akqqc2n6vvxeb34dpxjm7mtse8km:latest/Table.table.json", "_latest_artifact_path": "wandb-client-artifact://xjoicu5l2e697ufro57a5dmywhqqx478t15q500ev6a9cgqlg70e1gt954nhsz3h1o0x2s31052wsnb3s81drjcvimw6ma97i7g9akqqc2n6vvxeb34dpxjm7mtse8km:latest/Table.table.json", "path": "media/table/Table_0_653b19a349d9851768ae.table.json", "ncols": 15, "nrows": 1}, "_timestamp": 1713698690.5634043, "_runtime": 24.741172313690186, "_step": 1, "mean_T0T": -7.409562446495137, "std_T0T": 0.0, "mean_0T0": -11.671965209683703, "std_0T0": 0.0, "mean_middle": -11.982515261821792, "std_middle": 0.0, "mean_loss": 0.2491488754749298, "std_loss": 0.0, "guidance_scale": 1, "inv_time": 17.315821647644043, "prompt": "young, curly haired, redhead Natalie Portman  as a optimistic!, cheerful, giddy medieval innkeeper in a dark medieval inn. dark shadows, colorful, candle light,  law contrasts, fantasy concept art by Jakub Rozalski, Jan Matejko, and J.Dickenson", "mean_memory_usage": 4.944820404052734, "decoder lr": 0.1, "_wandb": {"runtime": 24}}