{"Table": {"_type": "table-file", "sha256": "c741f08876c6ac75eb3957e4589e5437f6c2a77355e3ababe47ab7e47e19147b", "size": 2128, "artifact_path": "wandb-client-artifact://rupqq7wjpahicauqa6uaxe2ro5kwnfflob9q0ydira3n249084rh3kqigiarzwrgowgfn0ul0ecmettix1q0q08p6p9jp2sw0h3mkdytb4t3tp960zgbsf8qrb96388y:latest/Table.table.json", "_latest_artifact_path": "wandb-client-artifact://rupqq7wjpahicauqa6uaxe2ro5kwnfflob9q0ydira3n249084rh3kqigiarzwrgowgfn0ul0ecmettix1q0q08p6p9jp2sw0h3mkdytb4t3tp960zgbsf8qrb96388y:latest/Table.table.json", "path": "media/table/Table_0_c741f08876c6ac75eb39.table.json", "ncols": 13, "nrows": 10}, "_timestamp": 1711183079.0354404, "_runtime": 1520.727269411087, "_step": 1, "mean_T0T": -7.931146768458243, "std_T0T": 0.12617163502911877, "mean_0T0": -30.56230893284016, "std_0T0": 0.000687953667945462, "mean_middle": -15.026444887345045, "std_middle": 0.01736943434461201, "mean_loss": 0.0002068809699267149, "std_loss": 0.00019730014901142567, "guidance_scale": 1, "inv_time": 150.6189790725708, "_wandb": {"runtime": 1520}}