{"Table": {"_type": "table-file", "sha256": "4922e5ee01c4e9d47fc0e4f3ea9bb4eacc4da3e348d35d57399eb3c1d23b6e4c", "size": 1625, "artifact_path": "wandb-client-artifact://sfytclpf7xg86ycus5lajngdhb9cew0qpdgpqitsjlgiyzi9h1lak4ixmpdbayve6j3c29thjp64g6rx5ffpkbcwxxkj3wnql5elouew0vehr3e56qyuu1wgpmh1wkwc:latest/Table.table.json", "_latest_artifact_path": "wandb-client-artifact://sfytclpf7xg86ycus5lajngdhb9cew0qpdgpqitsjlgiyzi9h1lak4ixmpdbayve6j3c29thjp64g6rx5ffpkbcwxxkj3wnql5elouew0vehr3e56qyuu1wgpmh1wkwc:latest/Table.table.json", "path": "media/table/Table_0_4922e5ee01c4e9d47fc0.table.json", "ncols": 11, "nrows": 10}, "_timestamp": 1710737609.5428112, "_runtime": 416.5298352241516, "_step": 1, "mean_T0T": 0.4245200573796731, "std_T0T": 0.1522865995616403, "mean_0T0": 0.011249697116816153, "std_0T0": 0.008667284168869551, "guidance_scale": 1, "inv_time": 0.07323610063675681, "_wandb": {"runtime": 415}}