{"Table": {"_type": "table-file", "sha256": "b30094faaebf8b1224ae4e4999ea35508240d2fde6e86d1d54dd78db5288607a", "size": 2079, "artifact_path": "wandb-client-artifact://jb876dtq894j44kw1tw02xqhdq0po9gdmx1rqeldjlhqqr8fzxp5m9fp4qfz3nnrf27xvm2u8fpbe82wzv6qtiam61tewdftre8tnaej01d2zuoywmnkl0ucfcmtm3dw:latest/Table.table.json", "_latest_artifact_path": "wandb-client-artifact://jb876dtq894j44kw1tw02xqhdq0po9gdmx1rqeldjlhqqr8fzxp5m9fp4qfz3nnrf27xvm2u8fpbe82wzv6qtiam61tewdftre8tnaej01d2zuoywmnkl0ucfcmtm3dw:latest/Table.table.json", "path": "media/table/Table_0_b30094faaebf8b1224ae.table.json", "ncols": 13, "nrows": 10}, "_timestamp": 1711616196.5447142, "_runtime": 410.69099521636963, "_step": 1, "mean_T0T": -3.8566348689179444, "std_T0T": 0.14689666211506022, "mean_0T0": -19.23053278136281, "std_0T0": 0.009681623754326251, "mean_middle": -6.5086432928894125, "std_middle": 0.06409458904057759, "mean_loss": 0.06191297620534897, "std_loss": 0.007914355024695396, "guidance_scale": 1, "inv_time": 39.66373431682587, "_wandb": {"runtime": 410}}