{"Table": {"_type": "table-file", "sha256": "228dbb93d8f3e7d83687694d1558a81aeac21bdd3875ef6191cea211c49b4905", "size": 44241, "artifact_path": "wandb-client-artifact://ykn1d6yphgt0k9ti41ratg9nt06pgw8ce9lxzmfeap77dai5978rwrbyq8vpwx8vsz9z19f4nyrqxc7tgk3x57dxntiny1nw2a2dp559r4vspznckgo2e6ynt522aalu:latest/Table.table.json", "_latest_artifact_path": "wandb-client-artifact://ykn1d6yphgt0k9ti41ratg9nt06pgw8ce9lxzmfeap77dai5978rwrbyq8vpwx8vsz9z19f4nyrqxc7tgk3x57dxntiny1nw2a2dp559r4vspznckgo2e6ynt522aalu:latest/Table.table.json", "path": "media/table/Table_0_228dbb93d8f3e7d83687.table.json", "ncols": 15, "nrows": 100}, "_timestamp": 1713865730.5918233, "_runtime": 2006.2571353912354, "_step": 1, "mean_T0T": -8.360273806412513, "std_T0T": 0.11794103776275017, "mean_0T0": -27.218901146438434, "std_0T0": 0.0022532466770058194, "mean_middle": -15.987128342789017, "std_middle": 0.025784555298917468, "mean_loss": 0.0031948089599609375, "std_loss": 0.0030002593994140625, "guidance_scale": 1, "inv_time": 16.184547777175904, "prompt": "zoey deutch with white bra portrait | | realistic shaded, unpleasant face, bad looking, fine details, realistic shaded lighting poster by greg rutkowski, magali villeneuve, artgerm, jeremy lipkin and michael garmash and rob rey", "mean_memory_usage": 8.379612522125244, "decoder lr": 0.1, "_wandb": {"runtime": 2004}}