{"Table": {"_type": "table-file", "sha256": "86ff1b7178701d2a9680c415f11bf77404384b979c4b2cbf60e14dc892832e10", "size": 426, "artifact_path": "wandb-client-artifact://k3ay8d03kft555rvy21ahf12elcscyepcbukey394e69hh2aom7ba3qshvqntfxryuprn084ah2k5fhrugemwiwhknlylm4y6uytt9ffnzsdxk2rfx71gd0mhwuu3rdj:latest/Table.table.json", "_latest_artifact_path": "wandb-client-artifact://k3ay8d03kft555rvy21ahf12elcscyepcbukey394e69hh2aom7ba3qshvqntfxryuprn084ah2k5fhrugemwiwhknlylm4y6uytt9ffnzsdxk2rfx71gd0mhwuu3rdj:latest/Table.table.json", "path": "media/table/Table_0_86ff1b7178701d2a9680.table.json", "ncols": 13, "nrows": 1}, "_timestamp": 1710838369.0240653, "_runtime": 10.966395139694214, "_step": 1, "mean_T0T": -13.911635457288822, "std_T0T": 0.0, "mean_0T0": -13.924219573768525, "std_0T0": 0.0, "mean_middle": -12.211271148605071, "std_middle": 0.0, "mean_loss": -13.357131665668788, "std_loss": 0.0, "guidance_scale": 1, "inv_time": 4.456561326980591, "_wandb": {"runtime": 10}}