{"Table": {"_type": "table-file", "sha256": "62427a48f3fe94626578b0d8daca6dd0dda48399b37ecde1f4c4c6df32a47e22", "size": 44310, "artifact_path": "wandb-client-artifact://4blmg0klam0cwevzlrpccio41spa9mbbih2kd7w3bm8v8gitdhdn19o32vidsl5c6wacat8qscbs1rbt0nd84g2p6gh6bi20birse88u0cfn97r24ggmn9cdr68id3ft:latest/Table.table.json", "_latest_artifact_path": "wandb-client-artifact://4blmg0klam0cwevzlrpccio41spa9mbbih2kd7w3bm8v8gitdhdn19o32vidsl5c6wacat8qscbs1rbt0nd84g2p6gh6bi20birse88u0cfn97r24ggmn9cdr68id3ft:latest/Table.table.json", "path": "media/table/Table_0_62427a48f3fe94626578.table.json", "ncols": 15, "nrows": 100}, "_timestamp": 1713782239.6301675, "_runtime": 740.2970325946808, "_step": 1, "mean_T0T": -7.943114981015177, "std_T0T": 0.1034318229966026, "mean_0T0": -24.178670534959032, "std_0T0": 0.0044359927081276925, "mean_middle": -15.064073503113821, "std_middle": 0.024409029087268407, "mean_loss": 0.0034942626953125, "std_loss": 0.00433349609375, "guidance_scale": 1, "inv_time": 3.4865473246574403, "prompt": "zoey deutch with white bra portrait | | realistic shaded, unpleasant face, bad looking, fine details, realistic shaded lighting poster by greg rutkowski, magali villeneuve, artgerm, jeremy lipkin and michael garmash and rob rey", "mean_memory_usage": 3.293882369995117, "decoder lr": 0.005, "_wandb": {"runtime": 739}}