{"Table": {"_type": "table-file", "sha256": "4e454ab1b24337699507f81598c8872af8656cbb71a9458ec8e65a5fb8226a98", "size": 2086, "artifact_path": "wandb-client-artifact://w8q2rgnngiiob5s0xkr5dvd9jqknu389j6z8rai4mwyoasau1xx0ju80akyuuh4bah5gmonw53md2up4ik4hl8j1wdb4gvnf2wdwv1c791jxgdmw0di08oytjis70pkm:latest/Table.table.json", "_latest_artifact_path": "wandb-client-artifact://w8q2rgnngiiob5s0xkr5dvd9jqknu389j6z8rai4mwyoasau1xx0ju80akyuuh4bah5gmonw53md2up4ik4hl8j1wdb4gvnf2wdwv1c791jxgdmw0di08oytjis70pkm:latest/Table.table.json", "path": "media/table/Table_0_4e454ab1b24337699507.table.json", "ncols": 13, "nrows": 10}, "_timestamp": 1711627081.3128262, "_runtime": 778.6242780685425, "_step": 1, "mean_T0T": -3.5451404374293025, "std_T0T": 0.1618118861924062, "mean_0T0": -19.96483963102134, "std_0T0": 0.008171721105240998, "mean_middle": -6.508533609665913, "std_middle": 0.06408739564605802, "mean_loss": 1.1743625691451598e-05, "std_loss": 2.720572410908062e-05, "guidance_scale": 1, "inv_time": 76.45689260959625, "_wandb": {"runtime": 778}}