{"Table": {"_type": "table-file", "sha256": "8064bebfa1c3d5f1ae12573ecab15ca11ec67b4911fd9e78addb434e2de8a78a", "size": 2095, "artifact_path": "wandb-client-artifact://t103rxku827yt4erd86schy2q618uuh735qgrabso9b9inpva7sb48dktotl8p3judwwtyvwbq73ak104v9ja60h43egmc256d63h0nxi9raw2y32uqrcss17wjkhyc6:latest/Table.table.json", "_latest_artifact_path": "wandb-client-artifact://t103rxku827yt4erd86schy2q618uuh735qgrabso9b9inpva7sb48dktotl8p3judwwtyvwbq73ak104v9ja60h43egmc256d63h0nxi9raw2y32uqrcss17wjkhyc6:latest/Table.table.json", "path": "media/table/Table_0_8064bebfa1c3d5f1ae12.table.json", "ncols": 13, "nrows": 10}, "_timestamp": 1711347211.8461635, "_runtime": 890.432998418808, "_step": 1, "mean_T0T": -5.586423285608586, "std_T0T": 0.14512360610039474, "mean_0T0": -24.15822738709145, "std_0T0": 0.0045429338967575995, "mean_middle": -10.132988860326972, "std_middle": 0.03621126321919076, "mean_loss": 0.0007838660967536271, "std_loss": 0.0010379921877756715, "guidance_scale": 1, "inv_time": 87.57425837516784, "_wandb": {"runtime": 889}}