{"Table": {"_type": "table-file", "sha256": "c09e945d85642f753efd39cae6cb8e3abfc08b8be9bec39893e20f258ada87c6", "size": 44275, "artifact_path": "wandb-client-artifact://9q7sz613bpytktdsisbmhn25d137h834srjzin8snyw21g94r7k7mu3or75jcoobxlgwucasfulrd6cng22s3mwmi21oedqsgpfp440tmvazunvqnt1m21lbrkkbjipk:latest/Table.table.json", "_latest_artifact_path": "wandb-client-artifact://9q7sz613bpytktdsisbmhn25d137h834srjzin8snyw21g94r7k7mu3or75jcoobxlgwucasfulrd6cng22s3mwmi21oedqsgpfp440tmvazunvqnt1m21lbrkkbjipk:latest/Table.table.json", "path": "media/table/Table_0_c09e945d85642f753efd.table.json", "ncols": 15, "nrows": 100}, "_timestamp": 1713799277.0555606, "_runtime": 907.1486055850983, "_step": 1, "mean_T0T": -8.57308023490929, "std_T0T": 0.11229670229121694, "mean_0T0": -24.18805886022666, "std_0T0": 0.00937042613181805, "mean_middle": -15.994409696474996, "std_middle": 0.02430997500287863, "mean_loss": 0.0032291412353515625, "std_loss": 0.003513336181640625, "guidance_scale": 1, "inv_time": 4.872204036712646, "prompt": "zoey deutch with white bra portrait | | realistic shaded, unpleasant face, bad looking, fine details, realistic shaded lighting poster by greg rutkowski, magali villeneuve, artgerm, jeremy lipkin and michael garmash and rob rey", "mean_memory_usage": 3.286428451538086, "decoder lr": 0.02, "_wandb": {"runtime": 906}}