{"Table": {"_type": "table-file", "sha256": "7917462f29fb4b52de0be9bd1c1c56feba07e6dd8726a74b8c84001f231d08b3", "size": 44195, "artifact_path": "wandb-client-artifact://8p1dlgs1q0kkc68m5d9om9i3at75n0wmwy5d4g9qmjkgn1shklgwxbjeb6ncw5fxlbiolbxbin284zj6vyqd5te9ob7rjs9w1rzwo1s9i5pkkb2a9in6lyq1rnsrbp7l:latest/Table.table.json", "_latest_artifact_path": "wandb-client-artifact://8p1dlgs1q0kkc68m5d9om9i3at75n0wmwy5d4g9qmjkgn1shklgwxbjeb6ncw5fxlbiolbxbin284zj6vyqd5te9ob7rjs9w1rzwo1s9i5pkkb2a9in6lyq1rnsrbp7l:latest/Table.table.json", "path": "media/table/Table_0_7917462f29fb4b52de0b.table.json", "ncols": 15, "nrows": 100}, "_timestamp": 1714040476.4350264, "_runtime": 1178.865498304367, "_step": 1, "mean_T0T": -8.657280615310341, "std_T0T": 0.10104754684006376, "mean_0T0": -25.635821157612064, "std_0T0": 0.0028588983679622092, "mean_middle": -15.313568057828764, "std_middle": 0.025085405464194084, "mean_loss": 0.0028781890869140625, "std_loss": 0.00325775146484375, "guidance_scale": 1, "inv_time": 7.929420104026795, "prompt": "zoey deutch with white bra portrait | | realistic shaded, unpleasant face, bad looking, fine details, realistic shaded lighting poster by greg rutkowski, magali villeneuve, artgerm, jeremy lipkin and michael garmash and rob rey", "mean_memory_usage": 2.6295833587646484, "decoder lr": 0.05, "_wandb": {"runtime": 1178}}