{"Table": {"_type": "table-file", "sha256": "84ef14b9593521b3b11ecf6926f76b3762604938d3ca280b40b8d2f319f8f18f", "size": 44104, "artifact_path": "wandb-client-artifact://qdsc6o6begpzb3zgte8235fb3bgdigfeby2ynz5sh5euetgqkkey9lzkrm6dswxncpbza9w80wq5mjabvc5a3b0k7sei9u5y7cre1db2lnmie9l32beefgnhxq07hni3:latest/Table.table.json", "_latest_artifact_path": "wandb-client-artifact://qdsc6o6begpzb3zgte8235fb3bgdigfeby2ynz5sh5euetgqkkey9lzkrm6dswxncpbza9w80wq5mjabvc5a3b0k7sei9u5y7cre1db2lnmie9l32beefgnhxq07hni3:latest/Table.table.json", "path": "media/table/Table_0_84ef14b9593521b3b11e.table.json", "ncols": 15, "nrows": 100}, "_timestamp": 1714037797.015996, "_runtime": 867.7274639606476, "_step": 1, "mean_T0T": -7.375504719884072, "std_T0T": 0.10255702637266761, "mean_0T0": -23.49231280810467, "std_0T0": 0.004969107396527953, "mean_middle": -14.34081802628054, "std_middle": 0.024813234916044147, "mean_loss": 0.00327301025390625, "std_loss": 0.004062652587890625, "guidance_scale": 1, "inv_time": 4.789955804347992, "prompt": "zoey deutch with white bra portrait | | realistic shaded, unpleasant face, bad looking, fine details, realistic shaded lighting poster by greg rutkowski, magali villeneuve, artgerm, jeremy lipkin and michael garmash and rob rey", "mean_memory_usage": 2.6172618865966797, "decoder lr": 0.005, "_wandb": {"runtime": 866}}