{"Table": {"_type": "table-file", "sha256": "22104f70c22d2a91c3c676c37e3ae1e46da6cbcf81574ee267fa68a202637d11", "size": 44037, "artifact_path": "wandb-client-artifact://0zpch10b0hrrdwzr335qms5b0qxkjtsqth6v1wimni9cba4t4w2un0bjhncy3nxav48p24o959hvy3go4sfvkeuxw3uku45nqvyxwsqaocwrx45kemmxjb51a6h73241:latest/Table.table.json", "_latest_artifact_path": "wandb-client-artifact://0zpch10b0hrrdwzr335qms5b0qxkjtsqth6v1wimni9cba4t4w2un0bjhncy3nxav48p24o959hvy3go4sfvkeuxw3uku45nqvyxwsqaocwrx45kemmxjb51a6h73241:latest/Table.table.json", "path": "media/table/Table_0_22104f70c22d2a91c3c6.table.json", "ncols": 15, "nrows": 100}, "_timestamp": 1713611935.8500867, "_runtime": 2592.820356607437, "_step": 1, "mean_T0T": -7.596644158205742, "std_T0T": 0.05558175247342304, "mean_0T0": -4.353340989139307, "std_0T0": 0.12927228833085855, "mean_middle": -3.4546788983159864, "std_middle": 0.12477264081328698, "mean_loss": 0.0031949197873473167, "std_loss": 0.004322829190641642, "guidance_scale": 1, "inv_time": 16.944670016765595, "prompt": "zoey deutch with white bra portrait | | realistic shaded, unpleasant face, bad looking, fine details, realistic shaded lighting poster by greg rutkowski, magali villeneuve, artgerm, jeremy lipkin and michael garmash and rob rey", "mean_memory_usage": 0.9458622932434082, "decoder lr": 0.01, "_wandb": {"runtime": 2592}}