{"Table": {"_type": "table-file", "sha256": "1254185dcc24082f57388a6653d35ea133fb80b52b3c8439faaae315a4d0d0b4", "size": 44309, "artifact_path": "wandb-client-artifact://tjsrxg0q5xpj6kz8muqgd4bidd96f7i1pnta8949icay9kdy7xn1qc5zpdsqu5ddou00r2tdg5c2mm3vzr9r6u87kq5qgp840w7b16xgvc4qdibxea3ohxrvw0rqq0kg:latest/Table.table.json", "_latest_artifact_path": "wandb-client-artifact://tjsrxg0q5xpj6kz8muqgd4bidd96f7i1pnta8949icay9kdy7xn1qc5zpdsqu5ddou00r2tdg5c2mm3vzr9r6u87kq5qgp840w7b16xgvc4qdibxea3ohxrvw0rqq0kg:latest/Table.table.json", "path": "media/table/Table_0_1254185dcc24082f5738.table.json", "ncols": 15, "nrows": 100}, "_timestamp": 1713779691.7206502, "_runtime": 589.0348682403564, "_step": 1, "mean_T0T": -7.939719441479285, "std_T0T": 0.1032258483635966, "mean_0T0": -24.35552120702093, "std_0T0": 0.003971491250636054, "mean_middle": -15.064095355800188, "std_middle": 0.02441173651879859, "mean_loss": 0.0033969879150390625, "std_loss": 0.0042724609375, "guidance_scale": 1, "inv_time": 2.0396276831626894, "prompt": "zoey deutch with white bra portrait | | realistic shaded, unpleasant face, bad looking, fine details, realistic shaded lighting poster by greg rutkowski, magali villeneuve, artgerm, jeremy lipkin and michael garmash and rob rey", "mean_memory_usage": 2.621091842651367, "decoder lr": 0.005, "_wandb": {"runtime": 588}}