{"Table": {"_type": "table-file", "sha256": "7ccefb7020646ed3deb28e3860d995a24ea33650c4af70b7b9e3353080fee003", "size": 44126, "artifact_path": "wandb-client-artifact://lotlsis834j2d9nnuej9bt6hsno6gy7q4p3be0wmlebvqsthvncg53s0ce8oxuv7nc8mpj75ddnuhsoic4ja0pdjdkkvpr51hj7s2y0z0g4gr6zle3v2wvfxi3g4bp8m:latest/Table.table.json", "_latest_artifact_path": "wandb-client-artifact://lotlsis834j2d9nnuej9bt6hsno6gy7q4p3be0wmlebvqsthvncg53s0ce8oxuv7nc8mpj75ddnuhsoic4ja0pdjdkkvpr51hj7s2y0z0g4gr6zle3v2wvfxi3g4bp8m:latest/Table.table.json", "path": "media/table/Table_0_7ccefb7020646ed3deb2.table.json", "ncols": 15, "nrows": 100}, "_timestamp": 1713574833.4337373, "_runtime": 1725.5905203819275, "_step": 1, "mean_T0T": -8.6952119218513, "std_T0T": 0.053023260131409525, "mean_0T0": -14.226575119712546, "std_0T0": 0.01405177720344223, "mean_middle": -9.161244177026134, "std_middle": 0.06950117428052326, "mean_loss": 0.0023639716673642397, "std_loss": 0.0024793052580207586, "guidance_scale": 1, "inv_time": 8.298431222438813, "prompt": "zoey deutch with white bra portrait | | realistic shaded, unpleasant face, bad looking, fine details, realistic shaded lighting poster by greg rutkowski, magali villeneuve, artgerm, jeremy lipkin and michael garmash and rob rey", "mean_memory_usage": 0.9458622932434082, "decoder lr": 0.1, "_wandb": {"runtime": 1724}}