{"Table": {"_type": "table-file", "sha256": "e9ad8662435270e906af76212353541f2a366f3ce7d1a822c7f004ce1cafcfe8", "size": 42819, "artifact_path": "wandb-client-artifact://brx8j031f4f9n3bb781jr1whkp8y47mlw3xwif6q5nhqnilz6r4ffcjvu48k1j7tg7etdr0my6tatq2o2tto05fc7z6n7ztdo54ylkpxbil5mut3c60ih7ebnzcjncpf:latest/Table.table.json", "_latest_artifact_path": "wandb-client-artifact://brx8j031f4f9n3bb781jr1whkp8y47mlw3xwif6q5nhqnilz6r4ffcjvu48k1j7tg7etdr0my6tatq2o2tto05fc7z6n7ztdo54ylkpxbil5mut3c60ih7ebnzcjncpf:latest/Table.table.json", "path": "media/table/Table_0_e9ad8662435270e906af.table.json", "ncols": 15, "nrows": 100}, "_timestamp": 1715619085.309082, "_runtime": 435.58426809310913, "_step": 1, "mean_T0T": -1.1306089111102753, "std_T0T": 0.11495465521222495, "mean_0T0": 2.6071186374787003, "std_0T0": 0.5376318597668526, "mean_middle": -14.44138239597036, "std_middle": 0.024780957754597453, "mean_loss": 6.484375, "std_loss": 0.67138671875, "guidance_scale": 1, "inv_time": 3.153574831485748, "prompt": "zoey deutch with white bra portrait | | realistic shaded, unpleasant face, bad looking, fine details, realistic shaded lighting poster by greg rutkowski, magali villeneuve, artgerm, jeremy lipkin and michael garmash and rob rey", "mean_memory_usage": 3.296079635620117, "decoder lr": 0.01, "_wandb": {"runtime": 433}}