{"Table": {"_type": "table-file", "sha256": "bca751ec9c46d99ec46c7ac58d9ecce0420308d5fae5f466ec134c755e303438", "size": 429, "artifact_path": "wandb-client-artifact://47pdlsu862rzqzg609rxcfobasb9rl2fvziyg6aij8aa57l57mupzhtb53ujl772ij1xwud1iz1i91x6dpepurejk3rlsoxaeg2aqslkikbfpms8yts3ut4q1f8bvn5z:latest/Table.table.json", "_latest_artifact_path": "wandb-client-artifact://47pdlsu862rzqzg609rxcfobasb9rl2fvziyg6aij8aa57l57mupzhtb53ujl772ij1xwud1iz1i91x6dpepurejk3rlsoxaeg2aqslkikbfpms8yts3ut4q1f8bvn5z:latest/Table.table.json", "path": "media/table/Table_0_bca751ec9c46d99ec46c.table.json", "ncols": 13, "nrows": 1}, "_timestamp": 1710999707.269595, "_runtime": 78.68640279769897, "_step": 1, "mean_T0T": -4.190281145611548, "std_T0T": 0.0, "mean_0T0": -29.183142391375902, "std_0T0": 0.0, "mean_middle": -8.00230469610344, "std_middle": 0.0, "mean_loss": -28.35564128957249, "std_loss": 0.0, "guidance_scale": 1, "inv_time": 72.17768406867981, "_wandb": {"runtime": 78}}