{"Table": {"_type": "table-file", "sha256": "c621f9cad38db84fba5337d33fc048d1b34412c4f60634d863703e36974fdc3d", "size": 43996, "artifact_path": "wandb-client-artifact://qx0yblqxbgohsu60plkofomq1l5bhkaxnpqohnggygfzlrfxsmbz6dtw5v6d618yrt0hhubdkv1ay40enlg8yik9oqhgw8e1mlw5g76gkhg0u2hjx47qdfo57vrsv67n:latest/Table.table.json", "_latest_artifact_path": "wandb-client-artifact://qx0yblqxbgohsu60plkofomq1l5bhkaxnpqohnggygfzlrfxsmbz6dtw5v6d618yrt0hhubdkv1ay40enlg8yik9oqhgw8e1mlw5g76gkhg0u2hjx47qdfo57vrsv67n:latest/Table.table.json", "path": "media/table/Table_0_c621f9cad38db84fba53.table.json", "ncols": 15, "nrows": 100}, "_timestamp": 1713694622.1979063, "_runtime": 1065.0375082492828, "_step": 1, "mean_T0T": -6.941958228129029, "std_T0T": 0.058376615175616174, "mean_0T0": -2.107217361551182, "std_0T0": 0.21513667965073244, "mean_middle": -1.6098303945989056, "std_middle": 0.16654332754551363, "mean_loss": 0.0036456615198403597, "std_loss": 0.00630958192050457, "guidance_scale": 1, "inv_time": 1.8544150519371032, "prompt": "zoey deutch with white bra portrait | | realistic shaded, unpleasant face, bad looking, fine details, realistic shaded lighting poster by greg rutkowski, magali villeneuve, artgerm, jeremy lipkin and michael garmash and rob rey", "mean_memory_usage": 4.7716546058654785, "decoder lr": 0.005, "_wandb": {"runtime": 1063}}