{"Table": {"_type": "table-file", "sha256": "fcee100876b8341702bc1da6ad14a9031e841cf9515579dc468b79647abfa553", "size": 2093, "artifact_path": "wandb-client-artifact://wwh0a0h15carcsyx4slqzmm1ks5fza15fqh8aye4xf0yntpi3x5ydb7ir5bbvorbuvm1jr1isa3q1maysplaniu20drb2q1gpkseyhx9700zw4pd6hbt06ycmnxywv1r:latest/Table.table.json", "_latest_artifact_path": "wandb-client-artifact://wwh0a0h15carcsyx4slqzmm1ks5fza15fqh8aye4xf0yntpi3x5ydb7ir5bbvorbuvm1jr1isa3q1maysplaniu20drb2q1gpkseyhx9700zw4pd6hbt06ycmnxywv1r:latest/Table.table.json", "path": "media/table/Table_0_fcee100876b8341702bc.table.json", "ncols": 13, "nrows": 10}, "_timestamp": 1711430648.0700583, "_runtime": 819.846949338913, "_step": 1, "mean_T0T": -5.307560060159768, "std_T0T": 0.1382572639262288, "mean_0T0": -19.618371566188962, "std_0T0": 0.012911017288979122, "mean_middle": -8.10693574600595, "std_middle": 0.0571899220137398, "mean_loss": 0.0022762580774724483, "std_loss": 0.0031093282159417868, "guidance_scale": 1, "inv_time": 80.54698722362518, "_wandb": {"runtime": 819}}