{"Table": {"_type": "table-file", "sha256": "816a3795ff4e52fb5e0f0961242eb41fc0453a28b282f2388a04a55d5c9aefa2", "size": 44272, "artifact_path": "wandb-client-artifact://hoon7zcara7uqsxni75gdi5lqov3o9x4m9r1wn0msa5cb029m9gxrboub6b87cumwseo2givj2bsf5m0srmu3yiaenyv5oaf6i5nm5h2ufwrhnouxfzbxtsrhgms01sf:latest/Table.table.json", "_latest_artifact_path": "wandb-client-artifact://hoon7zcara7uqsxni75gdi5lqov3o9x4m9r1wn0msa5cb029m9gxrboub6b87cumwseo2givj2bsf5m0srmu3yiaenyv5oaf6i5nm5h2ufwrhnouxfzbxtsrhgms01sf:latest/Table.table.json", "path": "media/table/Table_0_816a3795ff4e52fb5e0f.table.json", "ncols": 15, "nrows": 100}, "_timestamp": 1713812121.7067015, "_runtime": 1244.9919095039368, "_step": 1, "mean_T0T": -8.741424903300995, "std_T0T": 0.11266013811864864, "mean_0T0": -25.62652996058345, "std_0T0": 0.0034678405548488095, "mean_middle": -16.144419713880687, "std_middle": 0.024193999790941865, "mean_loss": 0.003448486328125, "std_loss": 0.00478363037109375, "guidance_scale": 1, "inv_time": 8.268303949832916, "prompt": "zoey deutch with white bra portrait | | realistic shaded, unpleasant face, bad looking, fine details, realistic shaded lighting poster by greg rutkowski, magali villeneuve, artgerm, jeremy lipkin and michael garmash and rob rey", "mean_memory_usage": 3.281515121459961, "decoder lr": 0.02, "_wandb": {"runtime": 1244}}