{"Table": {"_type": "table-file", "sha256": "0c4005903b9221877262368acecc4bf4b2a149b11c633666e4104b5c6186fd81", "size": 2090, "artifact_path": "wandb-client-artifact://4jjf137305s2q18tip2yxek62cknk7l929g5qx1v7kwr1t4ny2bjez69th46yzsm12gynfq584da62d1wfblacybyny1cpjfefvsht50i3af0sd4i7zkucea5rd6aznx:latest/Table.table.json", "_latest_artifact_path": "wandb-client-artifact://4jjf137305s2q18tip2yxek62cknk7l929g5qx1v7kwr1t4ny2bjez69th46yzsm12gynfq584da62d1wfblacybyny1cpjfefvsht50i3af0sd4i7zkucea5rd6aznx:latest/Table.table.json", "path": "media/table/Table_0_0c4005903b9221877262.table.json", "ncols": 13, "nrows": 10}, "_timestamp": 1711466455.314271, "_runtime": 948.0640890598297, "_step": 1, "mean_T0T": -4.881664555652721, "std_T0T": 0.19901846235228898, "mean_0T0": -19.209706268946356, "std_0T0": 0.009620670274639411, "mean_middle": -7.180970478896289, "std_middle": 0.10840141781572833, "mean_loss": 0.0028794973623007536, "std_loss": 0.002358796540647745, "guidance_scale": 1, "inv_time": 93.37313663959503, "_wandb": {"runtime": 947}}