{"Table": {"_type": "table-file", "sha256": "839a073cda15bf6618d620933f010d4fb41d208a8f7c52de5e3a87504de43ab8", "size": 2047, "artifact_path": "wandb-client-artifact://u608ieh8aemwhuvq31hjgz6owk0pjxynqgngzux4ijv2vsfn7e06g72ln40t5qbfr21gmn7rpqjml92zdnpsiojafxm066gz5rhlptpz4phrko6h18ncdq4trswpl41q:latest/Table.table.json", "_latest_artifact_path": "wandb-client-artifact://u608ieh8aemwhuvq31hjgz6owk0pjxynqgngzux4ijv2vsfn7e06g72ln40t5qbfr21gmn7rpqjml92zdnpsiojafxm066gz5rhlptpz4phrko6h18ncdq4trswpl41q:latest/Table.table.json", "path": "media/table/Table_0_839a073cda15bf6618d6.table.json", "ncols": 13, "nrows": 10}, "_timestamp": 1711425298.5411131, "_runtime": 419.19040513038635, "_step": 1, "mean_T0T": 19.92153670717685, "std_T0T": 28.792067900177603, "mean_0T0": -10.997187598596465, "std_0T0": 0.04273709174195398, "mean_middle": 22.451527600959132, "std_middle": 89.22703933879393, "mean_loss": 0.016632886603474617, "std_loss": 0.0054137432016432285, "guidance_scale": 1, "inv_time": 39.983425283432005, "_wandb": {"runtime": 418}}