{"Table": {"_type": "table-file", "sha256": "4386cbc7317d0ef0b6470c9970e39b1d6fcf49d1dab0e6f16edaaac3c6bb1dc1", "size": 2129, "artifact_path": "wandb-client-artifact://yua2mvc74oqmz4j38a20i2ar6v5i03v6o5a8ifil3245erja4agk8k54j2erhcswahgwbtyftl2xq0k5uztrlh8k6uvxtahddzrrdhq92i59xcg6clmfqg2asuedzwq0:latest/Table.table.json", "_latest_artifact_path": "wandb-client-artifact://yua2mvc74oqmz4j38a20i2ar6v5i03v6o5a8ifil3245erja4agk8k54j2erhcswahgwbtyftl2xq0k5uztrlh8k6uvxtahddzrrdhq92i59xcg6clmfqg2asuedzwq0:latest/Table.table.json", "path": "media/table/Table_0_4386cbc7317d0ef0b647.table.json", "ncols": 13, "nrows": 10}, "_timestamp": 1710994387.0221577, "_runtime": 1873.174028635025, "_step": 1, "mean_T0T": -21.040235913178805, "std_T0T": 11.103823425024277, "mean_0T0": -77.67276136951062, "std_0T0": 10.11763576917524, "mean_middle": -15.351317956504136, "std_middle": 2.6335918065613626, "mean_loss": -92.91922647593199, "std_loss": 9.298571089493544, "guidance_scale": 1, "inv_time": 185.85836300849914, "_wandb": {"runtime": 1872}}