{"Table": {"_type": "table-file", "sha256": "d44f36405aace070cba3234d2f252a4788ed50cd42f60edc47d921e086ce5cb9", "size": 2112, "artifact_path": "wandb-client-artifact://7lqmafc8kn0uico84ayxvb8iu0sztsoa22wh1ak8hvysanglq5e1gnldintxcfrlxespb7hlpofpq1xdenf8hxcdsp261xin7p9f6wn2k0bv67guu3hrid7uadzgc4i1:latest/Table.table.json", "_latest_artifact_path": "wandb-client-artifact://7lqmafc8kn0uico84ayxvb8iu0sztsoa22wh1ak8hvysanglq5e1gnldintxcfrlxespb7hlpofpq1xdenf8hxcdsp261xin7p9f6wn2k0bv67guu3hrid7uadzgc4i1:latest/Table.table.json", "path": "media/table/Table_0_d44f36405aace070cba3.table.json", "ncols": 13, "nrows": 10}, "_timestamp": 1711361920.1983554, "_runtime": 1688.3637154102325, "_step": 1, "mean_T0T": -7.920873200560626, "std_T0T": 0.11803189463156324, "mean_0T0": -26.693713297096288, "std_0T0": 0.0024451145632761427, "mean_middle": -13.85748286318984, "std_middle": 0.020895141765564763, "mean_loss": 0.00046876276610419154, "std_loss": 0.0005073996144346893, "guidance_scale": 1, "inv_time": 167.24470913410187, "_wandb": {"runtime": 1687}}