{"Table": {"_type": "table-file", "sha256": "e8eca4d712891b156e88214a9149bdc54c0b635d362364d53e021c30d5f9e2bc", "size": 2078, "artifact_path": "wandb-client-artifact://zorrfejo8htmk6c8i735dnm771sm1pi5aabtnsismwb4uypyaj9fmp4q4mxfarqu41i5psh4tfsl74cpv9ggfdl3b222c1dylchir22qxzgwp815wr1cm2f061q8gidl:latest/Table.table.json", "_latest_artifact_path": "wandb-client-artifact://zorrfejo8htmk6c8i735dnm771sm1pi5aabtnsismwb4uypyaj9fmp4q4mxfarqu41i5psh4tfsl74cpv9ggfdl3b222c1dylchir22qxzgwp815wr1cm2f061q8gidl:latest/Table.table.json", "path": "media/table/Table_0_e8eca4d712891b156e88.table.json", "ncols": 13, "nrows": 10}, "_timestamp": 1711422577.9720159, "_runtime": 1594.0080919265747, "_step": 1, "mean_T0T": 1.400776793196271, "std_T0T": 0.7264619842108987, "mean_0T0": -16.401785732857523, "std_0T0": 0.016144385777881104, "mean_middle": 5.772837639781329, "std_middle": 3.248625303846773, "mean_loss": 0.004941302351653576, "std_loss": 0.003960456233471632, "guidance_scale": 1, "inv_time": 157.9322555065155, "_wandb": {"runtime": 1593}}