{"Table": {"_type": "table-file", "sha256": "9266ed4bba46136ae2be6a1183950ea81b48bbb34b1e37e6b18e2fa0bedcf501", "size": 430, "artifact_path": "wandb-client-artifact://sxccwl7dh3i2j2n6k575rx31dn507nid3o3597fwxikmlbfaody17z2m696q1vsjai3nfymq3b58f1yaev2okt3ddgrxs1yzusuarij8jigribba9ybm71wo1jlv48as:latest/Table.table.json", "_latest_artifact_path": "wandb-client-artifact://sxccwl7dh3i2j2n6k575rx31dn507nid3o3597fwxikmlbfaody17z2m696q1vsjai3nfymq3b58f1yaev2okt3ddgrxs1yzusuarij8jigribba9ybm71wo1jlv48as:latest/Table.table.json", "path": "media/table/Table_0_9266ed4bba46136ae2be.table.json", "ncols": 13, "nrows": 1}, "_timestamp": 1710998648.986377, "_runtime": 86.35517907142639, "_step": 1, "mean_T0T": -11.286861740791235, "std_T0T": 0.0, "mean_0T0": -80.18140000084338, "std_0T0": 0.0, "mean_middle": -25.924915746291934, "std_middle": 0.0, "mean_loss": -93.34008338440071, "std_loss": 0.0, "guidance_scale": 1, "inv_time": 79.58619213104248, "_wandb": {"runtime": 85}}