{"Table": {"_type": "table-file", "sha256": "b8144a94724d9abf36f36729bae4abd68f5ee30d04b2ff1b633392608908b8a2", "size": 2112, "artifact_path": "wandb-client-artifact://nvltqh0dk81023t5gttj8g4hf9sy3t23dd6scgdxkpxn627n14hsyf3e60xjy4fkcvq3pkldxvuce9vu045nw39vp20zxgxf7w8bwv0qj7ssmrnzm4hqwnsc5qld4hnp:latest/Table.table.json", "_latest_artifact_path": "wandb-client-artifact://nvltqh0dk81023t5gttj8g4hf9sy3t23dd6scgdxkpxn627n14hsyf3e60xjy4fkcvq3pkldxvuce9vu045nw39vp20zxgxf7w8bwv0qj7ssmrnzm4hqwnsc5qld4hnp:latest/Table.table.json", "path": "media/table/Table_0_b8144a94724d9abf36f3.table.json", "ncols": 13, "nrows": 10}, "_timestamp": 1711380017.7436311, "_runtime": 1687.0533640384674, "_step": 1, "mean_T0T": -7.068553793631487, "std_T0T": 0.12136905451558004, "mean_0T0": -22.289370947177577, "std_0T0": 0.005945278788152499, "mean_middle": -11.2536915674663, "std_middle": 0.03982014692855189, "mean_loss": 0.0010822305921465158, "std_loss": 0.0010545416735112667, "guidance_scale": 1, "inv_time": 167.2518895626068, "_wandb": {"runtime": 1686}}