{"Table": {"_type": "table-file", "sha256": "c46dc7214953e575b4dd2e765cf4d820d1231e6bb6cc59df6b6ba3d63a85709e", "size": 2112, "artifact_path": "wandb-client-artifact://7x37wvoyxxaljy863ckd7svdq6tina83vh46h0m93xktaw8x8ewscyxp27vfilfzal87a7a2n7t4gdl61frx3klxn62a1mvekge4npudhse83854d0nqwv6cqix85d6i:latest/Table.table.json", "_latest_artifact_path": "wandb-client-artifact://7x37wvoyxxaljy863ckd7svdq6tina83vh46h0m93xktaw8x8ewscyxp27vfilfzal87a7a2n7t4gdl61frx3klxn62a1mvekge4npudhse83854d0nqwv6cqix85d6i:latest/Table.table.json", "path": "media/table/Table_0_c46dc7214953e575b4dd.table.json", "ncols": 13, "nrows": 10}, "_timestamp": 1710948490.6568892, "_runtime": 2969.3883912563324, "_step": 1, "mean_T0T": -26.61629271588087, "std_T0T": 13.860415606357439, "mean_0T0": -73.34413360716943, "std_0T0": 12.916749858629277, "mean_middle": -20.004717577234608, "std_middle": 5.087347932902336, "mean_loss": -87.54781010137293, "std_loss": 13.931621427644671, "guidance_scale": 1, "inv_time": 295.47943019866943, "_wandb": {"runtime": 2968}}