{"Table": {"_type": "table-file", "sha256": "e3d2432c3dbcd5f7d5ac4ab7eb6d70fa0afb655e0648b428fab978f24fa35223", "size": 46940, "artifact_path": "wandb-client-artifact://sgmr3i3xc4pefshc9y1kfq6g87cc5wyggs84jq2mquspo5dud04y4hvryw53fveojcqi73c64qzf5baj1yhi2uwsdsw76ul5jp6l3yf879o9nfnycrmtj7rqebwnhd75:latest/Table.table.json", "_latest_artifact_path": "wandb-client-artifact://sgmr3i3xc4pefshc9y1kfq6g87cc5wyggs84jq2mquspo5dud04y4hvryw53fveojcqi73c64qzf5baj1yhi2uwsdsw76ul5jp6l3yf879o9nfnycrmtj7rqebwnhd75:latest/Table.table.json", "path": "media/table/Table_0_e3d2432c3dbcd5f7d5ac.table.json", "ncols": 17, "nrows": 100}, "_timestamp": 1715617814.0046434, "_runtime": 898.4712264537811, "_step": 1, "mean_T0T": -1.14234551396184, "std_T0T": 0.1148246090889897, "mean_0T0": 2.614575023890782, "std_0T0": 0.5382868004073061, "mean_middle": -14.636596871258408, "std_middle": 0.024738035617894786, "mean_loss": 6.49609375, "std_loss": 0.671875, "guidance_scale": 1, "inv_time": 8.117895472049714, "prompt": "zoey deutch with white bra portrait | | realistic shaded, unpleasant face, bad looking, fine details, realistic shaded lighting poster by greg rutkowski, magali villeneuve, artgerm, jeremy lipkin and michael garmash and rob rey", "mean_memory_usage": 2.6235647201538086, "decoder lr": 0.01, "_wandb": {"runtime": 897}}