{"Table": {"_type": "table-file", "sha256": "a30d45dfd2cb8058a9e69d57ca3834ada0cdfc5c47b0ada7858ebd1c545c17e5", "size": 2105, "artifact_path": "wandb-client-artifact://r5k3zk1wwrnen11ud47sv3iwg67oucuw8f3daxl7zrl5331x7pbagk9pd3ckdwp4xfzerbrtd6w7nxzsz3xsyczngqqmootedsr7cj74rc4sot3y9zhj18eki2x668z6:latest/Table.table.json", "_latest_artifact_path": "wandb-client-artifact://r5k3zk1wwrnen11ud47sv3iwg67oucuw8f3daxl7zrl5331x7pbagk9pd3ckdwp4xfzerbrtd6w7nxzsz3xsyczngqqmootedsr7cj74rc4sot3y9zhj18eki2x668z6:latest/Table.table.json", "path": "media/table/Table_0_a30d45dfd2cb8058a9e6.table.json", "ncols": 13, "nrows": 10}, "_timestamp": 1711090950.7583904, "_runtime": 2654.071565389633, "_step": 1, "mean_T0T": -9.327730373271724, "std_T0T": 0.07852078827927762, "mean_0T0": -21.896013566190007, "std_0T0": 0.009344741583230943, "mean_middle": -15.656677281371834, "std_middle": 0.017270325385799975, "mean_loss": 0.0034373875241726637, "std_loss": 0.0032564981374889612, "guidance_scale": 1, "inv_time": 263.487571978569, "_wandb": {"runtime": 2650}}