{"Table": {"_type": "table-file", "sha256": "3dd1334cfbc6749688f0a2a38acfcecf4b67beb892c8ee2088fd14f4bc9c59f2", "size": 2059, "artifact_path": "wandb-client-artifact://97t634qmkkmh3ar4hu5zee03f2faoghr4e9qupai3q6jluq0a8ck8gtshxox8xajxs1v336mbabo1m3lz89smxw8cpdzrycsqoapa1ns4h2mvqdzp5fmygf9hz4vpafd:latest/Table.table.json", "_latest_artifact_path": "wandb-client-artifact://97t634qmkkmh3ar4hu5zee03f2faoghr4e9qupai3q6jluq0a8ck8gtshxox8xajxs1v336mbabo1m3lz89smxw8cpdzrycsqoapa1ns4h2mvqdzp5fmygf9hz4vpafd:latest/Table.table.json", "path": "media/table/Table_0_3dd1334cfbc6749688f0.table.json", "ncols": 13, "nrows": 10}, "_timestamp": 1711475331.529772, "_runtime": 184.42993903160095, "_step": 1, "mean_T0T": -3.4243273335150706, "std_T0T": 0.11494244990941462, "mean_0T0": -8.441862810967732, "std_0T0": 0.09992050816393516, "mean_middle": -6.435892912419119, "std_middle": 0.05263080660309861, "mean_loss": 0.3180270791053772, "std_loss": 0.1343192607164383, "guidance_scale": 1, "inv_time": 17.044841408729553, "_wandb": {"runtime": 183}}