{"Table": {"_type": "table-file", "sha256": "21810a01e9719bd6e5338474a6575ae843a1d667062bf852dd506573bcb7239c", "size": 2113, "artifact_path": "wandb-client-artifact://bmhm19h02sw4k88giif59nlis50b1hf1afyh12nnw7c07453ukx7gzxnandllhrmk70pqx7hfwllpotwqtz35v8d82tlmyo2ddwekfua1c5xfwsei95cwvaa03nzizp2:latest/Table.table.json", "_latest_artifact_path": "wandb-client-artifact://bmhm19h02sw4k88giif59nlis50b1hf1afyh12nnw7c07453ukx7gzxnandllhrmk70pqx7hfwllpotwqtz35v8d82tlmyo2ddwekfua1c5xfwsei95cwvaa03nzizp2:latest/Table.table.json", "path": "media/table/Table_0_21810a01e9719bd6e533.table.json", "ncols": 13, "nrows": 10}, "_timestamp": 1710844019.544225, "_runtime": 1554.1079769134521, "_step": 1, "mean_T0T": -14.626667276153412, "std_T0T": 7.94538444199289, "mean_0T0": -62.181724774108375, "std_0T0": 9.305790941123417, "mean_middle": -22.90159686128672, "std_middle": 7.185999656001837, "mean_loss": -141.17156064445936, "std_loss": 19.449091387895255, "guidance_scale": 1, "inv_time": 153.98095154762268, "_wandb": {"runtime": 1553}}