{"Table": {"_type": "table-file", "sha256": "76343a0b14b4a3f63c9e45532d9da27430dd1e4ceb64c5beaa9ad46df1c56742", "size": 44284, "artifact_path": "wandb-client-artifact://60u40d5g3isvzh1l4jsbvzcpcywhnc8yloqrja056smyzyeawxpj3esxpb44czxa07fbvwqw1v90ffhpt5vuy6a4f5s3t9nyxobcuvrd19d54vrdfr2zz7dbtqei98d9:latest/Table.table.json", "_latest_artifact_path": "wandb-client-artifact://60u40d5g3isvzh1l4jsbvzcpcywhnc8yloqrja056smyzyeawxpj3esxpb44czxa07fbvwqw1v90ffhpt5vuy6a4f5s3t9nyxobcuvrd19d54vrdfr2zz7dbtqei98d9:latest/Table.table.json", "path": "media/table/Table_0_76343a0b14b4a3f63c9e.table.json", "ncols": 15, "nrows": 100}, "_timestamp": 1713790290.051587, "_runtime": 909.7388591766357, "_step": 1, "mean_T0T": -8.57308023490929, "std_T0T": 0.11229670229121694, "mean_0T0": -24.18805886022666, "std_0T0": 0.00937042613181805, "mean_middle": -15.994409696474996, "std_middle": 0.02430997500287863, "mean_loss": 0.0032291412353515625, "std_loss": 0.003513336181640625, "guidance_scale": 1, "inv_time": 5.204457354545593, "prompt": "zoey deutch with white bra portrait | | realistic shaded, unpleasant face, bad looking, fine details, realistic shaded lighting poster by greg rutkowski, magali villeneuve, artgerm, jeremy lipkin and michael garmash and rob rey", "mean_memory_usage": 3.296323776245117, "decoder lr": 0.02, "_wandb": {"runtime": 908}}