{"Table": {"_type": "table-file", "sha256": "6175d3254ee6178d73894364be8be8d1decff8ffaadd10cd3dddb3e53d7e1bc9", "size": 44240, "artifact_path": "wandb-client-artifact://c9dt27ziexg0759dufqlpd53idacz00aykuiqdn7t586q0tjgvvupelnc3flb07ci44calenzovdkltkhaics455uzzqizs1d7xss7g9vb8h78e35pjz7g9ivhhap088:latest/Table.table.json", "_latest_artifact_path": "wandb-client-artifact://c9dt27ziexg0759dufqlpd53idacz00aykuiqdn7t586q0tjgvvupelnc3flb07ci44calenzovdkltkhaics455uzzqizs1d7xss7g9vb8h78e35pjz7g9ivhhap088:latest/Table.table.json", "path": "media/table/Table_0_6175d3254ee6178d7389.table.json", "ncols": 15, "nrows": 100}, "_timestamp": 1713878049.5518727, "_runtime": 3625.4710597991943, "_step": 1, "mean_T0T": -9.23474945000357, "std_T0T": 0.09711752736656681, "mean_0T0": -27.055111214003198, "std_0T0": 0.0024866001322293085, "mean_middle": -17.364324147098433, "std_middle": 0.025276212840352016, "mean_loss": 0.0032596588134765625, "std_loss": 0.003009796142578125, "guidance_scale": 1, "inv_time": 32.334423599243166, "prompt": "zoey deutch with white bra portrait | | realistic shaded, unpleasant face, bad looking, fine details, realistic shaded lighting poster by greg rutkowski, magali villeneuve, artgerm, jeremy lipkin and michael garmash and rob rey", "mean_memory_usage": 8.37875436782837, "decoder lr": 0.2, "_wandb": {"runtime": 3624}}