{"Table": {"_type": "table-file", "sha256": "ea1e925b0c4ba9b8968bae1e41fdff36d86576e737c0ce556e92e58bfdd8c98b", "size": 44206, "artifact_path": "wandb-client-artifact://vkxp9qmlnkpve1ur4i9cxf1pseojgmb0ysbk06rjx5vr205qg8qcilbclvg6qriyt9tl7uef5g1g35ebal2k7mgf97kz49skbbwrteykggls6q7dtsfnw9osszbglhzl:latest/Table.table.json", "_latest_artifact_path": "wandb-client-artifact://vkxp9qmlnkpve1ur4i9cxf1pseojgmb0ysbk06rjx5vr205qg8qcilbclvg6qriyt9tl7uef5g1g35ebal2k7mgf97kz49skbbwrteykggls6q7dtsfnw9osszbglhzl:latest/Table.table.json", "path": "media/table/Table_0_ea1e925b0c4ba9b8968b.table.json", "ncols": 15, "nrows": 100}, "_timestamp": 1713896873.4600408, "_runtime": 3627.9833579063416, "_step": 1, "mean_T0T": -8.322249713193228, "std_T0T": 0.10681068902829496, "mean_0T0": -25.765309894876964, "std_0T0": 0.003531363338703783, "mean_middle": -15.374235003247465, "std_middle": 0.024286579238711827, "mean_loss": 0.0037403106689453125, "std_loss": 0.00487518310546875, "guidance_scale": 1, "inv_time": 32.35651243209839, "prompt": "zoey deutch with white bra portrait | | realistic shaded, unpleasant face, bad looking, fine details, realistic shaded lighting poster by greg rutkowski, magali villeneuve, artgerm, jeremy lipkin and michael garmash and rob rey", "mean_memory_usage": 8.37875436782837, "decoder lr": 0.005, "_wandb": {"runtime": 3627}}