{"Table": {"_type": "table-file", "sha256": "0c6d6d41fa2e077f6de912fb7cf70f0681b656b0fb2659a821127cd4f74f1678", "size": 2129, "artifact_path": "wandb-client-artifact://uenj63sdbutc1uetzpbaa0jjwznw0chcuzp6ikr5y4n6fcyy6vaf4bquvzecgsm54z6alt1uii5f1dt3307skqbirxiq71sqxg4jhl68p0jx133lus5rp4kkjcvwji19:latest/Table.table.json", "_latest_artifact_path": "wandb-client-artifact://uenj63sdbutc1uetzpbaa0jjwznw0chcuzp6ikr5y4n6fcyy6vaf4bquvzecgsm54z6alt1uii5f1dt3307skqbirxiq71sqxg4jhl68p0jx133lus5rp4kkjcvwji19:latest/Table.table.json", "path": "media/table/Table_0_0c6d6d41fa2e077f6de9.table.json", "ncols": 13, "nrows": 10}, "_timestamp": 1711041339.1088517, "_runtime": 2304.5866067409515, "_step": 1, "mean_T0T": -0.8228710945393969, "std_T0T": 0.12128117462090775, "mean_0T0": -3.3099275925364644, "std_0T0": 0.0005959036995014659, "mean_middle": -1.5491986687655341, "std_middle": 0.015574286256093863, "mean_loss": 0.00010252776701236144, "std_loss": 0.00014564403682015836, "guidance_scale": 1, "inv_time": 229.01158039569856, "_wandb": {"runtime": 2304}}