{"Table": {"_type": "table-file", "sha256": "e7db2d71702aaefa3a55f80555897ac047f382a377d6a8cdb907a0a5f4b3f78d", "size": 2070, "artifact_path": "wandb-client-artifact://d1v0m9flsreh0m5ptldqxrb4ewkhwjfz06moihw6i8xh910ew7j7zq5aqbqbiwqjd13twxb4lkbfg4s1z612tc5kgq6e5yierqxat9yuomty2koka2iaprbnh3jr97id:latest/Table.table.json", "_latest_artifact_path": "wandb-client-artifact://d1v0m9flsreh0m5ptldqxrb4ewkhwjfz06moihw6i8xh910ew7j7zq5aqbqbiwqjd13twxb4lkbfg4s1z612tc5kgq6e5yierqxat9yuomty2koka2iaprbnh3jr97id:latest/Table.table.json", "path": "media/table/Table_0_e7db2d71702aaefa3a55.table.json", "ncols": 13, "nrows": 10}, "_timestamp": 1711467403.6145895, "_runtime": 139.7545895576477, "_step": 1, "mean_T0T": -2.2630155741432785, "std_T0T": 0.18045585360301414, "mean_0T0": -13.342516218768083, "std_0T0": 0.032517358877114794, "mean_middle": 1.1932211443919662, "std_middle": 0.5039193749311884, "mean_loss": 0.009195053949952126, "std_loss": 0.00390123319812119, "guidance_scale": 1, "inv_time": 12.552929353713989, "_wandb": {"runtime": 139}}