{"Table": {"_type": "table-file", "sha256": "142335bab4fac4e94fa41448f077907aaee3da6e9d5167f8aec1f1136801081e", "size": 47085, "artifact_path": "wandb-client-artifact://huelsuihmapuaesr2ard4nb3ea4ycrpqj5v8v8sq7gxmh8x5oi1zyq19bqfwux1bcgy7elgb6xzajo5yjcbtw7t88beg4abfsyh5hwbin4xgd13whdvzytpx2k6blfov:latest/Table.table.json", "_latest_artifact_path": "wandb-client-artifact://huelsuihmapuaesr2ard4nb3ea4ycrpqj5v8v8sq7gxmh8x5oi1zyq19bqfwux1bcgy7elgb6xzajo5yjcbtw7t88beg4abfsyh5hwbin4xgd13whdvzytpx2k6blfov:latest/Table.table.json", "path": "media/table/Table_0_142335bab4fac4e94fa4.table.json", "ncols": 17, "nrows": 100}, "_timestamp": 1715584224.6639044, "_runtime": 2079.8804864883423, "_step": 1, "mean_T0T": -1.1643090060507335, "std_T0T": 0.11449381353573691, "mean_0T0": 2.63602307327647, "std_0T0": 0.539952838031071, "mean_middle": -15.086127870670229, "std_middle": 0.02479978759790245, "mean_loss": 6.53515625, "std_loss": 0.673828125, "guidance_scale": 1, "inv_time": 19.942278892993926, "prompt": "zoey deutch with white bra portrait | | realistic shaded, unpleasant face, bad looking, fine details, realistic shaded lighting poster by greg rutkowski, magali villeneuve, artgerm, jeremy lipkin and michael garmash and rob rey", "mean_memory_usage": 2.63266658782959, "decoder lr": 0.01, "_wandb": {"runtime": 2079}}