{"Table": {"_type": "table-file", "sha256": "e71eed0f4b793c4d654be11ed0ea9e5e7d3c275e7fc8a504a901a36a9a08f5b4", "size": 2138, "artifact_path": "wandb-client-artifact://qb49to1zx1fsi1p542gjion9mjp0l6mgxesa3o2i1bb5y9arp22urdhv3v4bxgk8meuhpat5ynh9g2ng6lxxgd3khmhz8z1rdpb2vq08dekj4x1lczp9yk9byw6596id:latest/Table.table.json", "_latest_artifact_path": "wandb-client-artifact://qb49to1zx1fsi1p542gjion9mjp0l6mgxesa3o2i1bb5y9arp22urdhv3v4bxgk8meuhpat5ynh9g2ng6lxxgd3khmhz8z1rdpb2vq08dekj4x1lczp9yk9byw6596id:latest/Table.table.json", "path": "media/table/Table_0_e71eed0f4b793c4d654b.table.json", "ncols": 13, "nrows": 10}, "_timestamp": 1711064842.5744572, "_runtime": 2944.3369932174683, "_step": 1, "mean_T0T": -0.9442082248983011, "std_T0T": 0.09535953970086798, "mean_0T0": -3.521031888064671, "std_0T0": 0.00039973368851319203, "mean_middle": -1.6824441929750422, "std_middle": 0.011676764603084196, "mean_loss": 5.9814581618411466e-05, "std_loss": 9.183771908283234e-05, "guidance_scale": 1, "inv_time": 292.92703251838685, "_wandb": {"runtime": 2943}}