{"Table": {"_type": "table-file", "sha256": "260fe61d677613f418e33c6c3609c6e4614d59c938a199654604fb3ddbe6f8a4", "size": 396, "artifact_path": "wandb-client-artifact://kajngx8hnpkygzjc5xsdjl4ghc8gn9aeek95i4jsvkryslbhoos8ndkvyqyg0y543bbd41e16b90v1draohgo54gtlyd1u6788vmewpsr60vlnrcd4nydu112psrmeyp:latest/Table.table.json", "_latest_artifact_path": "wandb-client-artifact://kajngx8hnpkygzjc5xsdjl4ghc8gn9aeek95i4jsvkryslbhoos8ndkvyqyg0y543bbd41e16b90v1draohgo54gtlyd1u6788vmewpsr60vlnrcd4nydu112psrmeyp:latest/Table.table.json", "path": "media/table/Table_0_260fe61d677613f418e3.table.json", "ncols": 12, "nrows": 1}, "_timestamp": 1710835073.296071, "_runtime": 352.474445104599, "_step": 1, "mean_T0T": 0.024490364747207005, "std_T0T": 0.0, "mean_0T0": 0.0003141675805876387, "std_0T0": 0.0, "mean_middle": 0.024882249800711742, "std_middle": 0.0, "guidance_scale": 1, "inv_time": 345.93134808540344, "_wandb": {"runtime": 351}}