{"Table": {"_type": "table-file", "sha256": "5ca7b3907da49271bfa46a7aa52292238729f034585f93539ea61864ce5e3411", "size": 2098, "artifact_path": "wandb-client-artifact://ens1cs3k9fwiu5271511paxpnft7fezb9al2uo8vsrqgfgsaqbdfxsn62ya07cjuq96dfea9py0vqza3ay6it1oje3clj5lp4oz137n4v13tpk4mpi988mxvdn4w6ihn:latest/Table.table.json", "_latest_artifact_path": "wandb-client-artifact://ens1cs3k9fwiu5271511paxpnft7fezb9al2uo8vsrqgfgsaqbdfxsn62ya07cjuq96dfea9py0vqza3ay6it1oje3clj5lp4oz137n4v13tpk4mpi988mxvdn4w6ihn:latest/Table.table.json", "path": "media/table/Table_0_5ca7b3907da49271bfa4.table.json", "ncols": 13, "nrows": 10}, "_timestamp": 1711362835.3457222, "_runtime": 893.5030941963196, "_step": 1, "mean_T0T": -5.5855150749056754, "std_T0T": 0.14528130161724498, "mean_0T0": -24.08662624715875, "std_0T0": 0.004706435446850263, "mean_middle": -10.131028948087668, "std_middle": 0.03614543265983888, "mean_loss": 0.0008010867750272155, "std_loss": 0.0010934242745861411, "guidance_scale": 1, "inv_time": 87.4854346036911, "_wandb": {"runtime": 888}}