{"Table": {"_type": "table-file", "sha256": "cc68ea54c708cf2b581f5b1e22852071aaa9398b3f3c8159c63984796cc7dc57", "size": 2086, "artifact_path": "wandb-client-artifact://2mr83x40o0uy9yd0hpsqb5xty9xpj9eoglsc1ktwlquy42xmtwg8gj2nz9l33aq5y48a35m87z0m3iceenfp0jx8chnfusqff4maigqxxmj4ok32s33kh9z4j61vagvp:latest/Table.table.json", "_latest_artifact_path": "wandb-client-artifact://2mr83x40o0uy9yd0hpsqb5xty9xpj9eoglsc1ktwlquy42xmtwg8gj2nz9l33aq5y48a35m87z0m3iceenfp0jx8chnfusqff4maigqxxmj4ok32s33kh9z4j61vagvp:latest/Table.table.json", "path": "media/table/Table_0_cc68ea54c708cf2b581f.table.json", "ncols": 13, "nrows": 10}, "_timestamp": 1711478564.8098292, "_runtime": 214.3023853302002, "_step": 1, "mean_T0T": -4.2014991054592965, "std_T0T": 0.1095583763705815, "mean_0T0": -14.05414926178419, "std_0T0": 0.03290355770775331, "mean_middle": -5.380272030849545, "std_middle": 0.10015661856372625, "mean_loss": 0.007765091955661774, "std_loss": 0.004764527082443237, "guidance_scale": 1, "inv_time": 20.025507926940918, "_wandb": {"runtime": 213}}