{"Table": {"_type": "table-file", "sha256": "50a792d481b8cb10b2f4e269284ef514388c9cae74074a29c2d5dbae0c763314", "size": 1627, "artifact_path": "wandb-client-artifact://givcaoziu2idhspzxba8u58vufl60txgpusu2nfo1w7afrrjma437nmmgkysmssdtf2l35lbouuiqda10mczk3grwi99k5wt2gyntcsw9cen9wates0mx51p3t2bjyd7:latest/Table.table.json", "_latest_artifact_path": "wandb-client-artifact://givcaoziu2idhspzxba8u58vufl60txgpusu2nfo1w7afrrjma437nmmgkysmssdtf2l35lbouuiqda10mczk3grwi99k5wt2gyntcsw9cen9wates0mx51p3t2bjyd7:latest/Table.table.json", "path": "media/table/Table_0_50a792d481b8cb10b2f4.table.json", "ncols": 11, "nrows": 10}, "_timestamp": 1710738903.7741003, "_runtime": 415.07066226005554, "_step": 1, "mean_T0T": 0.41877238958447816, "std_T0T": 0.14819101900364495, "mean_0T0": 0.012188411925551632, "std_0T0": 0.00969496379143223, "guidance_scale": 1, "inv_time": 40.082603788375856, "_wandb": {"runtime": 414}}