{"Table": {"_type": "table-file", "sha256": "353d82aa363ce2ccbd4329190c3ea7cd67bbd274184436a6a7a8fc050348077f", "size": 423, "artifact_path": "wandb-client-artifact://8dnqrengor1480n68vhwz9d1j0p2ftwesep44klak8byyelm15qxiptdtvckzo30x8xsvzy7hkzdpueryr0xdu4dozymksy5yaub2affcnffp6h9df9ogb8rky6e17y8:latest/Table.table.json", "_latest_artifact_path": "wandb-client-artifact://8dnqrengor1480n68vhwz9d1j0p2ftwesep44klak8byyelm15qxiptdtvckzo30x8xsvzy7hkzdpueryr0xdu4dozymksy5yaub2affcnffp6h9df9ogb8rky6e17y8:latest/Table.table.json", "path": "media/table/Table_0_353d82aa363ce2ccbd43.table.json", "ncols": 13, "nrows": 1}, "_timestamp": 1710998469.0047526, "_runtime": 41.23131275177002, "_step": 1, "mean_T0T": -7.420669021260224, "std_T0T": 0.0, "mean_0T0": -32.15743677264213, "std_0T0": 0.0, "mean_middle": -16.909068753050658, "std_middle": 0.0, "mean_loss": -14.842578419042505, "std_loss": 0.0, "guidance_scale": 1, "inv_time": 33.18054723739624, "_wandb": {"runtime": 40}}