{"Table": {"_type": "table-file", "sha256": "2d5781095135a683ea9a7490e8fa877c72d825289ab0a6c5db07513fa1fcbc34", "size": 42642, "artifact_path": "wandb-client-artifact://2p4csiyxk0y04ixcq2x0zhqdbkiwt48cs941ec5d7xst2zvgwgi8szk64bqnn3e0t6hxbw6mugcimyvrpyvyk2yfhew4asemoyyq9rjyvlsyhkc3zwuu2kc1k5r5nkh8:latest/Table.table.json", "_latest_artifact_path": "wandb-client-artifact://2p4csiyxk0y04ixcq2x0zhqdbkiwt48cs941ec5d7xst2zvgwgi8szk64bqnn3e0t6hxbw6mugcimyvrpyvyk2yfhew4asemoyyq9rjyvlsyhkc3zwuu2kc1k5r5nkh8:latest/Table.table.json", "path": "media/table/Table_0_2d5781095135a683ea9a.table.json", "ncols": 15, "nrows": 100}, "_timestamp": 1715618601.444249, "_runtime": 737.4422018527985, "_step": 1, "mean_T0T": -1.0928508109830917, "std_T0T": 0.11276790769353268, "mean_0T0": 2.6552181201585583, "std_0T0": 0.5347374209312544, "mean_middle": -14.704806437097924, "std_middle": 0.024514746101794754, "mean_loss": 6.578125, "std_loss": 0.6767578125, "guidance_scale": 1, "inv_time": 6.177813444137573, "prompt": "zoey deutch with white bra portrait | | realistic shaded, unpleasant face, bad looking, fine details, realistic shaded lighting poster by greg rutkowski, magali villeneuve, artgerm, jeremy lipkin and michael garmash and rob rey", "mean_memory_usage": 8.370447177886962, "decoder lr": 0.01, "_wandb": {"runtime": 736}}