{"Table": {"_type": "table-file", "sha256": "61a0f19f497721a1f328e2abc934bba90fa866bdc453e67ecb36940ffb69ba11", "size": 47297, "artifact_path": "wandb-client-artifact://svtshq4kp90jqow6hqbxl3sejss8ldnqppavz9n1o158sur4se2ggycml61lxfpfiwwzwj1ty67btbkrquduki79qju8yr32a2le19xe7mk5dwe55ftx0jvne3sztewx:latest/Table.table.json", "_latest_artifact_path": "wandb-client-artifact://svtshq4kp90jqow6hqbxl3sejss8ldnqppavz9n1o158sur4se2ggycml61lxfpfiwwzwj1ty67btbkrquduki79qju8yr32a2le19xe7mk5dwe55ftx0jvne3sztewx:latest/Table.table.json", "path": "media/table/Table_0_61a0f19f497721a1f328.table.json", "ncols": 17, "nrows": 100}, "_timestamp": 1715600104.90948, "_runtime": 12064.56678700447, "_step": 1, "mean_T0T": -1.1038903857805786, "std_T0T": 0.11652967406399613, "mean_0T0": 2.633602533641104, "std_0T0": 0.540691310790083, "mean_middle": -13.643776361875254, "std_middle": 0.028433759428438822, "mean_loss": 6.54296875, "std_loss": 0.6708984375, "guidance_scale": 1, "inv_time": 119.77909783601761, "prompt": "zoey deutch with white bra portrait | | realistic shaded, unpleasant face, bad looking, fine details, realistic shaded lighting poster by greg rutkowski, magali villeneuve, artgerm, jeremy lipkin and michael garmash and rob rey", "mean_memory_usage": 2.628340721130371, "decoder lr": 0.001, "_wandb": {"runtime": 12064}}