{"Table": {"_type": "table-file", "sha256": "a9c86aa7e0931bf697b3db4148e7f520b1e95e1d8ce20abf56ea9edb64126125", "size": 2129, "artifact_path": "wandb-client-artifact://syex4dxd5l4q5aaibm2t1fve2g1a97rxxmrn6rowhlaxghqu307mfbddhnbj87q8jdmzfasonbwhr2nysjz5r5ye8qe7z4u83ohjg76osepm7qoi64x8csl9q21u3weg:latest/Table.table.json", "_latest_artifact_path": "wandb-client-artifact://syex4dxd5l4q5aaibm2t1fve2g1a97rxxmrn6rowhlaxghqu307mfbddhnbj87q8jdmzfasonbwhr2nysjz5r5ye8qe7z4u83ohjg76osepm7qoi64x8csl9q21u3weg:latest/Table.table.json", "path": "media/table/Table_0_a9c86aa7e0931bf697b3.table.json", "ncols": 13, "nrows": 10}, "_timestamp": 1711059302.0782156, "_runtime": 2156.462417602539, "_step": 1, "mean_T0T": -0.8440937817058272, "std_T0T": 0.10740544463916407, "mean_0T0": -3.129899272446233, "std_0T0": 0.0011824226094344164, "mean_middle": -1.4935919959575652, "std_middle": 0.01651619262390441, "mean_loss": 0.00015435376553796232, "std_loss": 0.0002967923355754465, "guidance_scale": 1, "inv_time": 214.1966686487198, "_wandb": {"runtime": 2155}}