{"Table": {"_type": "table-file", "sha256": "e85cf6ba4fac0cfeeb51152d73e087245879ff499a102f8a699fa85a44d9e9c9", "size": 44075, "artifact_path": "wandb-client-artifact://lci5x3l1gf8k8zdf1t9fx1tdm88coc286idth4s1rijk6zwuces8ffdrfu51j2zvy355x3qlfzp0ylfvju7ytju93omfz0ktf4d1y7qqifjob6yjtqwz5letgoln4iqy:latest/Table.table.json", "_latest_artifact_path": "wandb-client-artifact://lci5x3l1gf8k8zdf1t9fx1tdm88coc286idth4s1rijk6zwuces8ffdrfu51j2zvy355x3qlfzp0ylfvju7ytju93omfz0ktf4d1y7qqifjob6yjtqwz5letgoln4iqy:latest/Table.table.json", "path": "media/table/Table_0_e85cf6ba4fac0cfeeb51.table.json", "ncols": 15, "nrows": 100}, "_timestamp": 1713681233.6862125, "_runtime": 1536.4743785858154, "_step": 1, "mean_T0T": -5.207131441831024, "std_T0T": 0.0913965680092438, "mean_0T0": -11.987786814542469, "std_0T0": 0.019923442556748713, "mean_middle": -5.9605633368497735, "std_middle": 0.05762573041576112, "mean_loss": 0.0024793362244963646, "std_loss": 0.004071189556270838, "guidance_scale": 1, "inv_time": 6.3095853853225705, "prompt": "zoey deutch with white bra portrait | | realistic shaded, unpleasant face, bad looking, fine details, realistic shaded lighting poster by greg rutkowski, magali villeneuve, artgerm, jeremy lipkin and michael garmash and rob rey", "mean_memory_usage": 10.042942523956299, "decoder lr": 0.1, "_wandb": {"runtime": 1535}}