{"Table": {"_type": "table-file", "sha256": "2cacd14429f304811e5c1afc8eba44cbe70d039efa140290c93462286ae4375a", "size": 2093, "artifact_path": "wandb-client-artifact://re13ktchncylmf9p0qwv1elygucjewt5dpafuukl7j51bzzb05fxth6it33f9matt9wb4zqtidzvyphwqkydrfvo2sarufpd0hltmgogt5pxaoy8e1ng3xfg83r2ldil:latest/Table.table.json", "_latest_artifact_path": "wandb-client-artifact://re13ktchncylmf9p0qwv1elygucjewt5dpafuukl7j51bzzb05fxth6it33f9matt9wb4zqtidzvyphwqkydrfvo2sarufpd0hltmgogt5pxaoy8e1ng3xfg83r2ldil:latest/Table.table.json", "path": "media/table/Table_0_2cacd14429f304811e5c.table.json", "ncols": 13, "nrows": 10}, "_timestamp": 1711471325.8462791, "_runtime": 943.1629951000214, "_step": 1, "mean_T0T": -4.254245064627222, "std_T0T": 0.18591076127529865, "mean_0T0": -20.793404591668192, "std_0T0": 0.0072919105216391914, "mean_middle": -5.813505526275781, "std_middle": 0.147564186108449, "mean_loss": 0.0018553405534476042, "std_loss": 0.0018808989552780986, "guidance_scale": 1, "inv_time": 92.89233434200287, "_wandb": {"runtime": 942}}