{"Table": {"_type": "table-file", "sha256": "a048af733a2f5d808e8c2980c1e1f4bb6a70d2d2beb54e04b4a766db737191cd", "size": 43899, "artifact_path": "wandb-client-artifact://p4dq5fm9r6rlq3s5ekjvdhrwkhkqns4bdoxmbk4by0rn0f357utt722s2py9kpv3lxe50naes1xeotqqmxxhl065a56sqswcivijvzlybsm2m18y76jgwdg91vo88iu5:latest/Table.table.json", "_latest_artifact_path": "wandb-client-artifact://p4dq5fm9r6rlq3s5ekjvdhrwkhkqns4bdoxmbk4by0rn0f357utt722s2py9kpv3lxe50naes1xeotqqmxxhl065a56sqswcivijvzlybsm2m18y76jgwdg91vo88iu5:latest/Table.table.json", "path": "media/table/Table_0_a048af733a2f5d808e8c.table.json", "ncols": 15, "nrows": 100}, "_timestamp": 1713692407.6107786, "_runtime": 1065.4566626548767, "_step": 1, "mean_T0T": -7.205779712545387, "std_T0T": 0.05703431913389321, "mean_0T0": -2.8792128588884944, "std_0T0": 0.18086257297044467, "mean_middle": -2.266289327783953, "std_middle": 0.14966490576995709, "mean_loss": 0.0035217455588281155, "std_loss": 0.005362765863537788, "guidance_scale": 1, "inv_time": 1.8587443828582764, "prompt": "zoey deutch with white bra portrait | | realistic shaded, unpleasant face, bad looking, fine details, realistic shaded lighting poster by greg rutkowski, magali villeneuve, artgerm, jeremy lipkin and michael garmash and rob rey", "mean_memory_usage": 4.760683536529541, "decoder lr": 0.02, "_wandb": {"runtime": 1064}}