{"Table": {"_type": "table-file", "sha256": "2f5037f68c376e10e0fae2baff80996badba8419abe6cd5fbfa24ceab565e048", "size": 44093, "artifact_path": "wandb-client-artifact://jwl4cnn6em67e0b5mqxvqzlgnwuso718bi3gtr9rj1s711y1acaah7s5hqaw7yug5p5gpn4r5gvsltvwaeecwe3vz3ubn6fea02xmb9ihxrtw6awvaiddn246r54zf4h:latest/Table.table.json", "_latest_artifact_path": "wandb-client-artifact://jwl4cnn6em67e0b5mqxvqzlgnwuso718bi3gtr9rj1s711y1acaah7s5hqaw7yug5p5gpn4r5gvsltvwaeecwe3vz3ubn6fea02xmb9ihxrtw6awvaiddn246r54zf4h:latest/Table.table.json", "path": "media/table/Table_0_2f5037f68c376e10e0fa.table.json", "ncols": 15, "nrows": 100}, "_timestamp": 1713550704.2529685, "_runtime": 2582.0243096351624, "_step": 1, "mean_T0T": -8.033083734195047, "std_T0T": 0.05388124249887291, "mean_0T0": -6.798867815045422, "std_0T0": 0.07358217001031163, "mean_middle": -5.292063939698388, "std_middle": 0.09715428641483757, "mean_loss": 0.003222232684493065, "std_loss": 0.004485148470848799, "guidance_scale": 1, "inv_time": 16.860255651474, "prompt": "zoey deutch with white bra portrait | | realistic shaded, unpleasant face, bad looking, fine details, realistic shaded lighting poster by greg rutkowski, magali villeneuve, artgerm, jeremy lipkin and michael garmash and rob rey", "mean_memory_usage": 0.9458622932434082, "decoder lr": 0.02, "_wandb": {"runtime": 2581}}