{"Table": {"_type": "table-file", "sha256": "e7568b4534f7ed9825d151a37cd1da4cdf748b4b6a72dd70324cce510fc08bed", "size": 47016, "artifact_path": "wandb-client-artifact://dufbp9mf2jbztzn63ai6noo7f1ui52huadtuqn8zodfx7uv1c321ec45cbbrjf5f6spv0cctqauj8ou1ibo3gdznbt9xqob4kxh4j4g2ulgq07r5wiwcmttxon6fadq5:latest/Table.table.json", "_latest_artifact_path": "wandb-client-artifact://dufbp9mf2jbztzn63ai6noo7f1ui52huadtuqn8zodfx7uv1c321ec45cbbrjf5f6spv0cctqauj8ou1ibo3gdznbt9xqob4kxh4j4g2ulgq07r5wiwcmttxon6fadq5:latest/Table.table.json", "path": "media/table/Table_0_e7568b4534f7ed9825d1.table.json", "ncols": 17, "nrows": 100}, "_timestamp": 1715637589.899202, "_runtime": 2080.56009721756, "_step": 1, "mean_T0T": -1.154740643570453, "std_T0T": 0.11406301181211627, "mean_0T0": 2.658166047303161, "std_0T0": 0.5419205528530648, "mean_middle": -15.238319242356324, "std_middle": 0.02522900789382239, "mean_loss": 6.56640625, "std_loss": 0.67626953125, "guidance_scale": 1, "inv_time": 19.950398919582366, "prompt": "zoey deutch with white bra portrait | | realistic shaded, unpleasant face, bad looking, fine details, realistic shaded lighting poster by greg rutkowski, magali villeneuve, artgerm, jeremy lipkin and michael garmash and rob rey", "mean_memory_usage": 2.63266658782959, "decoder lr": 0.02, "_wandb": {"runtime": 2079}}