{"Table": {"_type": "table-file", "sha256": "9332aa5121f7e2b0af31dc9abb0de0d24d708aa824867a592713a9ffcb8f293e", "size": 1845, "artifact_path": "wandb-client-artifact://fg8iepcsvugd1fpvujausg98k1ipf90afsq4lz565c1dbzo28hb3vb0lda6t453mhdh4i6yfjj1qzhb277jfsqjqrk8szvc1tmog7uyppeodrz7md4wfw9j4o2bsowbx:latest/Table.table.json", "_latest_artifact_path": "wandb-client-artifact://fg8iepcsvugd1fpvujausg98k1ipf90afsq4lz565c1dbzo28hb3vb0lda6t453mhdh4i6yfjj1qzhb277jfsqjqrk8szvc1tmog7uyppeodrz7md4wfw9j4o2bsowbx:latest/Table.table.json", "path": "media/table/Table_0_9332aa5121f7e2b0af31.table.json", "ncols": 12, "nrows": 10}, "_timestamp": 1710824998.8948076, "_runtime": 190.5456726551056, "_step": 1, "mean_T0T": 0.42926708087436954, "std_T0T": 0.15141725430990127, "mean_0T0": 0.04063736291598, "std_0T0": 0.03478616100915288, "mean_middle": 0.21887393176599917, "std_middle": 0.05244003998811749, "guidance_scale": 1, "inv_time": 17.605035305023193, "_wandb": {"runtime": 189}}