{"Table": {"_type": "table-file", "sha256": "e7fc08751e246fac4ef00d7cf517bcd17f0fd1e0c38131483320d30138fde1f4", "size": 2128, "artifact_path": "wandb-client-artifact://19lr9e5nddeqp2e7p8vdoxd0ehhttszdkis6tcvhhm9dg6zqq4r6w0n2v6f7i7oz5dt7h0o7gjvzx1sjn293c71zjhvthcfs9s8dmleyovnvuysu8qsjrxyscsmchvqf:latest/Table.table.json", "_latest_artifact_path": "wandb-client-artifact://19lr9e5nddeqp2e7p8vdoxd0ehhttszdkis6tcvhhm9dg6zqq4r6w0n2v6f7i7oz5dt7h0o7gjvzx1sjn293c71zjhvthcfs9s8dmleyovnvuysu8qsjrxyscsmchvqf:latest/Table.table.json", "path": "media/table/Table_0_e7fc08751e246fac4ef0.table.json", "ncols": 13, "nrows": 10}, "_timestamp": 1711079042.1526845, "_runtime": 3264.8374705314636, "_step": 1, "mean_T0T": -10.023566774959319, "std_T0T": 0.08846486054531587, "mean_0T0": -36.15458104888091, "std_0T0": 0.0003394342852151914, "mean_middle": -17.398043023313576, "std_middle": 0.010806178138549912, "mean_loss": 4.8429334128741175e-05, "std_loss": 7.927119440864772e-05, "guidance_scale": 1, "inv_time": 325.03102297782897, "_wandb": {"runtime": 3264}}