{"Table": {"_type": "table-file", "sha256": "32f5af1ee68e12e9f6bfd19b4ce939a35f0ff82111472f16fba1e2ff340cf573", "size": 2134, "artifact_path": "wandb-client-artifact://d0qkc3ym67vuti9ai2rhcmrsofgvqtmwk5g153lx6l361q6lnnsb3hb5aohjm3i4sfr3vs3t6o89uy5hwanrgxocaezoc56bw0kuxrz5gs51x34cv2i94xsw7a3mfzhr:latest/Table.table.json", "_latest_artifact_path": "wandb-client-artifact://d0qkc3ym67vuti9ai2rhcmrsofgvqtmwk5g153lx6l361q6lnnsb3hb5aohjm3i4sfr3vs3t6o89uy5hwanrgxocaezoc56bw0kuxrz5gs51x34cv2i94xsw7a3mfzhr:latest/Table.table.json", "path": "media/table/Table_0_32f5af1ee68e12e9f6bf.table.json", "ncols": 13, "nrows": 10}, "_timestamp": 1710842443.7834036, "_runtime": 3967.133930683136, "_step": 1, "mean_T0T": -32.604708270652964, "std_T0T": 13.546537701565144, "mean_0T0": -89.6055112845185, "std_0T0": 15.614772637778856, "mean_middle": -43.247956068336414, "std_middle": 11.525798143632917, "mean_loss": -128.78417906008838, "std_loss": 21.740369716410427, "guidance_scale": 1, "inv_time": 395.2704270362854, "_wandb": {"runtime": 3966}}