{"Table": {"_type": "table-file", "sha256": "f5e7448950bdf4c703b032bd6434fef5385fa9bb72e2037d7f42882ed479e4a6", "size": 2054, "artifact_path": "wandb-client-artifact://buvjtl6y1nvpahnd6kzx1om87w7shzotpprh5u9nw06zx3p82z0qie2ppj3swhfbbdcvxy57mq25k45gt3snywvldjpsdzlzhduyqgypa3ikz6pcb7ykg9lq8v8dzlp4:latest/Table.table.json", "_latest_artifact_path": "wandb-client-artifact://buvjtl6y1nvpahnd6kzx1om87w7shzotpprh5u9nw06zx3p82z0qie2ppj3swhfbbdcvxy57mq25k45gt3snywvldjpsdzlzhduyqgypa3ikz6pcb7ykg9lq8v8dzlp4:latest/Table.table.json", "path": "media/table/Table_0_f5e7448950bdf4c703b0.table.json", "ncols": 13, "nrows": 10}, "_timestamp": 1711441888.5272198, "_runtime": 795.327535867691, "_step": 1, "mean_T0T": -4.222508802608644, "std_T0T": 0.1159680234569007, "mean_0T0": -6.839986643985413, "std_0T0": 0.1987810021924931, "mean_middle": -8.924529418965246, "std_middle": 0.06478227334294762, "mean_loss": 0.33817633986473083, "std_loss": 0.14662612974643707, "guidance_scale": 1, "inv_time": 78.14410073757172, "_wandb": {"runtime": 794}}