{"Table": {"_type": "table-file", "sha256": "9afa46d66ede6fc0b9c76d957e2c1a5cb1f1be9ddfd1f2d6aa46e557c9cd90f4", "size": 2105, "artifact_path": "wandb-client-artifact://l1vdz3wsjzane6bwackrc8sjd6asla3h88b85fhfmkcmk458mfzod3cccnh2gaynhnnuris2krxwvu9p249rym4h34p3kwzgs47x0fy4oy03ro483xtr2ui0ile4m8rx:latest/Table.table.json", "_latest_artifact_path": "wandb-client-artifact://l1vdz3wsjzane6bwackrc8sjd6asla3h88b85fhfmkcmk458mfzod3cccnh2gaynhnnuris2krxwvu9p249rym4h34p3kwzgs47x0fy4oy03ro483xtr2ui0ile4m8rx:latest/Table.table.json", "path": "media/table/Table_0_9afa46d66ede6fc0b9c7.table.json", "ncols": 13, "nrows": 10}, "_timestamp": 1711547022.1945438, "_runtime": 1625.2192459106445, "_step": 1, "mean_T0T": -7.552349659104252, "std_T0T": 0.11019554660324937, "mean_0T0": -22.387884194057857, "std_0T0": 0.008432504625413369, "mean_middle": -12.718003771083948, "std_middle": 0.03207350407970035, "mean_loss": 0.001958422129973769, "std_loss": 0.001199697027914226, "guidance_scale": 1, "inv_time": 161.070476770401, "_wandb": {"runtime": 1624}}