{"Table": {"_type": "table-file", "sha256": "2f9d31e69e1cd3706ac07046621a4628f13b062bd70e1f83b76d3362ebd0c3f7", "size": 44111, "artifact_path": "wandb-client-artifact://0oemff9wz3rwlk9n6903bj7z4uubcms8thtive0ph7pu6uumikfju0i5iu4pzq1bbgun1ni9duxvxgzp36a4oe3hj7olict8c1bkyuoyzql99dqgzcl32kemeisr16gz:latest/Table.table.json", "_latest_artifact_path": "wandb-client-artifact://0oemff9wz3rwlk9n6903bj7z4uubcms8thtive0ph7pu6uumikfju0i5iu4pzq1bbgun1ni9duxvxgzp36a4oe3hj7olict8c1bkyuoyzql99dqgzcl32kemeisr16gz:latest/Table.table.json", "path": "media/table/Table_0_2f9d31e69e1cd3706ac0.table.json", "ncols": 15, "nrows": 100}, "_timestamp": 1713618365.503538, "_runtime": 1858.1172859668732, "_step": 1, "mean_T0T": -8.681564602635035, "std_T0T": 0.053315920627850066, "mean_0T0": -13.887159037225585, "std_0T0": 0.014777336712963824, "mean_middle": -9.046821931253756, "std_middle": 0.06944940785708444, "mean_loss": 0.0026652859523892403, "std_loss": 0.003062811214476824, "guidance_scale": 1, "inv_time": 9.800591671466828, "prompt": "zoey deutch with white bra portrait | | realistic shaded, unpleasant face, bad looking, fine details, realistic shaded lighting poster by greg rutkowski, magali villeneuve, artgerm, jeremy lipkin and michael garmash and rob rey", "mean_memory_usage": 0.6010441780090332, "decoder lr": 0.05, "_wandb": {"runtime": 1857}}