{"Table": {"_type": "table-file", "sha256": "5dcd1fec315063e67ae3ccb4953235fbe2e94bdf46677918b35010c9be6ed3ca", "size": 2078, "artifact_path": "wandb-client-artifact://nlur5ttbv14phwjkeqyor7m9f7xgi5erod68kmhfm62lt24uowkv6ajf596uewygy9epnlhfm74fj2b3ivaqrprskjfasfdip5ivqi1f8fg20ymvfbrei8agaz20qokk:latest/Table.table.json", "_latest_artifact_path": "wandb-client-artifact://nlur5ttbv14phwjkeqyor7m9f7xgi5erod68kmhfm62lt24uowkv6ajf596uewygy9epnlhfm74fj2b3ivaqrprskjfasfdip5ivqi1f8fg20ymvfbrei8agaz20qokk:latest/Table.table.json", "path": "media/table/Table_0_5dcd1fec315063e67ae3.table.json", "ncols": 13, "nrows": 10}, "_timestamp": 1711623393.906111, "_runtime": 1074.300940990448, "_step": 1, "mean_T0T": -3.539808792231414, "std_T0T": 0.16362633582945332, "mean_0T0": -20.017553488268423, "std_0T0": 0.008160008389273731, "mean_middle": -6.508460993127004, "std_middle": 0.06408194728093516, "mean_loss": 0.059493910521268845, "std_loss": 0.009020094759762287, "guidance_scale": 1, "inv_time": 106.02227611541748, "_wandb": {"runtime": 1073}}