{"Table": {"_type": "table-file", "sha256": "6e0faaadadf70cee85707b82940ed7deabb47b1eb7c0977f142661eb3062eec0", "size": 2104, "artifact_path": "wandb-client-artifact://k8e1yka9jdlczuyim8b5fxafzwl9gllro57gljqnr7ruq6quo9b9ol84issoayh2pry7byqn2mtay385eumnxiqgwm1vpxwrpuwxbwtt2mikn1hc833kirhmc0z2o6q8:latest/Table.table.json", "_latest_artifact_path": "wandb-client-artifact://k8e1yka9jdlczuyim8b5fxafzwl9gllro57gljqnr7ruq6quo9b9ol84issoayh2pry7byqn2mtay385eumnxiqgwm1vpxwrpuwxbwtt2mikn1hc833kirhmc0z2o6q8:latest/Table.table.json", "path": "media/table/Table_0_6e0faaadadf70cee8570.table.json", "ncols": 13, "nrows": 10}, "_timestamp": 1711463466.5989437, "_runtime": 944.2868947982788, "_step": 1, "mean_T0T": -6.944183672392542, "std_T0T": 0.14037956850042804, "mean_0T0": -23.178797360671503, "std_0T0": 0.004269167987057423, "mean_middle": -12.380252788002421, "std_middle": 0.024622892924209917, "mean_loss": 0.0011847116984426975, "std_loss": 0.0012099924497306347, "guidance_scale": 1, "inv_time": 92.96638956069947, "_wandb": {"runtime": 943}}