{"Table": {"_type": "table-file", "sha256": "15275d00287c816cf817557ce9d2e3032619b589e8c39c46401afe3431ba901a", "size": 44227, "artifact_path": "wandb-client-artifact://ehx2onrdkpnj5o0xxivcqx8h63voumrby42ih6a14u48q6krcpc4dal7b3bxh0mom4cnehso4n19ltktxupzw8ysgb851c755ldq46i34dff7b29a8x2n8np4hu67sik:latest/Table.table.json", "_latest_artifact_path": "wandb-client-artifact://ehx2onrdkpnj5o0xxivcqx8h63voumrby42ih6a14u48q6krcpc4dal7b3bxh0mom4cnehso4n19ltktxupzw8ysgb851c755ldq46i34dff7b29a8x2n8np4hu67sik:latest/Table.table.json", "path": "media/table/Table_0_15275d00287c816cf817.table.json", "ncols": 15, "nrows": 100}, "_timestamp": 1714029776.4767363, "_runtime": 728.1602282524109, "_step": 1, "mean_T0T": -8.571151386227655, "std_T0T": 0.10080159044690136, "mean_0T0": -24.50613005117752, "std_0T0": 0.00632728076363614, "mean_middle": -15.302151503989592, "std_middle": 0.024908466575680684, "mean_loss": 0.003284454345703125, "std_loss": 0.004924774169921875, "guidance_scale": 1, "inv_time": 3.2652344846725465, "prompt": "zoey deutch with white bra portrait | | realistic shaded, unpleasant face, bad looking, fine details, realistic shaded lighting poster by greg rutkowski, magali villeneuve, artgerm, jeremy lipkin and michael garmash and rob rey", "mean_memory_usage": 2.6314144134521484, "decoder lr": 0.1, "_wandb": {"runtime": 723}}