{"Table": {"_type": "table-file", "sha256": "a5580e6dfd0698efc3bccdefe974f7583e270e796e6798dc24be8d88ffdce111", "size": 44208, "artifact_path": "wandb-client-artifact://hepguk37sqrboy3qj7yjsgr4x47fuiqnjwywdcdcdsazssjhvz9y9vgzyy0vtarpz40rtn77xiyqd5bob8aamo9m591iw8bbxudooeyi844o76fgnj2fnlntage6xyb8:latest/Table.table.json", "_latest_artifact_path": "wandb-client-artifact://hepguk37sqrboy3qj7yjsgr4x47fuiqnjwywdcdcdsazssjhvz9y9vgzyy0vtarpz40rtn77xiyqd5bob8aamo9m591iw8bbxudooeyi844o76fgnj2fnlntage6xyb8:latest/Table.table.json", "path": "media/table/Table_0_a5580e6dfd0698efc3bc.table.json", "ncols": 15, "nrows": 100}, "_timestamp": 1713606678.4220011, "_runtime": 2579.3583471775055, "_step": 1, "mean_T0T": -8.68120834097968, "std_T0T": 0.053180094854812184, "mean_0T0": -13.924215005801646, "std_0T0": 0.014670086889222464, "mean_middle": -9.05806338864025, "std_middle": 0.06930396463388393, "mean_loss": 0.0025657587684690952, "std_loss": 0.002662258455529809, "guidance_scale": 1, "inv_time": 16.838897316455842, "prompt": "zoey deutch with white bra portrait | | realistic shaded, unpleasant face, bad looking, fine details, realistic shaded lighting poster by greg rutkowski, magali villeneuve, artgerm, jeremy lipkin and michael garmash and rob rey", "mean_memory_usage": 0.9458622932434082, "decoder lr": 0.05, "_wandb": {"runtime": 2578}}