{"Table": {"_type": "table-file", "sha256": "ca8a54d3b7488a584f1d39713725f2deff85a941d6d03dfa572a14314160c4ce", "size": 2131, "artifact_path": "wandb-client-artifact://fzwkf01ftg5sjo0klur8uhjwvow1xhf4dkdn5g9tnzn26skhaogvyi7cefrqnsmbdk54qncm62fl0sx1we44iibktdojeifb4wcmlg20jsje0rr5hvptbu5jqwh76cgj:latest/Table.table.json", "_latest_artifact_path": "wandb-client-artifact://fzwkf01ftg5sjo0klur8uhjwvow1xhf4dkdn5g9tnzn26skhaogvyi7cefrqnsmbdk54qncm62fl0sx1we44iibktdojeifb4wcmlg20jsje0rr5hvptbu5jqwh76cgj:latest/Table.table.json", "path": "media/table/Table_0_ca8a54d3b7488a584f1d.table.json", "ncols": 13, "nrows": 10}, "_timestamp": 1711435519.8674357, "_runtime": 3204.439725637436, "_step": 1, "mean_T0T": -8.993208724745369, "std_T0T": 0.09006515323129995, "mean_0T0": -33.40894372972984, "std_0T0": 0.000593896082624139, "mean_middle": -14.998926169129746, "std_middle": 0.01755474046228121, "mean_loss": 7.412755803670734e-05, "std_loss": 4.098672070540488e-05, "guidance_scale": 1, "inv_time": 318.8795403003693, "_wandb": {"runtime": 3203}}