{"Table": {"_type": "table-file", "sha256": "953d28f8bf7556c5c8394928e55a926f3104e13033eac03dc147c17f447c7138", "size": 2125, "artifact_path": "wandb-client-artifact://89s17sp5b2ojdho49rv6z16kaopv9ohkcteiwkev4map8h7nzs2wqg899p38025jy2clqlpuh2ki9idy5ul6scmkryxbeid31hyh0jw40p7gprrt5ctupnfe8bhcc5yq:latest/Table.table.json", "_latest_artifact_path": "wandb-client-artifact://89s17sp5b2ojdho49rv6z16kaopv9ohkcteiwkev4map8h7nzs2wqg899p38025jy2clqlpuh2ki9idy5ul6scmkryxbeid31hyh0jw40p7gprrt5ctupnfe8bhcc5yq:latest/Table.table.json", "path": "media/table/Table_0_953d28f8bf7556c5c839.table.json", "ncols": 13, "nrows": 10}, "_timestamp": 1711068239.0473487, "_runtime": 3339.714025735855, "_step": 1, "mean_T0T": -0.9668689869930375, "std_T0T": 0.09351989980594237, "mean_0T0": -3.6399450814385292, "std_0T0": 0.00028362523567093434, "mean_middle": -1.722554513246135, "std_middle": 0.011072766078549868, "mean_loss": 4.495318717090413e-05, "std_loss": 6.078314618207514e-05, "guidance_scale": 1, "inv_time": 332.45089864730835, "_wandb": {"runtime": 3339}}