{"Table": {"_type": "table-file", "sha256": "0062f418eece22400f24a695896ca6b0bd6bb1a8be59c4c15dffe46143ae2de0", "size": 2123, "artifact_path": "wandb-client-artifact://yhlessaz3qsih1zh4jun31ebg1q01mtcabftpw0rjf7sgulmyn65xdjhk1qrn9o8xt30uc4t5fnaqbj5km0cfbnzcd27oayqdhkzzs4yxfvhj89qkbe4k6chmcon0ved:latest/Table.table.json", "_latest_artifact_path": "wandb-client-artifact://yhlessaz3qsih1zh4jun31ebg1q01mtcabftpw0rjf7sgulmyn65xdjhk1qrn9o8xt30uc4t5fnaqbj5km0cfbnzcd27oayqdhkzzs4yxfvhj89qkbe4k6chmcon0ved:latest/Table.table.json", "path": "media/table/Table_0_0062f418eece22400f24.table.json", "ncols": 13, "nrows": 10}, "_timestamp": 1711070351.3228736, "_runtime": 2084.6180016994476, "_step": 1, "mean_T0T": -0.8442115697418355, "std_T0T": 0.10687116992801819, "mean_0T0": -2.8260189549997534, "std_0T0": 0.00312899268728529, "mean_middle": -1.4285173032321412, "std_middle": 0.01928889652634943, "mean_loss": 0.00034740575938485563, "std_loss": 0.000827329873573035, "guidance_scale": 1, "inv_time": 206.90973365306854, "_wandb": {"runtime": 2083}}