{"Table": {"_type": "table-file", "sha256": "81965eaa9be4a9112d266853c0cfb6738acf7516daa7cb0ecac20de779be2d97", "size": 2088, "artifact_path": "wandb-client-artifact://su3e9ezexsbtdsuauyxvkdsg8yr0s4856vuy8275magz159aebcyh347eonb9y12u9nmhaishxsz5niohv6h0bk7p9roxajl9nvtkhdhpbijvc6kvkavzsfp99usucva:latest/Table.table.json", "_latest_artifact_path": "wandb-client-artifact://su3e9ezexsbtdsuauyxvkdsg8yr0s4856vuy8275magz159aebcyh347eonb9y12u9nmhaishxsz5niohv6h0bk7p9roxajl9nvtkhdhpbijvc6kvkavzsfp99usucva:latest/Table.table.json", "path": "media/table/Table_0_81965eaa9be4a9112d26.table.json", "ncols": 13, "nrows": 10}, "_timestamp": 1711429543.4219565, "_runtime": 420.5281045436859, "_step": 1, "mean_T0T": -4.925482498643487, "std_T0T": 0.11103483400282892, "mean_0T0": -17.24159672911966, "std_0T0": 0.0176604370336394, "mean_middle": -6.719622232212155, "std_middle": 0.05408024033183745, "mean_loss": 0.0037597864866256714, "std_loss": 0.003374735126271844, "guidance_scale": 1, "inv_time": 40.65041179656983, "_wandb": {"runtime": 419}}