{"Table": {"_type": "table-file", "sha256": "23eec720d84ad8e9c7dbd53dff7c2afa92915664584fc876f3d272c8db60aeb7", "size": 2094, "artifact_path": "wandb-client-artifact://vlr58ujp6dqhbamz6td4xglum8wyq0l5i9d742ah3a2mwd7s7di1a4nlq1yghtfh3pshlow1az11w4w1alro1pqgj25mv75tt9o4qds5p74wonqu6ierzvpjfox5ujav:latest/Table.table.json", "_latest_artifact_path": "wandb-client-artifact://vlr58ujp6dqhbamz6td4xglum8wyq0l5i9d742ah3a2mwd7s7di1a4nlq1yghtfh3pshlow1az11w4w1alro1pqgj25mv75tt9o4qds5p74wonqu6ierzvpjfox5ujav:latest/Table.table.json", "path": "media/table/Table_0_23eec720d84ad8e9c7db.table.json", "ncols": 13, "nrows": 10}, "_timestamp": 1711624906.3355355, "_runtime": 557.4673895835876, "_step": 1, "mean_T0T": -3.6165726561558125, "std_T0T": 0.1570371988958794, "mean_0T0": -19.800489254321295, "std_0T0": 0.008326092970840563, "mean_middle": -6.508597734695364, "std_middle": 0.06408660209759508, "mean_loss": 8.56673505040817e-05, "std_loss": 0.00014155970711726695, "guidance_scale": 1, "inv_time": 54.33099505901337, "_wandb": {"runtime": 556}}