{"Table": {"_type": "table-file", "sha256": "b2d9d1afa181d57ad08a62d76c555d4102ab6cc14cd1d246da64c4139a54fb6f", "size": 2110, "artifact_path": "wandb-client-artifact://qn78r2iuwvqocm7s1vqwsfsfm1x53lecys6f5cqugsiub9oxuef31tht918dygrqu9t0v41gw73dv5llha9tixjj0ntgmptgx65901u39pwsgjbfu2207qjkrwru6gn0:latest/Table.table.json", "_latest_artifact_path": "wandb-client-artifact://qn78r2iuwvqocm7s1vqwsfsfm1x53lecys6f5cqugsiub9oxuef31tht918dygrqu9t0v41gw73dv5llha9tixjj0ntgmptgx65901u39pwsgjbfu2207qjkrwru6gn0:latest/Table.table.json", "path": "media/table/Table_0_b2d9d1afa181d57ad08a.table.json", "ncols": 13, "nrows": 10}, "_timestamp": 1711388787.2488546, "_runtime": 549.6186866760254, "_step": 1, "mean_T0T": -6.232320896503957, "std_T0T": 0.14440791095099054, "mean_0T0": -25.064068244664952, "std_0T0": 0.0021472133915981795, "mean_middle": -10.711007948474807, "std_middle": 0.04542502505772637, "mean_loss": 0.0006356170633807778, "std_loss": 0.00044647129834629595, "guidance_scale": 1, "inv_time": 53.5092554807663, "_wandb": {"runtime": 548}}