{"Table": {"_type": "table-file", "sha256": "9eb3b69a1c5e8291bd5897824813d47077be1ed4ac51a20ff5a69e8800fe0235", "size": 43852, "artifact_path": "wandb-client-artifact://j7d0913bbdofoojpzi3u3jn52f0sk0rq3hgp9s5qyc2brkt7lvsymbnxzex4crksjnwsea9jkbyxob0lykzoti85ghh6hx1m1dduz1oto639qrzp4voh8grwm0aqotoo:latest/Table.table.json", "_latest_artifact_path": "wandb-client-artifact://j7d0913bbdofoojpzi3u3jn52f0sk0rq3hgp9s5qyc2brkt7lvsymbnxzex4crksjnwsea9jkbyxob0lykzoti85ghh6hx1m1dduz1oto639qrzp4voh8grwm0aqotoo:latest/Table.table.json", "path": "media/table/Table_0_9eb3b69a1c5e8291bd58.table.json", "ncols": 15, "nrows": 100}, "_timestamp": 1713687828.537114, "_runtime": 1209.8982009887695, "_step": 1, "mean_T0T": -7.038354655759614, "std_T0T": 0.057861373768401114, "mean_0T0": -2.3460175241882912, "std_0T0": 0.20455543297064135, "mean_middle": -1.831059098427164, "std_middle": 0.1606601615543352, "mean_loss": 0.0035621984861791134, "std_loss": 0.005546613596379757, "guidance_scale": 1, "inv_time": 3.1615449142456056, "prompt": "zoey deutch with white bra portrait | | realistic shaded, unpleasant face, bad looking, fine details, realistic shaded lighting poster by greg rutkowski, magali villeneuve, artgerm, jeremy lipkin and michael garmash and rob rey", "mean_memory_usage": 4.954189300537109, "decoder lr": 0.01, "_wandb": {"runtime": 1209}}