{"Table": {"_type": "table-file", "sha256": "ca340a2332a1759b71ff3a8b6b0c4aa40db157b274a3370fa8c86f59e267dbfe", "size": 722, "artifact_path": "wandb-client-artifact://jkcdus85wae9j85wl1ll3thon568idl2ysl4xp9gm2e4o4sm9ztk46imz9d0txabaux0qzl8ycrqycq1x1hldays4iu48u35265mxtkj3g275lho4jo21n6z5lifcve5:latest/Table.table.json", "_latest_artifact_path": "wandb-client-artifact://jkcdus85wae9j85wl1ll3thon568idl2ysl4xp9gm2e4o4sm9ztk46imz9d0txabaux0qzl8ycrqycq1x1hldays4iu48u35265mxtkj3g275lho4jo21n6z5lifcve5:latest/Table.table.json", "path": "media/table/Table_0_ca340a2332a1759b71ff.table.json", "ncols": 15, "nrows": 1}, "_timestamp": 1713758360.9032354, "_runtime": 24.736236333847046, "_step": 1, "mean_T0T": -7.58189264716251, "std_T0T": 0.0, "mean_0T0": -11.623127481918583, "std_0T0": 0.0, "mean_middle": -12.658075636620701, "std_middle": 0.0, "mean_loss": 0.25227439403533936, "std_loss": 0.0, "guidance_scale": 1, "inv_time": 17.279906749725342, "prompt": "young, curly haired, redhead Natalie Portman  as a optimistic!, cheerful, giddy medieval innkeeper in a dark medieval inn. dark shadows, colorful, candle light,  law contrasts, fantasy concept art by Jakub Rozalski, Jan Matejko, and J.Dickenson", "mean_memory_usage": 4.951168060302734, "decoder lr": 0.1, "_wandb": {"runtime": 24}}