{"Table": {"_type": "table-file", "sha256": "ad5f0f93c29a07279330496a6830f54792bca1a33055f70a367a412ec8dd3975", "size": 4880, "artifact_path": "wandb-client-artifact://hvtct32ff18cloepbtq0fa2vnspwd0bsaei1h6zcamjd9ybjo3cdtpuvk9ztzw7nxi3q923px2cfsddfr4d3adgnk02zbeimjl0urdcvw46qn6f2hohw588sxox51k3z:latest/Table.table.json", "_latest_artifact_path": "wandb-client-artifact://hvtct32ff18cloepbtq0fa2vnspwd0bsaei1h6zcamjd9ybjo3cdtpuvk9ztzw7nxi3q923px2cfsddfr4d3adgnk02zbeimjl0urdcvw46qn6f2hohw588sxox51k3z:latest/Table.table.json", "path": "media/table/Table_0_ad5f0f93c29a07279330.table.json", "ncols": 15, "nrows": 10}, "_timestamp": 1713511381.9891272, "_runtime": 266.92500710487366, "_step": 1, "mean_T0T": -8.682445313194147, "std_T0T": 0.07095646672663808, "mean_0T0": -19.65854709047056, "std_0T0": 0.005239618865416338, "mean_middle": -11.71170713404572, "std_middle": 0.057084353944840474, "mean_loss": 0.0031715992372483015, "std_loss": 0.0033720219507813454, "guidance_scale": 1, "inv_time": 17.12829601764679, "prompt": "professional concept art symmetrical portrait of a horrendous mechanical predatory fractal! species in a dark room by artgerm and greg rutkowski. an intricate, elegant, highly detailed digital painting, concept art, smooth, sharp focus, illustration, in the style of cam sykes.", "mean_memory_usage": 0.9465947151184082, "decoder lr": 0.1, "_wandb": {"runtime": 266}}