{"Table": {"_type": "table-file", "sha256": "30062e15afdb82ac77dac277a031e5a64a1131f7371a79eefcf61059312ddd38", "size": 2093, "artifact_path": "wandb-client-artifact://wir88z1ynb0u4k9f2qr0fp4jgi3xkyvu782vjoqurykdhvaku2m4ib3ta67c7cur8rzr4fa9y86hs3gervae920vhg5jbq6o7jqr61w2h3cpyw6w7n6bd13hlvqs2y4a:latest/Table.table.json", "_latest_artifact_path": "wandb-client-artifact://wir88z1ynb0u4k9f2qr0fp4jgi3xkyvu782vjoqurykdhvaku2m4ib3ta67c7cur8rzr4fa9y86hs3gervae920vhg5jbq6o7jqr61w2h3cpyw6w7n6bd13hlvqs2y4a:latest/Table.table.json", "path": "media/table/Table_0_30062e15afdb82ac77da.table.json", "ncols": 13, "nrows": 10}, "_timestamp": 1711544497.85315, "_runtime": 475.4359679222107, "_step": 1, "mean_T0T": -4.123203518057023, "std_T0T": 0.1443413312445864, "mean_0T0": -19.70183070611761, "std_0T0": 0.009234767372058778, "mean_middle": -6.7749898088046265, "std_middle": 0.06600097765850331, "mean_loss": 0.001755105098709464, "std_loss": 0.0016839917516335845, "guidance_scale": 1, "inv_time": 46.11320025920868, "_wandb": {"runtime": 474}}