{"Table": {"_type": "table-file", "sha256": "f8b5954df07896fe5ae200ce3aab1bb867669fd7808be5378a91d1969d01fb9b", "size": 2082, "artifact_path": "wandb-client-artifact://f8inbiz5axxh22cmlt3kuimlbvxm4w1i79sw8cn170zj2632dd55kalsa8wezbs8vyetb25dkffillehl7lhfqdjgvgi6nq78j6ynrgvskpzyea4nyr6lsl0pnr60hdn:latest/Table.table.json", "_latest_artifact_path": "wandb-client-artifact://f8inbiz5axxh22cmlt3kuimlbvxm4w1i79sw8cn170zj2632dd55kalsa8wezbs8vyetb25dkffillehl7lhfqdjgvgi6nq78j6ynrgvskpzyea4nyr6lsl0pnr60hdn:latest/Table.table.json", "path": "media/table/Table_0_f8b5954df07896fe5ae2.table.json", "ncols": 13, "nrows": 10}, "_timestamp": 1711441072.737798, "_runtime": 140.74565601348877, "_step": 1, "mean_T0T": -4.4520061715511545, "std_T0T": 0.10052461446028263, "mean_0T0": -12.629754731702079, "std_0T0": 0.04913113758595532, "mean_middle": -5.2463651345038045, "std_middle": 0.10703933019945534, "mean_loss": 0.010435775853693485, "std_loss": 0.005258312914520502, "guidance_scale": 1, "inv_time": 12.664934062957764, "_wandb": {"runtime": 140}}