{"Table": {"_type": "table-file", "sha256": "1987aa5e91e728315593047221d37ea85df7852396429b68fc08fdfcd69d4e97", "size": 44307, "artifact_path": "wandb-client-artifact://pl8y7h79kqyqag7m2rviu4v8hdt16g42zk1rpibi5ktotj667w5eq84mn3fygh4xpsx9aca6j4ecdt5q4n8pjxcdhanvabybwmasfmjkmy1f59ixyun17vdawbuycy2e:latest/Table.table.json", "_latest_artifact_path": "wandb-client-artifact://pl8y7h79kqyqag7m2rviu4v8hdt16g42zk1rpibi5ktotj667w5eq84mn3fygh4xpsx9aca6j4ecdt5q4n8pjxcdhanvabybwmasfmjkmy1f59ixyun17vdawbuycy2e:latest/Table.table.json", "path": "media/table/Table_0_1987aa5e91e728315593.table.json", "ncols": 15, "nrows": 100}, "_timestamp": 1713604056.6237977, "_runtime": 2579.8678646087646, "_step": 1, "mean_T0T": -9.191168128239564, "std_T0T": 0.05587324927381518, "mean_0T0": -20.86239965918269, "std_0T0": 0.007131018796132072, "mean_middle": -11.17678281340118, "std_middle": 0.06558434849636494, "mean_loss": 0.0027000736445188522, "std_loss": 0.0031600622460246086, "guidance_scale": 1, "inv_time": 16.847728481292723, "prompt": "zoey deutch with white bra portrait | | realistic shaded, unpleasant face, bad looking, fine details, realistic shaded lighting poster by greg rutkowski, magali villeneuve, artgerm, jeremy lipkin and michael garmash and rob rey", "mean_memory_usage": 0.9458622932434082, "decoder lr": 0.1, "_wandb": {"runtime": 2579}}