{"Table": {"_type": "table-file", "sha256": "1c9d5f218c4fc80913bdb9e339b7505b3db546aa6cb700791ff42d95c8054980", "size": 43708, "artifact_path": "wandb-client-artifact://vvgao9t3cqa4obnerukq9fo64bgbnz2dqcyddfdn2eszueos5d840s5ni5ig2k07ue51noamy2t64z5pkmkmllbolfdmawg5os1dthaelx0ps51ur956vbn7xq0nwwys:latest/Table.table.json", "_latest_artifact_path": "wandb-client-artifact://vvgao9t3cqa4obnerukq9fo64bgbnz2dqcyddfdn2eszueos5d840s5ni5ig2k07ue51noamy2t64z5pkmkmllbolfdmawg5os1dthaelx0ps51ur956vbn7xq0nwwys:latest/Table.table.json", "path": "media/table/Table_0_1c9d5f218c4fc80913bd.table.json", "ncols": 15, "nrows": 100}, "_timestamp": 1713785201.613771, "_runtime": 1358.7399179935455, "_step": 1, "mean_T0T": -1.8417353674466688, "std_T0T": 0.15350983883456634, "mean_0T0": -2.604746799211659, "std_0T0": 0.16477032213802711, "mean_middle": 0.7432842747836256, "std_middle": 0.34921317201662744, "mean_loss": 0.0010976791381835938, "std_loss": 0.0008459091186523438, "guidance_scale": 1, "inv_time": 9.770367178916931, "prompt": "zoey deutch with white bra portrait | | realistic shaded, unpleasant face, bad looking, fine details, realistic shaded lighting poster by greg rutkowski, magali villeneuve, artgerm, jeremy lipkin and michael garmash and rob rey", "mean_memory_usage": 8.381809787750244, "decoder lr": 0.1, "_wandb": {"runtime": 1357}}