{"Table": {"_type": "table-file", "sha256": "9787627a154ed393222d341d1d81d401d90aaab2b94386b65f68308cd5d0ce57", "size": 44095, "artifact_path": "wandb-client-artifact://wnkxkph7puqvuq5hsi23h9r0tgldi807l0ooi7emd7l3dfyubyxsnip6swm1lgp82gtpop9cs4c666c8n40yhyxodjbv13t62hhj0yi016lfuumyag0x1e8kfitq8pkm:latest/Table.table.json", "_latest_artifact_path": "wandb-client-artifact://wnkxkph7puqvuq5hsi23h9r0tgldi807l0ooi7emd7l3dfyubyxsnip6swm1lgp82gtpop9cs4c666c8n40yhyxodjbv13t62hhj0yi016lfuumyag0x1e8kfitq8pkm:latest/Table.table.json", "path": "media/table/Table_0_9787627a154ed393222d.table.json", "ncols": 15, "nrows": 100}, "_timestamp": 1713573062.2409198, "_runtime": 2486.787577867508, "_step": 1, "mean_T0T": -5.344185112646684, "std_T0T": 0.08747136672087409, "mean_0T0": -16.707108385765082, "std_0T0": 0.009204951056428773, "mean_middle": -7.687116929835693, "std_middle": 0.0452347454096235, "mean_loss": 0.0028639640659093857, "std_loss": 0.005036331247538328, "guidance_scale": 1, "inv_time": 15.932548577785491, "prompt": "zoey deutch with white bra portrait | | realistic shaded, unpleasant face, bad looking, fine details, realistic shaded lighting poster by greg rutkowski, magali villeneuve, artgerm, jeremy lipkin and michael garmash and rob rey", "mean_memory_usage": 5.839916577339173, "decoder lr": 0.05, "_wandb": {"runtime": 2486}}