{"Table": {"_type": "table-file", "sha256": "682acd269abc391083fb5ee995d08255e9e75c4497ea83bd4da86b6da8b299db", "size": 2125, "artifact_path": "wandb-client-artifact://843zftd3tblqoide0anam7o43zcjvqegctogojbwnpimkk1ziabaxljbz7j2zq47252002p3xl57h3qwik6xblk2yrg5ofm5h19w1ge13ht3exqn4b1df8oqpygpzmzc:latest/Table.table.json", "_latest_artifact_path": "wandb-client-artifact://843zftd3tblqoide0anam7o43zcjvqegctogojbwnpimkk1ziabaxljbz7j2zq47252002p3xl57h3qwik6xblk2yrg5ofm5h19w1ge13ht3exqn4b1df8oqpygpzmzc:latest/Table.table.json", "path": "media/table/Table_0_682acd269abc391083fb.table.json", "ncols": 13, "nrows": 10}, "_timestamp": 1711006583.0359402, "_runtime": 2003.6404330730438, "_step": 1, "mean_T0T": -9.661300585008906, "std_T0T": 4.591448669063238, "mean_0T0": -34.54087188368773, "std_0T0": 4.514656636357005, "mean_middle": -15.69348463181559, "std_middle": 3.0064862564185737, "mean_loss": -41.16105619219584, "std_loss": 3.8505892339410424, "guidance_scale": 1, "inv_time": 198.86985313892365, "_wandb": {"runtime": 2002}}