{"Table": {"_type": "table-file", "sha256": "f30dc98ecb916cfac07fa8ec66c1e5613cc6a926c830fe5e67700739ac2342e3", "size": 43754, "artifact_path": "wandb-client-artifact://vtf63cukznzby69ybkeppzamaewfvhhlqvljaqgkcyuixrdga8ug63dka2p8j6qo4mcmhaqlhl7njvvwyzro472rtel8yhul8qy494giyrxmpuco36213aaeskjaplbb:latest/Table.table.json", "_latest_artifact_path": "wandb-client-artifact://vtf63cukznzby69ybkeppzamaewfvhhlqvljaqgkcyuixrdga8ug63dka2p8j6qo4mcmhaqlhl7njvvwyzro472rtel8yhul8qy494giyrxmpuco36213aaeskjaplbb:latest/Table.table.json", "path": "media/table/Table_0_f30dc98ecb916cfac07f.table.json", "ncols": 15, "nrows": 100}, "_timestamp": 1713803447.7889585, "_runtime": 2005.1191155910492, "_step": 1, "mean_T0T": 2.234905915546398, "std_T0T": 0.19336343229366995, "mean_0T0": -2.5029553831866744, "std_0T0": 0.19395753625605341, "mean_middle": 6.040023510637633, "std_middle": 1.2756073184758414, "mean_loss": 0.00020635128021240234, "std_loss": 0.0, "guidance_scale": 1, "inv_time": 15.884881522655487, "prompt": "zoey deutch with white bra portrait | | realistic shaded, unpleasant face, bad looking, fine details, realistic shaded lighting poster by greg rutkowski, magali villeneuve, artgerm, jeremy lipkin and michael garmash and rob rey", "mean_memory_usage": 8.383259983062745, "decoder lr": 0.2, "_wandb": {"runtime": 2004}}