{"Table": {"_type": "table-file", "sha256": "cab8420364f5c7e97b26981ee10a5b3f1943646ba196b4b8918634db03df891a", "size": 44229, "artifact_path": "wandb-client-artifact://h2tc0pabm1vrgqzwzuf9jmfwt4h8ml48fu9jcebs0ghs0gr65bbr0cvw2j1mu6qim3q564xyfwiegzdg0skmqv5rkicc1mh3d2hushu9ofrlwy77y625zuw981ldwab3:latest/Table.table.json", "_latest_artifact_path": "wandb-client-artifact://h2tc0pabm1vrgqzwzuf9jmfwt4h8ml48fu9jcebs0ghs0gr65bbr0cvw2j1mu6qim3q564xyfwiegzdg0skmqv5rkicc1mh3d2hushu9ofrlwy77y625zuw981ldwab3:latest/Table.table.json", "path": "media/table/Table_0_cab8420364f5c7e97b26.table.json", "ncols": 15, "nrows": 100}, "_timestamp": 1713787525.276805, "_runtime": 688.9122598171234, "_step": 1, "mean_T0T": -8.57094692849639, "std_T0T": 0.11222334409130344, "mean_0T0": -25.38782996486802, "std_0T0": 0.003255139264928371, "mean_middle": -15.988533923661066, "std_middle": 0.024305415683297266, "mean_loss": 0.0030841827392578125, "std_loss": 0.00244140625, "guidance_scale": 1, "inv_time": 3.046686546802521, "prompt": "zoey deutch with white bra portrait | | realistic shaded, unpleasant face, bad looking, fine details, realistic shaded lighting poster by greg rutkowski, magali villeneuve, artgerm, jeremy lipkin and michael garmash and rob rey", "mean_memory_usage": 2.6301326751708984, "decoder lr": 0.02, "_wandb": {"runtime": 688}}