{"Table": {"_type": "table-file", "sha256": "1f94fa3290939ba25983f2fa9fc33b929f663aa55a029599fc67c682973ccd4e", "size": 44011, "artifact_path": "wandb-client-artifact://crpc8wp54tesdl99wajixoqhv4szdkwwld4asyivo6mdgkni1euur427u6na08zr7852rw86n40yjpu2q90jwtsjn9ytkenohb38d9g6iuivrni5ib9bhlvjvwv8rpoy:latest/Table.table.json", "_latest_artifact_path": "wandb-client-artifact://crpc8wp54tesdl99wajixoqhv4szdkwwld4asyivo6mdgkni1euur427u6na08zr7852rw86n40yjpu2q90jwtsjn9ytkenohb38d9g6iuivrni5ib9bhlvjvwv8rpoy:latest/Table.table.json", "path": "media/table/Table_0_1f94fa3290939ba25983.table.json", "ncols": 15, "nrows": 100}, "_timestamp": 1713561660.397227, "_runtime": 1860.899218082428, "_step": 1, "mean_T0T": -8.028253570522079, "std_T0T": 0.05389975383987584, "mean_0T0": -6.789194628883209, "std_0T0": 0.07399431396317994, "mean_middle": -5.285271583295671, "std_middle": 0.09718093039023142, "mean_loss": 0.003099133027717471, "std_loss": 0.004651540424674749, "guidance_scale": 1, "inv_time": 9.809627113342286, "prompt": "zoey deutch with white bra portrait | | realistic shaded, unpleasant face, bad looking, fine details, realistic shaded lighting poster by greg rutkowski, magali villeneuve, artgerm, jeremy lipkin and michael garmash and rob rey", "mean_memory_usage": 0.6010441780090332, "decoder lr": 0.02, "_wandb": {"runtime": 1860}}