{"Table": {"_type": "table-file", "sha256": "aa7c53115ed1ad5a2b6a9e8b2242aa4b954939e1865629340447649a4c7e231c", "size": 1622, "artifact_path": "wandb-client-artifact://s9xatzutr0098rbg3jzzaous6n2q1pmw3sx6qscr2061pz7s82o9plkgbq4kzdy8h4s0rlgs8yny1me873vzcuobs548avh22mc3gxejkqxsbkxcvgj1gsdos8wwp5my:latest/Table.table.json", "_latest_artifact_path": "wandb-client-artifact://s9xatzutr0098rbg3jzzaous6n2q1pmw3sx6qscr2061pz7s82o9plkgbq4kzdy8h4s0rlgs8yny1me873vzcuobs548avh22mc3gxejkqxsbkxcvgj1gsdos8wwp5my:latest/Table.table.json", "path": "media/table/Table_0_aa7c53115ed1ad5a2b6a.table.json", "ncols": 11, "nrows": 10}, "_timestamp": 1710739438.2638552, "_runtime": 416.03386521339417, "_step": 1, "mean_T0T": 0.41144305539467396, "std_T0T": 0.14686277409766646, "mean_0T0": 0.011942364661257547, "std_0T0": 0.00968616717188186, "guidance_scale": 1, "inv_time": 40.15703604221344, "_wandb": {"runtime": 415}}