{"Table": {"_type": "table-file", "sha256": "841dd605af9e8d7b7b64cbb66f2db8e2376b1018e8f5d3e8ec611093d0774e44", "size": 43823, "artifact_path": "wandb-client-artifact://msj3ogtoya2v6150pchrs3hcg1ryiye2bio80opmyjqa416yk0rc71y3qhb50qx9yvkxvg5k9en1ootq8im2lclxa4cz2bp91te1fhaehg215y4r3rqol333l4fdvtos:latest/Table.table.json", "_latest_artifact_path": "wandb-client-artifact://msj3ogtoya2v6150pchrs3hcg1ryiye2bio80opmyjqa416yk0rc71y3qhb50qx9yvkxvg5k9en1ootq8im2lclxa4cz2bp91te1fhaehg215y4r3rqol333l4fdvtos:latest/Table.table.json", "path": "media/table/Table_0_841dd605af9e8d7b7b64.table.json", "ncols": 15, "nrows": 100}, "_timestamp": 1713777596.2061255, "_runtime": 1040.7793374061584, "_step": 1, "mean_T0T": -4.790633091917468, "std_T0T": 0.1329888580947662, "mean_0T0": -6.047589276076338, "std_0T0": 0.07017630187626958, "mean_middle": -5.176509122517571, "std_middle": 0.0791296683240686, "mean_loss": 0.0028400421142578125, "std_loss": 0.0031833648681640625, "guidance_scale": 1, "inv_time": 6.510987389087677, "prompt": "zoey deutch with white bra portrait | | realistic shaded, unpleasant face, bad looking, fine details, realistic shaded lighting poster by greg rutkowski, magali villeneuve, artgerm, jeremy lipkin and michael garmash and rob rey", "mean_memory_usage": 8.38096872329712, "decoder lr": 0.05, "_wandb": {"runtime": 1040}}