{"Table": {"_type": "table-file", "sha256": "b3520da27f794c3327885bfd8596e2f540b37a238fef670d1551bdf79eee05bf", "size": 1853, "artifact_path": "wandb-client-artifact://w2hn62zurna7g8up8qb42kb3wi99uel65fpgpg6wiqc330dkmo8qs8dlt87n5sqecgsh14slub2s9ho7goh732mbmneg4iuyi3m6rwxw0pl5sfj9k643wuxbtcgwo6tk:latest/Table.table.json", "_latest_artifact_path": "wandb-client-artifact://w2hn62zurna7g8up8qb42kb3wi99uel65fpgpg6wiqc330dkmo8qs8dlt87n5sqecgsh14slub2s9ho7goh732mbmneg4iuyi3m6rwxw0pl5sfj9k643wuxbtcgwo6tk:latest/Table.table.json", "path": "media/table/Table_0_b3520da27f794c332788.table.json", "ncols": 12, "nrows": 10}, "_timestamp": 1710829155.4639614, "_runtime": 453.160213470459, "_step": 1, "mean_T0T": 0.3659200813695788, "std_T0T": 0.15509138586620097, "mean_0T0": 0.006660629957814175, "std_0T0": 0.006208369822280204, "mean_middle": 0.2272020699147939, "std_middle": 0.05263130785217199, "guidance_scale": 1, "inv_time": 43.80694708824158, "_wandb": {"runtime": 452}}