{"Table": {"_type": "table-file", "sha256": "af70d1eebba2d28fcbd0af81da5b5a692d07085d7b7dcb77e1bd02c4a4642181", "size": 44133, "artifact_path": "wandb-client-artifact://7s6guvaq3l7slnynbkc2ph3exjhd9vymgpl018jhfr5py06t3a347vndeb6ax62ncioq0b3xl4z7wgv4ghd2mwhphq9us186vy9s3elscbj2se2t2nyapq9ltekxkah7:latest/Table.table.json", "_latest_artifact_path": "wandb-client-artifact://7s6guvaq3l7slnynbkc2ph3exjhd9vymgpl018jhfr5py06t3a347vndeb6ax62ncioq0b3xl4z7wgv4ghd2mwhphq9us186vy9s3elscbj2se2t2nyapq9ltekxkah7:latest/Table.table.json", "path": "media/table/Table_0_af70d1eebba2d28fcbd0.table.json", "ncols": 15, "nrows": 100}, "_timestamp": 1713542830.2045476, "_runtime": 4106.688007593155, "_step": 1, "mean_T0T": -5.578279796549839, "std_T0T": 0.09205316563088442, "mean_0T0": -21.84471323449031, "std_0T0": 0.005260768134434534, "mean_middle": -8.784226456276258, "std_middle": 0.03911519184507535, "mean_loss": 0.002554448787122965, "std_loss": 0.003401621477678418, "guidance_scale": 1, "inv_time": 32.129950680732726, "prompt": "zoey deutch with white bra portrait | | realistic shaded, unpleasant face, bad looking, fine details, realistic shaded lighting poster by greg rutkowski, magali villeneuve, artgerm, jeremy lipkin and michael garmash and rob rey", "mean_memory_usage": 5.838212933540344, "decoder lr": 0.05, "_wandb": {"runtime": 4106}}