{"Table": {"_type": "table-file", "sha256": "d4e910c988debfc9da399ef17b59b8740b7dc2ddf3c8870fec3691a73258cd99", "size": 47117, "artifact_path": "wandb-client-artifact://3g8vq56xknsq39b8i1m7pi6v4ohid8pdyyn99zvmyigzjwr79p4z9yaf9q2v61eh31a6xrvpmdprlqq8c41kewsuj53j3phh2s4a8lmxym9x371lgc2nwex6f232lev8:latest/Table.table.json", "_latest_artifact_path": "wandb-client-artifact://3g8vq56xknsq39b8i1m7pi6v4ohid8pdyyn99zvmyigzjwr79p4z9yaf9q2v61eh31a6xrvpmdprlqq8c41kewsuj53j3phh2s4a8lmxym9x371lgc2nwex6f232lev8:latest/Table.table.json", "path": "media/table/Table_0_d4e910c988debfc9da39.table.json", "ncols": 17, "nrows": 100}, "_timestamp": 1715644439.4625738, "_runtime": 4071.935644865036, "_step": 1, "mean_T0T": -1.0555582806520811, "std_T0T": 0.11381826380527461, "mean_0T0": 2.701000335341481, "std_0T0": 0.5468126548717531, "mean_middle": -14.523402973990594, "std_middle": 0.0270333633560164, "mean_loss": 6.64453125, "std_loss": 0.681640625, "guidance_scale": 1, "inv_time": 39.8613913154602, "prompt": "zoey deutch with white bra portrait | | realistic shaded, unpleasant face, bad looking, fine details, realistic shaded lighting poster by greg rutkowski, magali villeneuve, artgerm, jeremy lipkin and michael garmash and rob rey", "mean_memory_usage": 2.63602352142334, "decoder lr": 0.02, "_wandb": {"runtime": 4071}}