{"Table": {"_type": "table-file", "sha256": "87eb9891fc20f0e59c07f659c8372e75443fce2bb919e9f0966eb2b765dcaabd", "size": 43917, "artifact_path": "wandb-client-artifact://tsaf6uxt19q296e9la7b02ud767bd0gt4l3ppx3t6jnmwa4pp9ynptf64z140lzmt6n2xtf8a797gcmmszlla49u5s4opp61a5mzc48icfyxcgjjewv2wgzqqv27es6y:latest/Table.table.json", "_latest_artifact_path": "wandb-client-artifact://tsaf6uxt19q296e9la7b02ud767bd0gt4l3ppx3t6jnmwa4pp9ynptf64z140lzmt6n2xtf8a797gcmmszlla49u5s4opp61a5mzc48icfyxcgjjewv2wgzqqv27es6y:latest/Table.table.json", "path": "media/table/Table_0_87eb9891fc20f0e59c07.table.json", "ncols": 15, "nrows": 100}, "_timestamp": 1713691295.965791, "_runtime": 1063.726814031601, "_step": 1, "mean_T0T": -7.614437637180547, "std_T0T": 0.05555462550944549, "mean_0T0": -4.454471413323919, "std_0T0": 0.12662285166205414, "mean_middle": -3.5254913328694353, "std_middle": 0.12361431726548401, "mean_loss": 0.0035987028386443853, "std_loss": 0.004838349297642708, "guidance_scale": 1, "inv_time": 1.8539880514144897, "prompt": "zoey deutch with white bra portrait | | realistic shaded, unpleasant face, bad looking, fine details, realistic shaded lighting poster by greg rutkowski, magali villeneuve, artgerm, jeremy lipkin and michael garmash and rob rey", "mean_memory_usage": 4.767031192779541, "decoder lr": 0.05, "_wandb": {"runtime": 1062}}