{"Table": {"_type": "table-file", "sha256": "eb3471195907684903f679be09737b09acaeab8eff0e4e0692a2d31b0e669696", "size": 43994, "artifact_path": "wandb-client-artifact://mpnfraxaktoy274th8sempil08vkon0fo7go0kxny7kah07dvsj2lifbqumhetzv6hpauq564tioxch7cqr1ifrjaxit0yclm5hud1dg4k9tpjffrjl9a572mj05l1fv:latest/Table.table.json", "_latest_artifact_path": "wandb-client-artifact://mpnfraxaktoy274th8sempil08vkon0fo7go0kxny7kah07dvsj2lifbqumhetzv6hpauq564tioxch7cqr1ifrjaxit0yclm5hud1dg4k9tpjffrjl9a572mj05l1fv:latest/Table.table.json", "path": "media/table/Table_0_eb3471195907684903f6.table.json", "ncols": 15, "nrows": 100}, "_timestamp": 1713620267.833075, "_runtime": 1859.0138051509857, "_step": 1, "mean_T0T": -8.028253570522079, "std_T0T": 0.05389975383987584, "mean_0T0": -6.789194628883209, "std_0T0": 0.07399431396317994, "mean_middle": -5.285271583295671, "std_middle": 0.09718093039023142, "mean_loss": 0.003099133027717471, "std_loss": 0.004651540424674749, "guidance_scale": 1, "inv_time": 9.798451001644134, "prompt": "zoey deutch with white bra portrait | | realistic shaded, unpleasant face, bad looking, fine details, realistic shaded lighting poster by greg rutkowski, magali villeneuve, artgerm, jeremy lipkin and michael garmash and rob rey", "mean_memory_usage": 0.6010441780090332, "decoder lr": 0.02, "_wandb": {"runtime": 1858}}