{"Table": {"_type": "table-file", "sha256": "6f9dfc9d9526fc9611ed813d1639e0eb2757614bd5a0e00e73abfa9554f535ed", "size": 2095, "artifact_path": "wandb-client-artifact://l8i6ocsteooc1qew4k4tfe59jo7saj9jdktdiw1beyz9ou2b5zqry39urbmc7drh82n2r0z11c9uzksrawecjjwrixj7cq3yd0oohawgv0vco68x6ezwrctlgswl0f6k:latest/Table.table.json", "_latest_artifact_path": "wandb-client-artifact://l8i6ocsteooc1qew4k4tfe59jo7saj9jdktdiw1beyz9ou2b5zqry39urbmc7drh82n2r0z11c9uzksrawecjjwrixj7cq3yd0oohawgv0vco68x6ezwrctlgswl0f6k:latest/Table.table.json", "path": "media/table/Table_0_6f9dfc9d9526fc9611ed.table.json", "ncols": 13, "nrows": 10}, "_timestamp": 1711180704.0055542, "_runtime": 450.51508617401123, "_step": 1, "mean_T0T": -4.366040987316304, "std_T0T": 0.1551074104501565, "mean_0T0": -21.76347948098387, "std_0T0": 0.006209604965576334, "mean_middle": -9.366739140069702, "std_middle": 0.02864435620158208, "mean_loss": 0.0012814269866794348, "std_loss": 0.0009391720523126423, "guidance_scale": 1, "inv_time": 43.61977727413178, "_wandb": {"runtime": 449}}