{"Table": {"_type": "table-file", "sha256": "a43604f3f216eddafc1bc16abd34870a78a4a147e7cb279f6a0905a2c96800d4", "size": 43716, "artifact_path": "wandb-client-artifact://zb2723rpraj0kz3xfn6iopgjlj9pg74vjrh8ekpuwxorvaxw2j5vocy80gjs9j98wh05ccsjsp7dq339r49ln5fpkn7825ph65rhayq4e1yipp5xahoqymb4ztysli2p:latest/Table.table.json", "_latest_artifact_path": "wandb-client-artifact://zb2723rpraj0kz3xfn6iopgjlj9pg74vjrh8ekpuwxorvaxw2j5vocy80gjs9j98wh05ccsjsp7dq339r49ln5fpkn7825ph65rhayq4e1yipp5xahoqymb4ztysli2p:latest/Table.table.json", "path": "media/table/Table_0_a43604f3f216eddafc1b.table.json", "ncols": 15, "nrows": 100}, "_timestamp": 1713818601.082768, "_runtime": 3610.661262989044, "_step": 1, "mean_T0T": 3.0318856304603226, "std_T0T": 0.2892098948146691, "mean_0T0": -2.6650428694014225, "std_0T0": 0.18988614957607422, "mean_middle": 6.86110113786074, "std_middle": 1.5963877824688126, "mean_loss": 0.00017499923706054688, "std_loss": 0.0, "guidance_scale": 1, "inv_time": 31.961893877983094, "prompt": "zoey deutch with white bra portrait | | realistic shaded, unpleasant face, bad looking, fine details, realistic shaded lighting poster by greg rutkowski, magali villeneuve, artgerm, jeremy lipkin and michael garmash and rob rey", "mean_memory_usage": 8.383259983062745, "decoder lr": 0.2, "_wandb": {"runtime": 3609}}