{"Table": {"_type": "table-file", "sha256": "418467d6b892d00d8e0008de27c51db1d52e69784c2eaf52d958940f9b7056e8", "size": 43764, "artifact_path": "wandb-client-artifact://e6n6od3qy1t3c8ti0kkbeffezvrtmxsozlyburjvapa56p91ogb954ehl8hoob8j6li54v4qre141slqm8j2ae360hy3k3fns5q3ehmjohi97a9boordiiwh1yrtqevm:latest/Table.table.json", "_latest_artifact_path": "wandb-client-artifact://e6n6od3qy1t3c8ti0kkbeffezvrtmxsozlyburjvapa56p91ogb954ehl8hoob8j6li54v4qre141slqm8j2ae360hy3k3fns5q3ehmjohi97a9boordiiwh1yrtqevm:latest/Table.table.json", "path": "media/table/Table_0_418467d6b892d00d8e00.table.json", "ncols": 15, "nrows": 100}, "_timestamp": 1713786710.1744032, "_runtime": 1365.5999491214752, "_step": 1, "mean_T0T": -3.878009896591481, "std_T0T": 0.14308956062968672, "mean_0T0": -4.290584734326334, "std_0T0": 0.10174394345779715, "mean_middle": -3.0561517599217187, "std_middle": 0.13653199344573666, "mean_loss": 0.003620147705078125, "std_loss": 0.01308441162109375, "guidance_scale": 1, "inv_time": 9.748195316791534, "prompt": "zoey deutch with white bra portrait | | realistic shaded, unpleasant face, bad looking, fine details, realistic shaded lighting poster by greg rutkowski, magali villeneuve, artgerm, jeremy lipkin and michael garmash and rob rey", "mean_memory_usage": 8.38096872329712, "decoder lr": 0.05, "_wandb": {"runtime": 1364}}