{"Table": {"_type": "table-file", "sha256": "3c5c0fee0d74c9e7d33cb497b75a2c565330c186e6f947d88e8baf29205d1047", "size": 2043, "artifact_path": "wandb-client-artifact://j5te5nqphi1ng3vvzoxeujlvcietu8nu99z4modaiajv8kixlkpulqcgk8c65ukpdgdknrexvtwbnzrqyedarnmhpvv9sb3mrxeevo9qtiwoxqqiwh4xqlg0b4px3nqd:latest/Table.table.json", "_latest_artifact_path": "wandb-client-artifact://j5te5nqphi1ng3vvzoxeujlvcietu8nu99z4modaiajv8kixlkpulqcgk8c65ukpdgdknrexvtwbnzrqyedarnmhpvv9sb3mrxeevo9qtiwoxqqiwh4xqlg0b4px3nqd:latest/Table.table.json", "path": "media/table/Table_0_3c5c0fee0d74c9e7d33c.table.json", "ncols": 13, "nrows": 10}, "_timestamp": 1711427036.315103, "_runtime": 412.2269220352173, "_step": 1, "mean_T0T": -0.27714850524214635, "std_T0T": 0.2555479251782405, "mean_0T0": -4.1887625973327856, "std_0T0": 0.204058075301882, "mean_middle": 6.330363066568941, "std_middle": 2.1057556793986527, "mean_loss": 0.07689385116100311, "std_loss": 0.035247236490249634, "guidance_scale": 1, "inv_time": 39.811262583732606, "_wandb": {"runtime": 411}}