{"Table": {"_type": "table-file", "sha256": "7bb4cdf0632d72cd29a2b2ed3d9469f07e26e4b9fdf5a58f710a0ad6f0b82a6c", "size": 44329, "artifact_path": "wandb-client-artifact://hxkbr1empcxo6nfwqjdyjc3uncnvj9xlsifiy3ssfyst91d6unchfyuhcv1711748bwpt97pzb5hueetf9u8qma0jb2h5idqh0pjdk8ddwt63pucx0uqnd5v8zz80dqx:latest/Table.table.json", "_latest_artifact_path": "wandb-client-artifact://hxkbr1empcxo6nfwqjdyjc3uncnvj9xlsifiy3ssfyst91d6unchfyuhcv1711748bwpt97pzb5hueetf9u8qma0jb2h5idqh0pjdk8ddwt63pucx0uqnd5v8zz80dqx:latest/Table.table.json", "path": "media/table/Table_0_7bb4cdf0632d72cd29a2.table.json", "ncols": 15, "nrows": 100}, "_timestamp": 1713778300.5270774, "_runtime": 595.2412483692169, "_step": 1, "mean_T0T": -8.352274635337476, "std_T0T": 0.1108077254763609, "mean_0T0": -25.147139961223548, "std_0T0": 0.003443478493142659, "mean_middle": -15.785003805338452, "std_middle": 0.02435090902422286, "mean_loss": 0.003215789794921875, "std_loss": 0.0029392242431640625, "guidance_scale": 1, "inv_time": 2.0387571382522585, "prompt": "zoey deutch with white bra portrait | | realistic shaded, unpleasant face, bad looking, fine details, realistic shaded lighting poster by greg rutkowski, magali villeneuve, artgerm, jeremy lipkin and michael garmash and rob rey", "mean_memory_usage": 2.621091842651367, "decoder lr": 0.02, "_wandb": {"runtime": 594}}