{"Table": {"_type": "table-file", "sha256": "a510e81f5b47a0130b428581bd5df70ff0410c0a6c24089c9b3b8bb848663c03", "size": 47304, "artifact_path": "wandb-client-artifact://6lhvcz6iwa2enabsex3qgfhqstjv24fveyzlwauhnex8fkntxjtkgzauy5t7nz9i5m1ttoshvuaedasfcfjgwsh6vaowxvvtjfn8hm3ypmc8vmlpl276h4mrt3xh40vu:latest/Table.table.json", "_latest_artifact_path": "wandb-client-artifact://6lhvcz6iwa2enabsex3qgfhqstjv24fveyzlwauhnex8fkntxjtkgzauy5t7nz9i5m1ttoshvuaedasfcfjgwsh6vaowxvvtjfn8hm3ypmc8vmlpl276h4mrt3xh40vu:latest/Table.table.json", "path": "media/table/Table_0_a510e81f5b47a0130b42.table.json", "ncols": 17, "nrows": 100}, "_timestamp": 1715495902.3168497, "_runtime": 12055.836144685745, "_step": 1, "mean_T0T": -1.1682633133147249, "std_T0T": 0.11849121740178116, "mean_0T0": 2.6655638033776636, "std_0T0": 0.5555576626849648, "mean_middle": -12.82085604240271, "std_middle": 0.10658536323392513, "mean_loss": 6.5859375, "std_loss": 0.70654296875, "guidance_scale": 1, "inv_time": 119.69104619979858, "prompt": "zoey deutch with white bra portrait | | realistic shaded, unpleasant face, bad looking, fine details, realistic shaded lighting poster by greg rutkowski, magali villeneuve, artgerm, jeremy lipkin and michael garmash and rob rey", "mean_memory_usage": 2.64212703704834, "decoder lr": 0.001, "_wandb": {"runtime": 12055}}