{"Table": {"_type": "table-file", "sha256": "18a4c688574b4c674bed004c316f3b9fe061fc54d9cc23b5cde43bc1c027b6df", "size": 2051, "artifact_path": "wandb-client-artifact://h6dv27nukej4onunaidr0t9p2uo9b4jk775n7h00b07vv4jzaow9oaxsw1u40ul289y1u0nykwv7f4213sbl7vxtn520oywfrmm5feb7qwvprny3v3j2okmzsd36nx78:latest/Table.table.json", "_latest_artifact_path": "wandb-client-artifact://h6dv27nukej4onunaidr0t9p2uo9b4jk775n7h00b07vv4jzaow9oaxsw1u40ul289y1u0nykwv7f4213sbl7vxtn520oywfrmm5feb7qwvprny3v3j2okmzsd36nx78:latest/Table.table.json", "path": "media/table/Table_0_18a4c688574b4c674bed.table.json", "ncols": 13, "nrows": 10}, "_timestamp": 1711425738.543602, "_runtime": 415.90751910209656, "_step": 1, "mean_T0T": 14.694312323023905, "std_T0T": 12.912731914122748, "mean_0T0": -11.296548051939638, "std_0T0": 0.04304660780427619, "mean_middle": 18.023866413041482, "std_middle": 38.93392899978318, "mean_loss": 0.015786774456501007, "std_loss": 0.007636944763362408, "guidance_scale": 1, "inv_time": 39.97111184597016, "_wandb": {"runtime": 414}}