{"Table": {"_type": "table-file", "sha256": "18672df2ca3b9fc2bc101460f7e91291d69bc479395524ac1aeb089db894ed81", "size": 47157, "artifact_path": "wandb-client-artifact://87o7esx1xsbagr0t6ptu7bl1cbipb14ufrd2fvj836r45qjw8h1t6bed8nu7p4ee5mkqkulxum61i0sceo7533sllquuobboy89ky0weg2aujia90o1zv02mphw6ue6q:latest/Table.table.json", "_latest_artifact_path": "wandb-client-artifact://87o7esx1xsbagr0t6ptu7bl1cbipb14ufrd2fvj836r45qjw8h1t6bed8nu7p4ee5mkqkulxum61i0sceo7533sllquuobboy89ky0weg2aujia90o1zv02mphw6ue6q:latest/Table.table.json", "path": "media/table/Table_0_18672df2ca3b9fc2bc10.table.json", "ncols": 17, "nrows": 100}, "_timestamp": 1715425938.0451388, "_runtime": 1598.4945838451385, "_step": 1, "mean_T0T": -1.2154380285289548, "std_T0T": 0.11531415094402205, "mean_0T0": 2.6937480357259442, "std_0T0": 0.5475698994625893, "mean_middle": -14.649158366208981, "std_middle": 0.03558450043682309, "mean_loss": 6.6328125, "std_loss": 0.681640625, "guidance_scale": 1, "inv_time": 15.10413999080658, "prompt": "zoey deutch with white bra portrait | | realistic shaded, unpleasant face, bad looking, fine details, realistic shaded lighting poster by greg rutkowski, magali villeneuve, artgerm, jeremy lipkin and michael garmash and rob rey", "mean_memory_usage": 2.63260555267334, "decoder lr": 0.01, "_wandb": {"runtime": 1597}}