{"Table": {"_type": "table-file", "sha256": "fb55400afb75dad1cb8dd4273be13c1420e5bc358293767aeaa817c40931d362", "size": 43968, "artifact_path": "wandb-client-artifact://2r9gkufs3x4kslnh0zvylncedjrw8rrzirl6f9tjr3c1008vo0s7j3s0hr0xnkrjokjss83sep7ac5dj3wjdkr1ybyrk7q4cqamqoz2zmlbij7fsh423gbcv4co3vdyt:latest/Table.table.json", "_latest_artifact_path": "wandb-client-artifact://2r9gkufs3x4kslnh0zvylncedjrw8rrzirl6f9tjr3c1008vo0s7j3s0hr0xnkrjokjss83sep7ac5dj3wjdkr1ybyrk7q4cqamqoz2zmlbij7fsh423gbcv4co3vdyt:latest/Table.table.json", "path": "media/table/Table_0_fb55400afb75dad1cb8d.table.json", "ncols": 15, "nrows": 100}, "_timestamp": 1713563564.512894, "_runtime": 1860.733848810196, "_step": 1, "mean_T0T": -7.593511894671111, "std_T0T": 0.055575765352791726, "mean_0T0": -4.347809887874467, "std_0T0": 0.12954865464239207, "mean_middle": -3.446801346047406, "std_middle": 0.1247249657600944, "mean_loss": 0.003287358209490776, "std_loss": 0.0041622621938586235, "guidance_scale": 1, "inv_time": 9.806786415576935, "prompt": "zoey deutch with white bra portrait | | realistic shaded, unpleasant face, bad looking, fine details, realistic shaded lighting poster by greg rutkowski, magali villeneuve, artgerm, jeremy lipkin and michael garmash and rob rey", "mean_memory_usage": 0.6010441780090332, "decoder lr": 0.01, "_wandb": {"runtime": 1860}}