{"Table": {"_type": "table-file", "sha256": "9786fc25346b807811e25346ae7a7fdea390d2723e3585c6ed0202c4e37e39a9", "size": 2065, "artifact_path": "wandb-client-artifact://xc1ygsssl3ed5tkhslckt2by3vmy8fvll8f4bdd6uqkitdjnbxw6glhmz06e7tbe7i7vjuv662hfrzguekqhqhp0zglqf72crem0issd941qc4tdlk9k0eqg90el4ve4:latest/Table.table.json", "_latest_artifact_path": "wandb-client-artifact://xc1ygsssl3ed5tkhslckt2by3vmy8fvll8f4bdd6uqkitdjnbxw6glhmz06e7tbe7i7vjuv662hfrzguekqhqhp0zglqf72crem0issd941qc4tdlk9k0eqg90el4ve4:latest/Table.table.json", "path": "media/table/Table_0_9786fc25346b807811e2.table.json", "ncols": 13, "nrows": 10}, "_timestamp": 1711518365.2214124, "_runtime": 1589.613359451294, "_step": 1, "mean_T0T": -4.9515808534282915, "std_T0T": 0.10711651564258756, "mean_0T0": -6.333316928364935, "std_0T0": 0.2136898998569833, "mean_middle": -12.718542358467595, "std_middle": 0.03207251307217709, "mean_loss": 0.3630676865577698, "std_loss": 0.15871860086917877, "guidance_scale": 1, "inv_time": 157.4646653652191, "_wandb": {"runtime": 1588}}