{"Table": {"_type": "table-file", "sha256": "5ed1847faac78643bb07c21e237724e99432b93ada599fd7ddabc12c9db03f93", "size": 43801, "artifact_path": "wandb-client-artifact://mfdch4uk0wnmfwc2ka3a5qat4q4rd19acc7mse1v0tvgpkuz4xa9hrsqy7ubq7ax3w2u6e5b00eqrnphy53iq3ifi9vdg850rhk5r0w1h337ioyty46f2f61uo3vr6jq:latest/Table.table.json", "_latest_artifact_path": "wandb-client-artifact://mfdch4uk0wnmfwc2ka3a5qat4q4rd19acc7mse1v0tvgpkuz4xa9hrsqy7ubq7ax3w2u6e5b00eqrnphy53iq3ifi9vdg850rhk5r0w1h337ioyty46f2f61uo3vr6jq:latest/Table.table.json", "path": "media/table/Table_0_5ed1847faac78643bb07.table.json", "ncols": 15, "nrows": 100}, "_timestamp": 1713822343.4320536, "_runtime": 3610.6722226142883, "_step": 1, "mean_T0T": -0.18839932721051209, "std_T0T": 0.1478069554893433, "mean_0T0": -2.8149817425470407, "std_0T0": 0.1835692802725368, "mean_middle": 3.1787978039126004, "std_middle": 0.7187845722204996, "mean_loss": 0.0005917549133300781, "std_loss": 0.0003452301025390625, "guidance_scale": 1, "inv_time": 31.946903584003447, "prompt": "zoey deutch with white bra portrait | | realistic shaded, unpleasant face, bad looking, fine details, realistic shaded lighting poster by greg rutkowski, magali villeneuve, artgerm, jeremy lipkin and michael garmash and rob rey", "mean_memory_usage": 8.381809787750244, "decoder lr": 0.1, "_wandb": {"runtime": 3609}}