{"Table": {"_type": "table-file", "sha256": "fd3f252c6340bba490c595fa5caffb917fd2b29ae9ba485e0bef13450d2ece05", "size": 44320, "artifact_path": "wandb-client-artifact://66uxflfa9th3e8xn9ui0ho2m6b99lg6lgngioocq6fwbhngrhsy447s6lsxub6wy9xc6xy2ycuvll0uok10sb9lcdnu9pg9hkvnenlrhg83szb281hb38w2efa1utvv1:latest/Table.table.json", "_latest_artifact_path": "wandb-client-artifact://66uxflfa9th3e8xn9ui0ho2m6b99lg6lgngioocq6fwbhngrhsy447s6lsxub6wy9xc6xy2ycuvll0uok10sb9lcdnu9pg9hkvnenlrhg83szb281hb38w2efa1utvv1:latest/Table.table.json", "path": "media/table/Table_0_fd3f252c6340bba490c5.table.json", "ncols": 15, "nrows": 100}, "_timestamp": 1713781388.7237825, "_runtime": 734.4718065261841, "_step": 1, "mean_T0T": -8.226624419714978, "std_T0T": 0.10583458406107547, "mean_0T0": -24.852001542993257, "std_0T0": 0.0038352788040456874, "mean_middle": -15.531323652555551, "std_middle": 0.024285954315121563, "mean_loss": 0.003936767578125, "std_loss": 0.00818634033203125, "guidance_scale": 1, "inv_time": 3.4900935387611387, "prompt": "zoey deutch with white bra portrait | | realistic shaded, unpleasant face, bad looking, fine details, realistic shaded lighting poster by greg rutkowski, magali villeneuve, artgerm, jeremy lipkin and michael garmash and rob rey", "mean_memory_usage": 3.286428451538086, "decoder lr": 0.01, "_wandb": {"runtime": 733}}