{"Table": {"_type": "table-file", "sha256": "ae616a028318d5dd09c819118b3a02a8fa0d3483c229b6c04271ea8c6bafe06a", "size": 44326, "artifact_path": "wandb-client-artifact://d6bki6c2y8iet20xqmtb9tuy0unbxjk5sejtjjyrax0fcvpzxp4dunis6oltk4qjr8071oqlmmh9qrzrjpmfnnp1j695wyabckuv0h96qtg8ds80uo8fowv0c0z4sx6u:latest/Table.table.json", "_latest_artifact_path": "wandb-client-artifact://d6bki6c2y8iet20xqmtb9tuy0unbxjk5sejtjjyrax0fcvpzxp4dunis6oltk4qjr8071oqlmmh9qrzrjpmfnnp1j695wyabckuv0h96qtg8ds80uo8fowv0c0z4sx6u:latest/Table.table.json", "path": "media/table/Table_0_ae616a028318d5dd09c8.table.json", "ncols": 15, "nrows": 100}, "_timestamp": 1713789022.464105, "_runtime": 705.298660993576, "_step": 1, "mean_T0T": -8.152510254418367, "std_T0T": 0.10389040176876913, "mean_0T0": -24.560264223794466, "std_0T0": 0.004011319602251631, "mean_middle": -15.333952944528962, "std_middle": 0.024308473969760165, "mean_loss": 0.0032520294189453125, "std_loss": 0.0032024383544921875, "guidance_scale": 1, "inv_time": 3.040561702251434, "prompt": "zoey deutch with white bra portrait | | realistic shaded, unpleasant face, bad looking, fine details, realistic shaded lighting poster by greg rutkowski, magali villeneuve, artgerm, jeremy lipkin and michael garmash and rob rey", "mean_memory_usage": 2.621091842651367, "decoder lr": 0.005, "_wandb": {"runtime": 704}}