{"Table": {"_type": "table-file", "sha256": "261cf885a73dc3b63ed1f8ce4629fc89422425a771ccbf04a641a2d502ca3f0b", "size": 432, "artifact_path": "wandb-client-artifact://f1l1clam1jkdj4ty7cgxryygjrqfvmwkadkb5lqgqu27yzlidzuwnyk9henywgi33wvyvj45u78y87fz3ja65qcino6eh7n32co2waw9o6sqpw320u05vdh7gyctthc7:latest/Table.table.json", "_latest_artifact_path": "wandb-client-artifact://f1l1clam1jkdj4ty7cgxryygjrqfvmwkadkb5lqgqu27yzlidzuwnyk9henywgi33wvyvj45u78y87fz3ja65qcino6eh7n32co2waw9o6sqpw320u05vdh7gyctthc7:latest/Table.table.json", "path": "media/table/Table_0_261cf885a73dc3b63ed1.table.json", "ncols": 13, "nrows": 1}, "_timestamp": 1710999550.6196656, "_runtime": 85.98321270942688, "_step": 1, "mean_T0T": -4.895823133072405, "std_T0T": 0.0, "mean_0T0": -34.815132398835075, "std_0T0": 0.0, "mean_middle": -11.244597031592248, "std_middle": 0.0, "mean_loss": -40.53097305928837, "std_loss": 0.0, "guidance_scale": 1, "inv_time": 79.41895532608032, "_wandb": {"runtime": 85}}