{"Table": {"_type": "table-file", "sha256": "38b673ec5b31e6a011646371a8b5e5c9442d33c44942a61790060bfdb85bc766", "size": 2048, "artifact_path": "wandb-client-artifact://xwu3i7x5q009omp0o9bsc37e3yknf3opvu49iw60gem89l40gtokp937spbqmmql6bboawonrj5yxwf4rb87o2xdrgqdxgs2y3kkehyj6c2nblf9dy5cyox70p78fm1k:latest/Table.table.json", "_latest_artifact_path": "wandb-client-artifact://xwu3i7x5q009omp0o9bsc37e3yknf3opvu49iw60gem89l40gtokp937spbqmmql6bboawonrj5yxwf4rb87o2xdrgqdxgs2y3kkehyj6c2nblf9dy5cyox70p78fm1k:latest/Table.table.json", "path": "media/table/Table_0_38b673ec5b31e6a01164.table.json", "ncols": 13, "nrows": 10}, "_timestamp": 1711426170.962254, "_runtime": 413.01099395751953, "_step": 1, "mean_T0T": 5.801760746043659, "std_T0T": 1.8634292531830017, "mean_0T0": -9.310657920998118, "std_0T0": 0.06731547454639696, "mean_middle": 10.669359462939472, "std_middle": 8.08979813039957, "mean_loss": 0.025162875652313232, "std_loss": 0.015313060022890568, "guidance_scale": 1, "inv_time": 39.83091466426849, "_wandb": {"runtime": 412}}