{"Table": {"_type": "table-file", "sha256": "5ef9bf0ad4495661817536f8bbca1dd6256decfaef9d45646a0024044997afe4", "size": 46993, "artifact_path": "wandb-client-artifact://bpm96l54qgr1rxf1kmksdtdkkdz4fokd005jd8728sadot5n1qt6vx58l74sdchu5zddbqayuh612dpggxgsayo3y8a55wdtrdqrqgy20b3yru4ciyqxzrrp18e2dg7c:latest/Table.table.json", "_latest_artifact_path": "wandb-client-artifact://bpm96l54qgr1rxf1kmksdtdkkdz4fokd005jd8728sadot5n1qt6vx58l74sdchu5zddbqayuh612dpggxgsayo3y8a55wdtrdqrqgy20b3yru4ciyqxzrrp18e2dg7c:latest/Table.table.json", "path": "media/table/Table_0_5ef9bf0ad44956618175.table.json", "ncols": 17, "nrows": 100}, "_timestamp": 1715621209.9387448, "_runtime": 2080.8722507953644, "_step": 1, "mean_T0T": -1.1643090060507335, "std_T0T": 0.11449381353573691, "mean_0T0": 2.63602307327647, "std_0T0": 0.539952838031071, "mean_middle": -15.086127870670229, "std_middle": 0.02479978759790245, "mean_loss": 6.53515625, "std_loss": 0.673828125, "guidance_scale": 1, "inv_time": 19.95338817358017, "prompt": "zoey deutch with white bra portrait | | realistic shaded, unpleasant face, bad looking, fine details, realistic shaded lighting poster by greg rutkowski, magali villeneuve, artgerm, jeremy lipkin and michael garmash and rob rey", "mean_memory_usage": 2.6244802474975586, "decoder lr": 0.01, "_wandb": {"runtime": 2080}}