{"Table": {"_type": "table-file", "sha256": "b46a77afa83a7fbaba059ec929516096707c3e9be6497dd8d49d8dc92e5f40b6", "size": 44130, "artifact_path": "wandb-client-artifact://juzknykzmn4482sugcb59u4ktqp8rt6tyarfnfaubjzd1r56u1hnf8un9vj94l8xfcexr5bfl0i9rdv0yvr1vohx5rb8bzjfd15oqah86qg4oct417ls3rpqfpdlh8fs:latest/Table.table.json", "_latest_artifact_path": "wandb-client-artifact://juzknykzmn4482sugcb59u4ktqp8rt6tyarfnfaubjzd1r56u1hnf8un9vj94l8xfcexr5bfl0i9rdv0yvr1vohx5rb8bzjfd15oqah86qg4oct417ls3rpqfpdlh8fs:latest/Table.table.json", "path": "media/table/Table_0_b46a77afa83a7fbaba05.table.json", "ncols": 15, "nrows": 100}, "_timestamp": 1713601426.5640416, "_runtime": 4106.949992656708, "_step": 1, "mean_T0T": -5.578128520327587, "std_T0T": 0.09204922198887469, "mean_0T0": -21.938028902941813, "std_0T0": 0.005107433072296928, "mean_middle": -8.784231565821539, "std_middle": 0.0391151342690733, "mean_loss": 0.0024561001919209957, "std_loss": 0.003178234910592437, "guidance_scale": 1, "inv_time": 32.1231712269783, "prompt": "zoey deutch with white bra portrait | | realistic shaded, unpleasant face, bad looking, fine details, realistic shaded lighting poster by greg rutkowski, magali villeneuve, artgerm, jeremy lipkin and michael garmash and rob rey", "mean_memory_usage": 5.839683270454406, "decoder lr": 0.05, "_wandb": {"runtime": 4106}}