{"Table": {"_type": "table-file", "sha256": "ac23dde6ad842a8611d508694af05fac635f0085d21793185e86bfe07d6dd016", "size": 2103, "artifact_path": "wandb-client-artifact://d5m6nz1qs614rktvqt5hd1fqw8qm5d4f82la9zjluqqbm494uksmtirqkvqtabqxvhx8n9iuji6wu8z5eks7451onfy7oclr23v0pzhqpzvtxukfcyfv6fpc5rm9t2c1:latest/Table.table.json", "_latest_artifact_path": "wandb-client-artifact://d5m6nz1qs614rktvqt5hd1fqw8qm5d4f82la9zjluqqbm494uksmtirqkvqtabqxvhx8n9iuji6wu8z5eks7451onfy7oclr23v0pzhqpzvtxukfcyfv6fpc5rm9t2c1:latest/Table.table.json", "path": "media/table/Table_0_ac23dde6ad842a8611d5.table.json", "ncols": 13, "nrows": 10}, "_timestamp": 1711092347.2924814, "_runtime": 1372.0462164878845, "_step": 1, "mean_T0T": -6.922094872313468, "std_T0T": 0.12118562220759581, "mean_0T0": -22.38695016111413, "std_0T0": 0.008481388372326086, "mean_middle": -11.595578336616086, "std_middle": 0.0384251467979882, "mean_loss": 0.0016243871068581939, "std_loss": 0.0006587058305740356, "guidance_scale": 1, "inv_time": 135.62841880321503, "_wandb": {"runtime": 1371}}