{"Table": {"_type": "table-file", "sha256": "35a76ddb36284002d7ed9e8499b6330f91648cbe8a7a805c9646ca0c92eb1307", "size": 2088, "artifact_path": "wandb-client-artifact://ad54ox95056s1sfp0qx7nf45ilqw3u7a9dxqofvi3u4q728zfea7x2dqsu7mogep2105ifs7dah5fhkbgsx2h263c4or3oytqusyjtkff6th5ool20xjcevfu9u9tw9m:latest/Table.table.json", "_latest_artifact_path": "wandb-client-artifact://ad54ox95056s1sfp0qx7nf45ilqw3u7a9dxqofvi3u4q728zfea7x2dqsu7mogep2105ifs7dah5fhkbgsx2h263c4or3oytqusyjtkff6th5ool20xjcevfu9u9tw9m:latest/Table.table.json", "path": "media/table/Table_0_35a76ddb36284002d7ed.table.json", "ncols": 13, "nrows": 10}, "_timestamp": 1711627952.9623895, "_runtime": 852.9992995262146, "_step": 1, "mean_T0T": -3.5368946571252007, "std_T0T": 0.16250790994505057, "mean_0T0": -19.98854285597755, "std_0T0": 0.00816346202642066, "mean_middle": -6.5086938370480425, "std_middle": 0.06409371374928985, "mean_loss": 7.262767667270964e-06, "std_loss": 1.70760558830807e-05, "guidance_scale": 1, "inv_time": 83.86829211711884, "_wandb": {"runtime": 852}}