{"Table": {"_type": "table-file", "sha256": "56bea07f278b29ca706bff74fae7c86147d889e43b662ab4e33d817c7ad15c6c", "size": 2073, "artifact_path": "wandb-client-artifact://abel9f8tlbez6pfay5ryhydwl07ytzzwena4uek5ev8ss6f9uxywviz8ptwp71y0fplt70bv0ttq90b4jis8poikdv4p4zwnsyb4lthilm1lmsp0zqxlc2uhb0gbfn9i:latest/Table.table.json", "_latest_artifact_path": "wandb-client-artifact://abel9f8tlbez6pfay5ryhydwl07ytzzwena4uek5ev8ss6f9uxywviz8ptwp71y0fplt70bv0ttq90b4jis8poikdv4p4zwnsyb4lthilm1lmsp0zqxlc2uhb0gbfn9i:latest/Table.table.json", "path": "media/table/Table_0_56bea07f278b29ca706b.table.json", "ncols": 13, "nrows": 10}, "_timestamp": 1711512679.8499691, "_runtime": 2618.032623052597, "_step": 1, "mean_T0T": -5.443652221636967, "std_T0T": 0.09301537676860697, "mean_0T0": -6.340219545021314, "std_0T0": 0.20524657155978412, "mean_middle": -15.65637534325206, "std_middle": 0.017277075584914103, "mean_loss": 0.37207818031311035, "std_loss": 0.15681670606136322, "guidance_scale": 1, "inv_time": 260.3040165662766, "_wandb": {"runtime": 2617}}