{"Table": {"_type": "table-file", "sha256": "3dd93f94bb0e4bd6b8d0abc5167e35947293d2a5b426dfce90d764a56f716d8a", "size": 2050, "artifact_path": "wandb-client-artifact://qdmfm5pjitpnqqa2eqvvesg5pdey8gc8foppq5wcy9w6ilojioul9zqlmdfrwc4e1w33eqbo4rcxsoanhpwvhtgfto9f0c2jwexkdcuapbqz04n272dimhopxpi5ha0x:latest/Table.table.json", "_latest_artifact_path": "wandb-client-artifact://qdmfm5pjitpnqqa2eqvvesg5pdey8gc8foppq5wcy9w6ilojioul9zqlmdfrwc4e1w33eqbo4rcxsoanhpwvhtgfto9f0c2jwexkdcuapbqz04n272dimhopxpi5ha0x:latest/Table.table.json", "path": "media/table/Table_0_3dd93f94bb0e4bd6b8d0.table.json", "ncols": 13, "nrows": 10}, "_timestamp": 1711475461.2214694, "_runtime": 104.52205228805542, "_step": 1, "mean_T0T": -3.6414796941279115, "std_T0T": 0.11469052482948228, "mean_0T0": -7.02778896542587, "std_0T0": 0.17262671059763215, "mean_middle": -6.606002730069931, "std_middle": 0.05314877391777424, "mean_loss": 0.3241422176361084, "std_loss": 0.12221580743789673, "guidance_scale": 1, "inv_time": 9.052942872047424, "_wandb": {"runtime": 103}}