{"Table": {"_type": "table-file", "sha256": "6e14db8fe2855e52d086a690e000463d363933c3c7ec1a17d556cc3b48a60301", "size": 44139, "artifact_path": "wandb-client-artifact://og34exqiw7mizgnsya6wsau12g13931li6qebh0uvuhgddo8nhytcccf789kmnunzixo0c2hkhsy47k5ls1u6gyj94tlwaxhzqx6ybd05cajljtbk9g6wquievs66x74:latest/Table.table.json", "_latest_artifact_path": "wandb-client-artifact://og34exqiw7mizgnsya6wsau12g13931li6qebh0uvuhgddo8nhytcccf789kmnunzixo0c2hkhsy47k5ls1u6gyj94tlwaxhzqx6ybd05cajljtbk9g6wquievs66x74:latest/Table.table.json", "path": "media/table/Table_0_6e14db8fe2855e52d086.table.json", "ncols": 15, "nrows": 100}, "_timestamp": 1714039157.7078295, "_runtime": 1198.0762264728546, "_step": 1, "mean_T0T": -8.936821726216948, "std_T0T": 0.1030068270709964, "mean_0T0": -24.564746338907284, "std_0T0": 0.005061889239300309, "mean_middle": -15.013103791512311, "std_middle": 0.028793998630385835, "mean_loss": 0.0031757354736328125, "std_loss": 0.004291534423828125, "guidance_scale": 1, "inv_time": 7.9358414053916935, "prompt": "zoey deutch with white bra portrait | | realistic shaded, unpleasant face, bad looking, fine details, realistic shaded lighting poster by greg rutkowski, magali villeneuve, artgerm, jeremy lipkin and michael garmash and rob rey", "mean_memory_usage": 2.6300716400146484, "decoder lr": 0.1, "_wandb": {"runtime": 1197}}