{"Table": {"_type": "table-file", "sha256": "bc95d3e8523ac8487e431df71cc9884bca31e02d9699b31d3086d45650cfa4b8", "size": 2108, "artifact_path": "wandb-client-artifact://ibgzbzc9ihycrygdhkirl5uf83wq2gh1z82xa6mntb6f9fou0qakr99umkl9bu90p6ptq37yw1zryy77nhk202bk7eiq0stn19jvzijghvrokb9899jmfucrwkk80nhj:latest/Table.table.json", "_latest_artifact_path": "wandb-client-artifact://ibgzbzc9ihycrygdhkirl5uf83wq2gh1z82xa6mntb6f9fou0qakr99umkl9bu90p6ptq37yw1zryy77nhk202bk7eiq0stn19jvzijghvrokb9899jmfucrwkk80nhj:latest/Table.table.json", "path": "media/table/Table_0_bc95d3e8523ac8487e43.table.json", "ncols": 13, "nrows": 10}, "_timestamp": 1711539867.5545876, "_runtime": 1858.9635145664215, "_step": 1, "mean_T0T": -7.553060997581639, "std_T0T": 0.11318448903119306, "mean_0T0": -22.648249665473084, "std_0T0": 0.004895669799063365, "mean_middle": -12.328212173422221, "std_middle": 0.034456581702605175, "mean_loss": 0.0012032075319439173, "std_loss": 0.0011155552929267287, "guidance_scale": 1, "inv_time": 184.3902405500412, "_wandb": {"runtime": 1858}}