{"Table": {"_type": "table-file", "sha256": "01ee6af135f465e02d41aaaa926d69ef572cdea855ab566a4cef1e16c5e2b411", "size": 2115, "artifact_path": "wandb-client-artifact://vuiz805oem8ee2eu1go6mb8l0qgh4jq74i8c5ccw97293nlp3n5owyjh98tjld6mw649kw2h1qestaliday4gfdaztl13hnry1aff76venzrmcte3ewq00la0fvmihx3:latest/Table.table.json", "_latest_artifact_path": "wandb-client-artifact://vuiz805oem8ee2eu1go6mb8l0qgh4jq74i8c5ccw97293nlp3n5owyjh98tjld6mw649kw2h1qestaliday4gfdaztl13hnry1aff76venzrmcte3ewq00la0fvmihx3:latest/Table.table.json", "path": "media/table/Table_0_01ee6af135f465e02d41.table.json", "ncols": 13, "nrows": 10}, "_timestamp": 1711027748.7851887, "_runtime": 3286.4268856048584, "_step": 1, "mean_T0T": -11.13179583855776, "std_T0T": 3.2318853415672537, "mean_0T0": -24.905558939988833, "std_0T0": 5.1600382388122785, "mean_middle": -18.772910046337735, "std_middle": 4.966760237715041, "mean_loss": -26.89150223259559, "std_loss": 3.5533894705905023, "guidance_scale": 1, "inv_time": 327.1819357395172, "_wandb": {"runtime": 3285}}