{"Table": {"_type": "table-file", "sha256": "1f72f1eaa9985e8f25f53743043c3d8b8b64c42efb36e1b17626513cac55690d", "size": 44111, "artifact_path": "wandb-client-artifact://kkry93bi1v6bymnxh9rffjuhil497fdhq500mr6ymkz3kkjk7hd7fcmopqwuak9yscyvmggse1n0s0ppn83nusqc6kl1vl2n5znd21zgcfsf1v6lf9ud3vzmd2lkwqsx:latest/Table.table.json", "_latest_artifact_path": "wandb-client-artifact://kkry93bi1v6bymnxh9rffjuhil497fdhq500mr6ymkz3kkjk7hd7fcmopqwuak9yscyvmggse1n0s0ppn83nusqc6kl1vl2n5znd21zgcfsf1v6lf9ud3vzmd2lkwqsx:latest/Table.table.json", "path": "media/table/Table_0_1f72f1eaa9985e8f25f5.table.json", "ncols": 15, "nrows": 100}, "_timestamp": 1713559756.8517332, "_runtime": 1860.6018950939178, "_step": 1, "mean_T0T": -8.681564602635035, "std_T0T": 0.053315920627850066, "mean_0T0": -13.887159037225585, "std_0T0": 0.014777336712963824, "mean_middle": -9.046821931253756, "std_middle": 0.06944940785708444, "mean_loss": 0.0026652859523892403, "std_loss": 0.003062811214476824, "guidance_scale": 1, "inv_time": 9.806205816268921, "prompt": "zoey deutch with white bra portrait | | realistic shaded, unpleasant face, bad looking, fine details, realistic shaded lighting poster by greg rutkowski, magali villeneuve, artgerm, jeremy lipkin and michael garmash and rob rey", "mean_memory_usage": 0.6010441780090332, "decoder lr": 0.05, "_wandb": {"runtime": 1860}}