{"Table": {"_type": "table-file", "sha256": "f1890985ddb937d927061b2c126b1764f9438be83468a787daec35c1ae8cb614", "size": 47351, "artifact_path": "wandb-client-artifact://4ygt0jdf1kgurwwgf85ckxgezbbjwt0eihinh9qf5q001xrpx5hgj2btn72pqiyf9bq8j2z0hcg3cwuz0s84gp2eva85oqpxifiqdsar7yztx1pmiuj7gc7uunrnyb4t:latest/Table.table.json", "_latest_artifact_path": "wandb-client-artifact://4ygt0jdf1kgurwwgf85ckxgezbbjwt0eihinh9qf5q001xrpx5hgj2btn72pqiyf9bq8j2z0hcg3cwuz0s84gp2eva85oqpxifiqdsar7yztx1pmiuj7gc7uunrnyb4t:latest/Table.table.json", "path": "media/table/Table_0_f1890985ddb937d92706.table.json", "ncols": 17, "nrows": 100}, "_timestamp": 1715533837.077407, "_runtime": 12068.58276796341, "_step": 1, "mean_T0T": -1.141104886399155, "std_T0T": 0.11502896230873143, "mean_0T0": 2.6142781509272095, "std_0T0": 0.5377483540077966, "mean_middle": -14.486873078029896, "std_middle": 0.024295305177056737, "mean_loss": 6.5, "std_loss": 0.67041015625, "guidance_scale": 1, "inv_time": 119.82587938785554, "prompt": "zoey deutch with white bra portrait | | realistic shaded, unpleasant face, bad looking, fine details, realistic shaded lighting poster by greg rutkowski, magali villeneuve, artgerm, jeremy lipkin and michael garmash and rob rey", "mean_memory_usage": 2.64212703704834, "decoder lr": 0.001, "_wandb": {"runtime": 12067}}