{"Table": {"_type": "table-file", "sha256": "b18589f02d7d9191e083261bef7b30ad675c4b8a85e55fa1830d32a4ff0ebeae", "size": 44293, "artifact_path": "wandb-client-artifact://nmz6oefcju78av4ob78t6u0k3k0i1ev560qelepgqpnncytybhntdn9wjin1val9i4rsu2a4a636rd4clenjvnq9bh6th6vjjds5nof31n1nhlk4ek7blce562sht6jc:latest/Table.table.json", "_latest_artifact_path": "wandb-client-artifact://nmz6oefcju78av4ob78t6u0k3k0i1ev560qelepgqpnncytybhntdn9wjin1val9i4rsu2a4a636rd4clenjvnq9bh6th6vjjds5nof31n1nhlk4ek7blce562sht6jc:latest/Table.table.json", "path": "media/table/Table_0_b18589f02d7d9191e083.table.json", "ncols": 15, "nrows": 100}, "_timestamp": 1713545458.9487903, "_runtime": 2582.2640132904053, "_step": 1, "mean_T0T": -9.191168128239564, "std_T0T": 0.05587324927381518, "mean_0T0": -20.86239965918269, "std_0T0": 0.007131018796132072, "mean_middle": -11.17678281340118, "std_middle": 0.06558434849636494, "mean_loss": 0.0027000736445188522, "std_loss": 0.0031600622460246086, "guidance_scale": 1, "inv_time": 16.866335072517394, "prompt": "zoey deutch with white bra portrait | | realistic shaded, unpleasant face, bad looking, fine details, realistic shaded lighting poster by greg rutkowski, magali villeneuve, artgerm, jeremy lipkin and michael garmash and rob rey", "mean_memory_usage": 0.9458622932434082, "decoder lr": 0.1, "_wandb": {"runtime": 2581}}