{"Table": {"_type": "table-file", "sha256": "cc34f68afc182362328bd831be8771f3fdf6109e2bc2d38a04eba4a46b3bc933", "size": 44172, "artifact_path": "wandb-client-artifact://eblgx7wdat7e45bdtnxn2usk98b64pwazznl3gvl2n9x0ehoolmy6h636nettofxzakqr91tdsrbgao4eew3p5ba3ocw8tnvd4nxn9ol6i2vztymevs9r9gkz8z6hizb:latest/Table.table.json", "_latest_artifact_path": "wandb-client-artifact://eblgx7wdat7e45bdtnxn2usk98b64pwazznl3gvl2n9x0ehoolmy6h636nettofxzakqr91tdsrbgao4eew3p5ba3ocw8tnvd4nxn9ol6i2vztymevs9r9gkz8z6hizb:latest/Table.table.json", "path": "media/table/Table_0_cc34f68afc182362328b.table.json", "ncols": 15, "nrows": 100}, "_timestamp": 1713810754.2859125, "_runtime": 886.9423904418945, "_step": 1, "mean_T0T": -8.493056742578132, "std_T0T": 0.10479589164626675, "mean_0T0": -24.992536130308505, "std_0T0": 0.003931932245803487, "mean_middle": -15.7263229488035, "std_middle": 0.024183976845085497, "mean_loss": 0.0036144256591796875, "std_loss": 0.00460052490234375, "guidance_scale": 1, "inv_time": 4.842726273536682, "prompt": "zoey deutch with white bra portrait | | realistic shaded, unpleasant face, bad looking, fine details, realistic shaded lighting poster by greg rutkowski, magali villeneuve, artgerm, jeremy lipkin and michael garmash and rob rey", "mean_memory_usage": 2.6173229217529297, "decoder lr": 0.005, "_wandb": {"runtime": 886}}