{"Table": {"_type": "table-file", "sha256": "2e6f6efe721d7c38fae56bb14fd32394f10734110a002d435d920f8ab475cf48", "size": 2118, "artifact_path": "wandb-client-artifact://9ph3s9dponmq73droocvi6jwu9gm7pyek77x8siiqg9ukiy9fexbacqi839tqzguhf56n2po7iykftuwvqluehm1bs6d60n9q0uthqfy2v2a0aobklyi6o1j3stkvu7t:latest/Table.table.json", "_latest_artifact_path": "wandb-client-artifact://9ph3s9dponmq73droocvi6jwu9gm7pyek77x8siiqg9ukiy9fexbacqi839tqzguhf56n2po7iykftuwvqluehm1bs6d60n9q0uthqfy2v2a0aobklyi6o1j3stkvu7t:latest/Table.table.json", "path": "media/table/Table_0_2e6f6efe721d7c38fae5.table.json", "ncols": 13, "nrows": 10}, "_timestamp": 1710923415.14811, "_runtime": 4328.942946910858, "_step": 1, "mean_T0T": -30.57296757974685, "std_T0T": 15.92369045508179, "mean_0T0": -72.81854194428362, "std_0T0": 15.005272874773796, "mean_middle": -32.99834548293802, "std_middle": 9.616243207217854, "mean_loss": -90.21953686897201, "std_loss": 16.06328526110968, "guidance_scale": 1, "inv_time": 431.411519241333, "_wandb": {"runtime": 4328}}