{"Table": {"_type": "table-file", "sha256": "bd6ac4ee62682cd620df65c8326057ff27ca9d77a677bdf12c455ee1eee94db8", "size": 47291, "artifact_path": "wandb-client-artifact://m7iq7ki6lgv8r8eh28mtgdgfhhkt66mrkwtdjsy1by1udxld5inesjnt941chug5u6ji9ki46imdzyr77h6r9j3yjtfvb0d572313r2mm4uet8mf6pe1wv9u7c9yq1b2:latest/Table.table.json", "_latest_artifact_path": "wandb-client-artifact://m7iq7ki6lgv8r8eh28mtgdgfhhkt66mrkwtdjsy1by1udxld5inesjnt941chug5u6ji9ki46imdzyr77h6r9j3yjtfvb0d572313r2mm4uet8mf6pe1wv9u7c9yq1b2:latest/Table.table.json", "path": "media/table/Table_0_bd6ac4ee62682cd620df.table.json", "ncols": 17, "nrows": 100}, "_timestamp": 1714799199.4552352, "_runtime": 6193.771902322769, "_step": 1, "mean_T0T": -1.2168778266070004, "std_T0T": 0.11412639303295628, "mean_0T0": 2.661562805447794, "std_0T0": 0.5432514453058479, "mean_middle": -15.48060931936156, "std_middle": 0.025976308215712098, "mean_loss": 6.58203125, "std_loss": 0.67529296875, "guidance_scale": 1, "inv_time": 60.942366454601284, "prompt": "zoey deutch with white bra portrait | | realistic shaded, unpleasant face, bad looking, fine details, realistic shaded lighting poster by greg rutkowski, magali villeneuve, artgerm, jeremy lipkin and michael garmash and rob rey", "mean_memory_usage": 2.625227928161621, "decoder lr": 0.01, "_wandb": {"runtime": 6193}}