{"Table": {"_type": "table-file", "sha256": "bbb91d293e47a85ef6aa2f3b9ab2e38aa20754edca4554bb2f5bf728de46141e", "size": 44082, "artifact_path": "wandb-client-artifact://vkcfjrxdia0zt4shz57vs3ectbgehhsbfswiv01tjsocdbcidhyh3ide1e89r8k68wpxugtwbavlfa151t8th2axv3gxfgfoiku9msttsjtn1krfey6s9u4xdwa5464j:latest/Table.table.json", "_latest_artifact_path": "wandb-client-artifact://vkcfjrxdia0zt4shz57vs3ectbgehhsbfswiv01tjsocdbcidhyh3ide1e89r8k68wpxugtwbavlfa151t8th2axv3gxfgfoiku9msttsjtn1krfey6s9u4xdwa5464j:latest/Table.table.json", "path": "media/table/Table_0_bbb91d293e47a85ef6aa.table.json", "ncols": 15, "nrows": 100}, "_timestamp": 1713849998.2990701, "_runtime": 1048.9079031944275, "_step": 1, "mean_T0T": -7.629140581153287, "std_T0T": 0.11536012266254966, "mean_0T0": -25.04715590556577, "std_0T0": 0.007850429865216677, "mean_middle": -14.883768533271802, "std_middle": 0.02445865027224436, "mean_loss": 0.0040283203125, "std_loss": 0.009765625, "guidance_scale": 1, "inv_time": 6.532305068969727, "prompt": "zoey deutch with white bra portrait | | realistic shaded, unpleasant face, bad looking, fine details, realistic shaded lighting poster by greg rutkowski, magali villeneuve, artgerm, jeremy lipkin and michael garmash and rob rey", "mean_memory_usage": 8.370447177886962, "decoder lr": 0.02, "_wandb": {"runtime": 1048}}