{"Table": {"_type": "table-file", "sha256": "bcfc53ebb25203d21cff541e0ec99dfc1e869f6eb2803a194c0948919fbe4997", "size": 637, "artifact_path": "wandb-client-artifact://b3y53cdbn0dttow86lmm3zzno14irql7ovqesbk0usjm0o9dlaox9bz93xn4g5l94zxh5sv0hx2fs1cmr60yk7fl1m4r4ft914edkywtfhmwf7p7bp2mqmosgigy5plp:latest/Table.table.json", "_latest_artifact_path": "wandb-client-artifact://b3y53cdbn0dttow86lmm3zzno14irql7ovqesbk0usjm0o9dlaox9bz93xn4g5l94zxh5sv0hx2fs1cmr60yk7fl1m4r4ft914edkywtfhmwf7p7bp2mqmosgigy5plp:latest/Table.table.json", "path": "media/table/Table_0_bcfc53ebb25203d21cff.table.json", "ncols": 11, "nrows": 3}, "_timestamp": 1710390556.6732788, "_runtime": 128.7692449092865, "_step": 1, "mean_T0T": 0.3555426759505857, "std_T0T": 0.11531235008808859, "mean_0T0": 0.006753341527083051, "std_0T0": 0.003957807447381391, "guidance_scale": 1, "_wandb": {"runtime": 128}}