{"Table": {"_type": "table-file", "sha256": "f18274c4bc31cd957dd81e92cc68154608a1b5e342209112f15d0cd5a2eeba59", "size": 2122, "artifact_path": "wandb-client-artifact://vieunagvcqj4zbu46kc635swa08xw4jrd0pyjc4fdpjowxv8wyb4r5fdhwqd81zdbg1a0qqzichq4uljbfdjbcgskmjoz39zvojppkctxjatqscu79g4sbexv58k5bq3:latest/Table.table.json", "_latest_artifact_path": "wandb-client-artifact://vieunagvcqj4zbu46kc635swa08xw4jrd0pyjc4fdpjowxv8wyb4r5fdhwqd81zdbg1a0qqzichq4uljbfdjbcgskmjoz39zvojppkctxjatqscu79g4sbexv58k5bq3:latest/Table.table.json", "path": "media/table/Table_0_f18274c4bc31cd957dd8.table.json", "ncols": 13, "nrows": 10}, "_timestamp": 1710990734.750063, "_runtime": 2207.153832912445, "_step": 1, "mean_T0T": -19.359455337283556, "std_T0T": 9.000703236124837, "mean_0T0": -75.92363259226069, "std_0T0": 8.157298340132641, "mean_middle": -20.003882467701082, "std_middle": 5.086975380758142, "mean_loss": -91.0994565921306, "std_loss": 5.8605056353388925, "guidance_scale": 1, "inv_time": 219.13433816432953, "_wandb": {"runtime": 2206}}