{"Table": {"_type": "table-file", "sha256": "07b56cfd7e0e85acf64fc2ab9a4cce61906f37bafa93a9406641dc616c40c9c6", "size": 2057, "artifact_path": "wandb-client-artifact://msjcmt6migse6a7d2ufe43os0bobz3j8vrcpxm8ohdsw87bz3mse76icjqlca8inxseeiigq7m6ajb9a7q4jo2pea3hi40ef6wgcoshwn31y8v4zy09go9dnqq13dnmj:latest/Table.table.json", "_latest_artifact_path": "wandb-client-artifact://msjcmt6migse6a7d2ufe43os0bobz3j8vrcpxm8ohdsw87bz3mse76icjqlca8inxseeiigq7m6ajb9a7q4jo2pea3hi40ef6wgcoshwn31y8v4zy09go9dnqq13dnmj:latest/Table.table.json", "path": "media/table/Table_0_07b56cfd7e0e85acf64f.table.json", "ncols": 13, "nrows": 10}, "_timestamp": 1711608563.6816213, "_runtime": 411.18563628196716, "_step": 1, "mean_T0T": -3.8565205629090133, "std_T0T": 0.14691765897918832, "mean_0T0": -19.182713992653433, "std_0T0": 0.009880102018959934, "mean_middle": -6.5087339387083265, "std_middle": 0.06409437077475971, "mean_loss": 0.6050820350646973, "std_loss": 0.08708101511001587, "guidance_scale": 1, "inv_time": 39.65761475563049, "_wandb": {"runtime": 410}}