{"Table": {"_type": "table-file", "sha256": "7cc7bc596ad0583ba1e67731bac249a63a5412b9dac9b8f50bb83d5567552ff9", "size": 43862, "artifact_path": "wandb-client-artifact://5b80cw5ihq7c4culfd19514u4r8ugx779reykxk6a4b0bt77ab4qjgwfpgzd8m4qtwfh0uswsbnqfnzqfu5qbp45jraput6qjn6ogtv0chhgc159vurwjmyjrwgfuknc:latest/Table.table.json", "_latest_artifact_path": "wandb-client-artifact://5b80cw5ihq7c4culfd19514u4r8ugx779reykxk6a4b0bt77ab4qjgwfpgzd8m4qtwfh0uswsbnqfnzqfu5qbp45jraput6qjn6ogtv0chhgc159vurwjmyjrwgfuknc:latest/Table.table.json", "path": "media/table/Table_0_7cc7bc596ad0583ba1e6.table.json", "ncols": 15, "nrows": 100}, "_timestamp": 1713689081.7237325, "_runtime": 1209.5456683635712, "_step": 1, "mean_T0T": -6.9400694184770675, "std_T0T": 0.05841807646922369, "mean_0T0": -2.1022812571540586, "std_0T0": 0.21561273880460355, "mean_middle": -1.611107378139672, "std_middle": 0.16654848710650821, "mean_loss": 0.003576140385121107, "std_loss": 0.0064522200264036655, "guidance_scale": 1, "inv_time": 3.1608215451240538, "prompt": "zoey deutch with white bra portrait | | realistic shaded, unpleasant face, bad looking, fine details, realistic shaded lighting poster by greg rutkowski, magali villeneuve, artgerm, jeremy lipkin and michael garmash and rob rey", "mean_memory_usage": 4.954799652099609, "decoder lr": 0.005, "_wandb": {"runtime": 1208}}