{"Table": {"_type": "table-file", "sha256": "4804fee1d134da8183753f1aed364cfbce898aab9d5a018d35d5cc8578d866e1", "size": 44161, "artifact_path": "wandb-client-artifact://qiob3in28y8bhk74zz2suztgjd8qzqg9j3mm3u1xp9tepeaktkhslgwtzuwficjje5pjlh1rvhjjiqhqjhomryqb1hhb8w18x5dqoccuc6u7p1edusvb9rhvg3c56pds:latest/Table.table.json", "_latest_artifact_path": "wandb-client-artifact://qiob3in28y8bhk74zz2suztgjd8qzqg9j3mm3u1xp9tepeaktkhslgwtzuwficjje5pjlh1rvhjjiqhqjhomryqb1hhb8w18x5dqoccuc6u7p1edusvb9rhvg3c56pds:latest/Table.table.json", "path": "media/table/Table_0_4804fee1d134da818375.table.json", "ncols": 15, "nrows": 100}, "_timestamp": 1713852349.0881443, "_runtime": 1040.8561432361603, "_step": 1, "mean_T0T": -7.490805005107446, "std_T0T": 0.10581452894600989, "mean_0T0": -24.64206214397234, "std_0T0": 0.004285217109661947, "mean_middle": -14.524930865956218, "std_middle": 0.024671466954272896, "mean_loss": 0.0037059783935546875, "std_loss": 0.00484466552734375, "guidance_scale": 1, "inv_time": 6.5200914311409, "prompt": "zoey deutch with white bra portrait | | realistic shaded, unpleasant face, bad looking, fine details, realistic shaded lighting poster by greg rutkowski, magali villeneuve, artgerm, jeremy lipkin and michael garmash and rob rey", "mean_memory_usage": 8.37973337173462, "decoder lr": 0.005, "_wandb": {"runtime": 1040}}