{"Table": {"_type": "table-file", "sha256": "4c61701f8c697ae2c991147c0cb29e6b562c16920b230351ba362f5f6fb69280", "size": 42833, "artifact_path": "wandb-client-artifact://jh0vechewv328795p9up7fre9c15qv6dqpod0aihlaoen4sxa9p28kg1cigfoij3g1ggi1h7gtkvtklyene18kf6t3bw3c1b8hezxtoj19yl4ls5bctwpo5fqh3j6dcf:latest/Table.table.json", "_latest_artifact_path": "wandb-client-artifact://jh0vechewv328795p9up7fre9c15qv6dqpod0aihlaoen4sxa9p28kg1cigfoij3g1ggi1h7gtkvtklyene18kf6t3bw3c1b8hezxtoj19yl4ls5bctwpo5fqh3j6dcf:latest/Table.table.json", "path": "media/table/Table_0_4c61701f8c697ae2c991.table.json", "ncols": 15, "nrows": 100}, "_timestamp": 1715635467.7606275, "_runtime": 433.95088243484497, "_step": 1, "mean_T0T": -1.1453429169389893, "std_T0T": 0.11478548144154291, "mean_0T0": 2.6146689006892254, "std_0T0": 0.5382003244220117, "mean_middle": -14.668663051705845, "std_middle": 0.024683441828161467, "mean_loss": 6.5, "std_loss": 0.67236328125, "guidance_scale": 1, "inv_time": 3.151126425266266, "prompt": "zoey deutch with white bra portrait | | realistic shaded, unpleasant face, bad looking, fine details, realistic shaded lighting poster by greg rutkowski, magali villeneuve, artgerm, jeremy lipkin and michael garmash and rob rey", "mean_memory_usage": 3.294370651245117, "decoder lr": 0.02, "_wandb": {"runtime": 433}}