{"Table": {"_type": "table-file", "sha256": "1b5fa9552a546624ab91c60c13a043602274720b9af98ba1faade2880a19111d", "size": 44183, "artifact_path": "wandb-client-artifact://cqp7lp785l5fxwjxal9iufx3uc9zr7qdn7i5sxzt8dhg9l8eg774qgj6wyghzra3auinz0tvv4qf86qag1uodlwt4ge98ulgeqj93yg0qj9eawekennxug7woupygxzj:latest/Table.table.json", "_latest_artifact_path": "wandb-client-artifact://cqp7lp785l5fxwjxal9iufx3uc9zr7qdn7i5sxzt8dhg9l8eg774qgj6wyghzra3auinz0tvv4qf86qag1uodlwt4ge98ulgeqj93yg0qj9eawekennxug7woupygxzj:latest/Table.table.json", "path": "media/table/Table_0_1b5fa9552a546624ab91.table.json", "ncols": 15, "nrows": 100}, "_timestamp": 1714032693.5628328, "_runtime": 736.3760769367218, "_step": 1, "mean_T0T": -7.332871860501172, "std_T0T": 0.10258576703921196, "mean_0T0": -23.69605735067325, "std_0T0": 0.0043036643964546985, "mean_middle": -14.292252864822832, "std_middle": 0.024836667983491895, "mean_loss": 0.0031528472900390625, "std_loss": 0.00382232666015625, "guidance_scale": 1, "inv_time": 3.2666623544692994, "prompt": "zoey deutch with white bra portrait | | realistic shaded, unpleasant face, bad looking, fine details, realistic shaded lighting poster by greg rutkowski, magali villeneuve, artgerm, jeremy lipkin and michael garmash and rob rey", "mean_memory_usage": 2.6295833587646484, "decoder lr": 0.005, "_wandb": {"runtime": 735}}