{"Table": {"_type": "table-file", "sha256": "2821d76555524308e0b2772b726c2fb3e85e6c5d572ea787c89c0b174e270f1b", "size": 2091, "artifact_path": "wandb-client-artifact://4dartf0znx4ake5o1z8d7r8kqsczzk3pl6fwyf0u21atsog3w9c2fdr0bno1603kvm3hbv4ptk9u9a4bqdj9los49yq6yj3bqnl1bvf4xhopqzjnw0sqj0dysdt9nhzi:latest/Table.table.json", "_latest_artifact_path": "wandb-client-artifact://4dartf0znx4ake5o1z8d7r8kqsczzk3pl6fwyf0u21atsog3w9c2fdr0bno1603kvm3hbv4ptk9u9a4bqdj9los49yq6yj3bqnl1bvf4xhopqzjnw0sqj0dysdt9nhzi:latest/Table.table.json", "path": "media/table/Table_0_2821d76555524308e0b2.table.json", "ncols": 13, "nrows": 10}, "_timestamp": 1711363348.1090353, "_runtime": 491.2128221988678, "_step": 1, "mean_T0T": -4.169856270689522, "std_T0T": 0.15045989123392856, "mean_0T0": -20.926084275533285, "std_0T0": 0.007108784358352694, "mean_middle": -7.821961511721844, "std_middle": 0.04338518655606693, "mean_loss": 0.0016359708970412612, "std_loss": 0.0013014355208724737, "guidance_scale": 1, "inv_time": 47.66966495513916, "_wandb": {"runtime": 490}}