{"Table": {"_type": "table-file", "sha256": "6988593b4bfa5d93f2f19c02569685539407e63485c42ccc08f654c6affeca79", "size": 44357, "artifact_path": "wandb-client-artifact://x01z8m7b0bielikt6650100plkkns8ee97vkmvgpyp8lwr41c552l72bovpt96fo02raiq5jpbjr4ea85uukd0b5a6c41gfpi4727jkhue9p7kso02f6vtljx9uqmy0m:latest/Table.table.json", "_latest_artifact_path": "wandb-client-artifact://x01z8m7b0bielikt6650100plkkns8ee97vkmvgpyp8lwr41c552l72bovpt96fo02raiq5jpbjr4ea85uukd0b5a6c41gfpi4727jkhue9p7kso02f6vtljx9uqmy0m:latest/Table.table.json", "path": "media/table/Table_0_6988593b4bfa5d93f2f1.table.json", "ncols": 15, "nrows": 100}, "_timestamp": 1713835201.9891436, "_runtime": 2116.568408727646, "_step": 1, "mean_T0T": -9.014022226345535, "std_T0T": 0.10999819365020379, "mean_0T0": -25.433378608338405, "std_0T0": 0.004462732143042187, "mean_middle": -16.325185555194025, "std_middle": 0.02401946744069627, "mean_loss": 0.0036563873291015625, "std_loss": 0.00545501708984375, "guidance_scale": 1, "inv_time": 16.941390964984894, "prompt": "zoey deutch with white bra portrait | | realistic shaded, unpleasant face, bad looking, fine details, realistic shaded lighting poster by greg rutkowski, magali villeneuve, artgerm, jeremy lipkin and michael garmash and rob rey", "mean_memory_usage": 3.294614791870117, "decoder lr": 0.01, "_wandb": {"runtime": 2115}}