{"Table": {"_type": "table-file", "sha256": "d5a2e4ec1145250b50d8ccde0f78d5407babced0d4071b2ea2068acd0b4bae57", "size": 14456, "artifact_path": "wandb-client-artifact://xo7euq26yi40m3bpxumf7aj5ggr912m19c4tpgh0d4lz6sgl85j04vxxr9hp654byqqbkhbqq6lwaihxt56c9yc6eo63qjoopaxfm0o8ula4e2ettxdo89gpr9pppyir:latest/Table.table.json", "_latest_artifact_path": "wandb-client-artifact://xo7euq26yi40m3bpxumf7aj5ggr912m19c4tpgh0d4lz6sgl85j04vxxr9hp654byqqbkhbqq6lwaihxt56c9yc6eo63qjoopaxfm0o8ula4e2ettxdo89gpr9pppyir:latest/Table.table.json", "path": "media/table/Table_0_d5a2e4ec1145250b50d8.table.json", "ncols": 11, "nrows": 100}, "_timestamp": 1710467553.8471355, "_runtime": 3289.319286584854, "_step": 1, "mean_T0T": 0.46464847786740576, "std_T0T": 0.15315879885620204, "mean_0T0": 0.005566238898330293, "std_0T0": 0.005426462422193649, "guidance_scale": 1, "_wandb": {"runtime": 3288}}