{"Table": {"_type": "table-file", "sha256": "a70c16bd0db99a94b9c4d3e305c846ceafe5d8a6ba78a22eca5f741158ef5cc1", "size": 44208, "artifact_path": "wandb-client-artifact://tmqyk8yjj8aj7h0f9500d97vrcdc117b3n9kzcjd37k7n47a2e0j9w06kwa66fxwyltwc6wh2aykgjg1qzl2aq3xomztyug81ydg7r8o6x06twhi299k2vcpb9s16pkm:latest/Table.table.json", "_latest_artifact_path": "wandb-client-artifact://tmqyk8yjj8aj7h0f9500d97vrcdc117b3n9kzcjd37k7n47a2e0j9w06kwa66fxwyltwc6wh2aykgjg1qzl2aq3xomztyug81ydg7r8o6x06twhi299k2vcpb9s16pkm:latest/Table.table.json", "path": "media/table/Table_0_a70c16bd0db99a94b9c4.table.json", "ncols": 15, "nrows": 100}, "_timestamp": 1713827634.4240227, "_runtime": 1381.0201196670532, "_step": 1, "mean_T0T": -8.744900810289362, "std_T0T": 0.1151364425094486, "mean_0T0": -25.834195515121756, "std_0T0": 0.0033036980070847784, "mean_middle": -15.894949084927193, "std_middle": 0.024713878706532324, "mean_loss": 0.0029544830322265625, "std_loss": 0.00252532958984375, "guidance_scale": 1, "inv_time": 9.8059645652771, "prompt": "zoey deutch with white bra portrait | | realistic shaded, unpleasant face, bad looking, fine details, realistic shaded lighting poster by greg rutkowski, magali villeneuve, artgerm, jeremy lipkin and michael garmash and rob rey", "mean_memory_usage": 2.6296443939208984, "decoder lr": 0.02, "_wandb": {"runtime": 1380}}