{"Table": {"_type": "table-file", "sha256": "5a0e6083eedd027724ea1612d248c8a6272001ec4a972bdebb0f07505a4863fb", "size": 2130, "artifact_path": "wandb-client-artifact://bstbcoqbeaqdw3u2kav71uq246i26piua7ytml8ag6hp4he48zurr6una6m3jkm4w1x7m5hf0plqe1a6fb1dwk44d8goayrpngswejo5h6nvajncx76j3hwhmdn494xz:latest/Table.table.json", "_latest_artifact_path": "wandb-client-artifact://bstbcoqbeaqdw3u2kav71uq246i26piua7ytml8ag6hp4he48zurr6una6m3jkm4w1x7m5hf0plqe1a6fb1dwk44d8goayrpngswejo5h6nvajncx76j3hwhmdn494xz:latest/Table.table.json", "path": "media/table/Table_0_5a0e6083eedd027724ea.table.json", "ncols": 13, "nrows": 10}, "_timestamp": 1711082726.4789212, "_runtime": 3660.2968752384186, "_step": 1, "mean_T0T": -10.294343382018988, "std_T0T": 0.08491174424454079, "mean_0T0": -37.37981457176842, "std_0T0": 0.00023546618403245807, "mean_middle": -17.873544497916743, "std_middle": 0.009896601983093872, "mean_loss": 3.5631681384984404e-05, "std_loss": 5.03888659295626e-05, "guidance_scale": 1, "inv_time": 364.52341346740724, "_wandb": {"runtime": 3659}}