{"Table": {"_type": "table-file", "sha256": "805432606b9447d24433bbb50d6a739f78869281d5ae344063cd38274fe50841", "size": 44133, "artifact_path": "wandb-client-artifact://earo4jdxufwww3ik2d07prmf09a7vtofykf5q2e7bh8vw3lbn14bhnqp4b2qgx7w59649ns661r3xgd1r6cuvjvefp8t4jqlddn7jb267fl497truivypw1bog98w4yj:latest/Table.table.json", "_latest_artifact_path": "wandb-client-artifact://earo4jdxufwww3ik2d07prmf09a7vtofykf5q2e7bh8vw3lbn14bhnqp4b2qgx7w59649ns661r3xgd1r6cuvjvefp8t4jqlddn7jb267fl497truivypw1bog98w4yj:latest/Table.table.json", "path": "media/table/Table_0_805432606b9447d24433.table.json", "ncols": 15, "nrows": 100}, "_timestamp": 1714044508.6777503, "_runtime": 1185.6206502914429, "_step": 1, "mean_T0T": -7.4536592541314795, "std_T0T": 0.10231938392443479, "mean_0T0": -23.612847636841956, "std_0T0": 0.004686162734706373, "mean_middle": -14.430978664349748, "std_middle": 0.02473327570735254, "mean_loss": 0.0035552978515625, "std_loss": 0.004810333251953125, "guidance_scale": 1, "inv_time": 7.941214995384216, "prompt": "zoey deutch with white bra portrait | | realistic shaded, unpleasant face, bad looking, fine details, realistic shaded lighting poster by greg rutkowski, magali villeneuve, artgerm, jeremy lipkin and michael garmash and rob rey", "mean_memory_usage": 2.6314144134521484, "decoder lr": 0.005, "_wandb": {"runtime": 1184}}