{"Table": {"_type": "table-file", "sha256": "35618a5b52f55deb3435494ffe0d02a4ab5f65c0476f4f36ffcf7c4b06de6cd0", "size": 43726, "artifact_path": "wandb-client-artifact://zjfjpf3s1um8oex1e1rtdnh2mm0r61k7vc1ntsd63bpazdea1h9pgf29yf5cmtcqrqerx3dwq8bkv37w12tkf48i8x27mjx8zz0lbie5tx9wp2vlsly612qpg6wirq12:latest/Table.table.json", "_latest_artifact_path": "wandb-client-artifact://zjfjpf3s1um8oex1e1rtdnh2mm0r61k7vc1ntsd63bpazdea1h9pgf29yf5cmtcqrqerx3dwq8bkv37w12tkf48i8x27mjx8zz0lbie5tx9wp2vlsly612qpg6wirq12:latest/Table.table.json", "path": "media/table/Table_0_35618a5b52f55deb3435.table.json", "ncols": 15, "nrows": 100}, "_timestamp": 1713805569.9993238, "_runtime": 2002.6688759326935, "_step": 1, "mean_T0T": -0.8323937494709652, "std_T0T": 0.15091647390702442, "mean_0T0": -2.650939938643156, "std_0T0": 0.187421800721533, "mean_middle": 2.2272950824890123, "std_middle": 0.5351600390432021, "mean_loss": 0.0007281303405761719, "std_loss": 0.0003452301025390625, "guidance_scale": 1, "inv_time": 15.87019765853882, "prompt": "zoey deutch with white bra portrait | | realistic shaded, unpleasant face, bad looking, fine details, realistic shaded lighting poster by greg rutkowski, magali villeneuve, artgerm, jeremy lipkin and michael garmash and rob rey", "mean_memory_usage": 8.370402011871338, "decoder lr": 0.1, "_wandb": {"runtime": 2001}}