{"Table": {"_type": "table-file", "sha256": "61d0278afe5096149c811b508cad9e5b4e7a3703cdc44c7dc8065b93b6d17c87", "size": 44309, "artifact_path": "wandb-client-artifact://ltymtj9yir2jkisrdjfnx6oofl1mxjgfsqukf99dtda24evmji218dssnpdpt50qpcq2gk85i2paouey8eui8qd3la2zyod9h5hxnzp9vlz8vfx7gppxlimu36cwdxn0:latest/Table.table.json", "_latest_artifact_path": "wandb-client-artifact://ltymtj9yir2jkisrdjfnx6oofl1mxjgfsqukf99dtda24evmji218dssnpdpt50qpcq2gk85i2paouey8eui8qd3la2zyod9h5hxnzp9vlz8vfx7gppxlimu36cwdxn0:latest/Table.table.json", "path": "media/table/Table_0_61d0278afe5096149c81.table.json", "ncols": 15, "nrows": 100}, "_timestamp": 1713780551.9324722, "_runtime": 743.6108913421631, "_step": 1, "mean_T0T": -8.368191833536176, "std_T0T": 0.11084781952091448, "mean_0T0": -25.116012581868947, "std_0T0": 0.0034150738308528555, "mean_middle": -15.796731343848084, "std_middle": 0.02434778253416473, "mean_loss": 0.0033359527587890625, "std_loss": 0.0032024383544921875, "guidance_scale": 1, "inv_time": 3.4953565979003907, "prompt": "zoey deutch with white bra portrait | | realistic shaded, unpleasant face, bad looking, fine details, realistic shaded lighting poster by greg rutkowski, magali villeneuve, artgerm, jeremy lipkin and michael garmash and rob rey", "mean_memory_usage": 3.281515121459961, "decoder lr": 0.02, "_wandb": {"runtime": 742}}