{"Table": {"_type": "table-file", "sha256": "fd27b3a506b1b6a492017956fb30f0b3a756d16b98355f29cb34077d1b1805dc", "size": 2100, "artifact_path": "wandb-client-artifact://gx1wv6u2b5ollzlw9nuikb6j2qucnzsqs2q0awn54par7qy3zd87ktngv345p3ek2mcup2kf33tptyows3qtrtn8ibpbql9g84c1u5buyw4kne2ft978vhxtklq31qa6:latest/Table.table.json", "_latest_artifact_path": "wandb-client-artifact://gx1wv6u2b5ollzlw9nuikb6j2qucnzsqs2q0awn54par7qy3zd87ktngv345p3ek2mcup2kf33tptyows3qtrtn8ibpbql9g84c1u5buyw4kne2ft978vhxtklq31qa6:latest/Table.table.json", "path": "media/table/Table_0_fd27b3a506b1b6a49201.table.json", "ncols": 13, "nrows": 10}, "_timestamp": 1711545375.9609382, "_runtime": 858.5935091972351, "_step": 1, "mean_T0T": -5.50414353881318, "std_T0T": 0.1384037453155554, "mean_0T0": -21.386906663681554, "std_0T0": 0.008952770011259752, "mean_middle": -8.924412170515746, "std_middle": 0.06477989832229637, "mean_loss": 0.0016146538546308875, "std_loss": 0.0006807136815041304, "guidance_scale": 1, "inv_time": 84.4243285894394, "_wandb": {"runtime": 857}}