{"Table": {"_type": "table-file", "sha256": "355f98b0caddc51364c1f5e7e8d6e2a96656396aea8f4e7e00d915dc7aa5928d", "size": 44250, "artifact_path": "wandb-client-artifact://qaiqm53kaz5922tcwbr49m2gekfujsqd989sxhi3pjq3c0gujbqei9bgvsja31tog7hybgs3cst7iz7vowqcw5grfre0jgacrremhx9c2l0ogth3bu3yx52n09jx9u1n:latest/Table.table.json", "_latest_artifact_path": "wandb-client-artifact://qaiqm53kaz5922tcwbr49m2gekfujsqd989sxhi3pjq3c0gujbqei9bgvsja31tog7hybgs3cst7iz7vowqcw5grfre0jgacrremhx9c2l0ogth3bu3yx52n09jx9u1n:latest/Table.table.json", "path": "media/table/Table_0_355f98b0caddc51364c1.table.json", "ncols": 15, "nrows": 100}, "_timestamp": 1713813505.5030189, "_runtime": 1246.8560979366302, "_step": 1, "mean_T0T": -8.809722711883017, "std_T0T": 0.10867280810018971, "mean_0T0": -25.018839626301354, "std_0T0": 0.004734371478526215, "mean_middle": -16.13682351786861, "std_middle": 0.024160044114611617, "mean_loss": 0.00316619873046875, "std_loss": 0.00281524658203125, "guidance_scale": 1, "inv_time": 8.271552271842957, "prompt": "zoey deutch with white bra portrait | | realistic shaded, unpleasant face, bad looking, fine details, realistic shaded lighting poster by greg rutkowski, magali villeneuve, artgerm, jeremy lipkin and michael garmash and rob rey", "mean_memory_usage": 3.286428451538086, "decoder lr": 0.01, "_wandb": {"runtime": 1246}}