{"Table": {"_type": "table-file", "sha256": "381f4389efd961d36dbc61d4d37d92addf14287d501f8ccf8a37fd16525b39fa", "size": 2120, "artifact_path": "wandb-client-artifact://kmzwvkqa35k2a9fjblnv1vpfy4ihvwokk34ui53zpelkxrcm6n8hfb0gdpjzvwg6m9yy5tgp5pwa5yopa4wrreh82dvfz629tnr8937oyi3zgxn9ajf70wjvoowyn3eg:latest/Table.table.json", "_latest_artifact_path": "wandb-client-artifact://kmzwvkqa35k2a9fjblnv1vpfy4ihvwokk34ui53zpelkxrcm6n8hfb0gdpjzvwg6m9yy5tgp5pwa5yopa4wrreh82dvfz629tnr8937oyi3zgxn9ajf70wjvoowyn3eg:latest/Table.table.json", "path": "media/table/Table_0_381f4389efd961d36dbc.table.json", "ncols": 13, "nrows": 10}, "_timestamp": 1710872777.3613372, "_runtime": 2254.4355521202087, "_step": 1, "mean_T0T": -23.841380549480743, "std_T0T": 11.497036401438404, "mean_0T0": -69.23279571412623, "std_0T0": 14.274207908234192, "mean_middle": -15.351468201612196, "std_middle": 2.6338324241755853, "mean_loss": -85.68763844697683, "std_loss": 14.4441619533491, "guidance_scale": 1, "inv_time": 224.00683341026306, "_wandb": {"runtime": 2253}}