{"Table": {"_type": "table-file", "sha256": "d737dd64a118249b29456722a038d31c94b29f525dfd83a926b01f3de319ebfb", "size": 43744, "artifact_path": "wandb-client-artifact://ilo3nc97uy5gd07m5qln79v59ehshqf0sjl5u1eu2qyrfor7beijhwo6gszkjs1rhh934luxknnz48ihple8zs38y8zocfhm2hyg72goad85xsgl050kzajyeze3pcui:latest/Table.table.json", "_latest_artifact_path": "wandb-client-artifact://ilo3nc97uy5gd07m5qln79v59ehshqf0sjl5u1eu2qyrfor7beijhwo6gszkjs1rhh934luxknnz48ihple8zs38y8zocfhm2hyg72goad85xsgl050kzajyeze3pcui:latest/Table.table.json", "path": "media/table/Table_0_d737dd64a118249b2945.table.json", "ncols": 15, "nrows": 100}, "_timestamp": 1713775279.0248094, "_runtime": 1045.4152913093567, "_step": 1, "mean_T0T": -0.2716839280836791, "std_T0T": 0.15226475218921182, "mean_0T0": -2.1294088948432996, "std_0T0": 0.17727839705732248, "mean_middle": 3.104711910514104, "std_middle": 0.5927711352137627, "mean_loss": 0.00058746337890625, "std_loss": 0.000244140625, "guidance_scale": 1, "inv_time": 6.615837712287902, "prompt": "zoey deutch with white bra portrait | | realistic shaded, unpleasant face, bad looking, fine details, realistic shaded lighting poster by greg rutkowski, magali villeneuve, artgerm, jeremy lipkin and michael garmash and rob rey", "mean_memory_usage": 8.383259983062745, "decoder lr": 0.2, "_wandb": {"runtime": 1044}}