{"Table": {"_type": "table-file", "sha256": "53f9317a33d5f05953059b814dddadaf2c7065508373a8add109ddf2fe77f3b1", "size": 2064, "artifact_path": "wandb-client-artifact://9jwnwl1a1ysricrp794epgb4hrotuifvffcavp64hmw5lah56geecwn7fl4ycqj4uvj64atos3vyluw99n4gtx38cb0i7xtouvj03p7lnx3yj1sxkzgkiyrp7mtjx1f1:latest/Table.table.json", "_latest_artifact_path": "wandb-client-artifact://9jwnwl1a1ysricrp794epgb4hrotuifvffcavp64hmw5lah56geecwn7fl4ycqj4uvj64atos3vyluw99n4gtx38cb0i7xtouvj03p7lnx3yj1sxkzgkiyrp7mtjx1f1:latest/Table.table.json", "path": "media/table/Table_0_53f9317a33d5f0595305.table.json", "ncols": 13, "nrows": 10}, "_timestamp": 1711613651.5738103, "_runtime": 927.815913438797, "_step": 1, "mean_T0T": -3.538184619082391, "std_T0T": 0.163997578894802, "mean_0T0": -20.024083603134617, "std_0T0": 0.008158922064552553, "mean_middle": -6.508728072479145, "std_middle": 0.06409446994284908, "mean_loss": 0.5948675870895386, "std_loss": 0.09030085057020187, "guidance_scale": 1, "inv_time": 91.3328860759735, "_wandb": {"runtime": 927}}