{"Table": {"_type": "table-file", "sha256": "631a375d69c6a5e68d7bf90376acd01bfc9d718bf12bbe554927c0ef3bdcf563", "size": 43921, "artifact_path": "wandb-client-artifact://0p37keejs4t92y990kytjm7aluws3itfbk7l8t3hobnqvpge474f81yzkhns13njy6lsuwqexr6xz2v2lx58vdo47qa3xhflp6g3oe1lkewy4pglthzs8qiecekfbre5:latest/Table.table.json", "_latest_artifact_path": "wandb-client-artifact://0p37keejs4t92y990kytjm7aluws3itfbk7l8t3hobnqvpge474f81yzkhns13njy6lsuwqexr6xz2v2lx58vdo47qa3xhflp6g3oe1lkewy4pglthzs8qiecekfbre5:latest/Table.table.json", "path": "media/table/Table_0_631a375d69c6a5e68d7b.table.json", "ncols": 15, "nrows": 100}, "_timestamp": 1713685321.7340963, "_runtime": 1209.4187152385712, "_step": 1, "mean_T0T": -7.615796983487728, "std_T0T": 0.05566310842100938, "mean_0T0": -4.443899971140763, "std_0T0": 0.12659798798022395, "mean_middle": -3.5249035277297205, "std_middle": 0.12363454959062824, "mean_loss": 0.0036053447984158993, "std_loss": 0.004591924138367176, "guidance_scale": 1, "inv_time": 3.1599821829795838, "prompt": "zoey deutch with white bra portrait | | realistic shaded, unpleasant face, bad looking, fine details, realistic shaded lighting poster by greg rutkowski, magali villeneuve, artgerm, jeremy lipkin and michael garmash and rob rey", "mean_memory_usage": 4.947841644287109, "decoder lr": 0.05, "_wandb": {"runtime": 1208}}