{"Table": {"_type": "table-file", "sha256": "a314fe9dd84b5481a348c46f774396d0a92d614ce0b26e120706372eb99518b5", "size": 2111, "artifact_path": "wandb-client-artifact://n9sj9en3hiev0raapl9lp6bf25tys7ruvkep1e2r3wji5zuz5y1l9fodycfcgobu0gdjiot2tz1tp5c0cp1dvc7bykb2oter5o7b6mukqweb78t21fl61gxmatz5ks8q:latest/Table.table.json", "_latest_artifact_path": "wandb-client-artifact://n9sj9en3hiev0raapl9lp6bf25tys7ruvkep1e2r3wji5zuz5y1l9fodycfcgobu0gdjiot2tz1tp5c0cp1dvc7bykb2oter5o7b6mukqweb78t21fl61gxmatz5ks8q:latest/Table.table.json", "path": "media/table/Table_0_a314fe9dd84b5481a348.table.json", "ncols": 13, "nrows": 10}, "_timestamp": 1710868618.9824793, "_runtime": 1469.1976692676544, "_step": 1, "mean_T0T": -15.475354088132553, "std_T0T": 7.595048544379702, "mean_0T0": -66.51726329730579, "std_0T0": 9.527681716555527, "mean_middle": -15.351481421060743, "std_middle": 2.6338560132260893, "mean_loss": -81.38673953905615, "std_loss": 8.219046268939865, "guidance_scale": 1, "inv_time": 145.45720355510713, "_wandb": {"runtime": 1468}}