{"Table": {"_type": "table-file", "sha256": "74c8791f1c26a48aca12d12515835d833703a99e14a1e18ddf143048866d050c", "size": 1621, "artifact_path": "wandb-client-artifact://s2xzrd6w7g4qido88e7qd424uluug403e8yljh7i15wgvouq9stbxeo325xuhz4wte6s1kwbmrgimt24v5lull9pbmsxgfjuqvwnsla7gb5jr7wec1r5jsqk1pvs4xzx:latest/Table.table.json", "_latest_artifact_path": "wandb-client-artifact://s2xzrd6w7g4qido88e7qd424uluug403e8yljh7i15wgvouq9stbxeo325xuhz4wte6s1kwbmrgimt24v5lull9pbmsxgfjuqvwnsla7gb5jr7wec1r5jsqk1pvs4xzx:latest/Table.table.json", "path": "media/table/Table_0_74c8791f1c26a48aca12.table.json", "ncols": 11, "nrows": 10}, "_timestamp": 1710740372.864638, "_runtime": 417.02969908714294, "_step": 1, "mean_T0T": 0.4049494708438261, "std_T0T": 0.1434175732037524, "mean_0T0": 0.012437006791459516, "std_0T0": 0.010135314389061031, "guidance_scale": 1, "inv_time": 40.250614166259766, "_wandb": {"runtime": 416}}