{"Table": {"_type": "table-file", "sha256": "482309d0e49d7a0a94805605748743f691b0a224d479f266acd57348ea1ad708", "size": 47210, "artifact_path": "wandb-client-artifact://a7t6ar67a9o8tm98z7wyr032ni2omogcqbdae22mun01nhbkdkitdu94qhu0eoxfoc6guhqo9hpt8e29cob8h1ek7vlsimawxtyejkk96kdom2arerus582j7qpmy9o4:latest/Table.table.json", "_latest_artifact_path": "wandb-client-artifact://a7t6ar67a9o8tm98z7wyr032ni2omogcqbdae22mun01nhbkdkitdu94qhu0eoxfoc6guhqo9hpt8e29cob8h1ek7vlsimawxtyejkk96kdom2arerus582j7qpmy9o4:latest/Table.table.json", "path": "media/table/Table_0_482309d0e49d7a0a9480.table.json", "ncols": 17, "nrows": 100}, "_timestamp": 1715429070.8711758, "_runtime": 3087.8612337112427, "_step": 1, "mean_T0T": -1.192444765529664, "std_T0T": 0.11801877103634126, "mean_0T0": 2.674836769217295, "std_0T0": 0.5497182554424538, "mean_middle": -13.833261099992598, "std_middle": 0.04921002472060572, "mean_loss": 6.6015625, "std_loss": 0.689453125, "guidance_scale": 1, "inv_time": 30.020734984874725, "prompt": "zoey deutch with white bra portrait | | realistic shaded, unpleasant face, bad looking, fine details, realistic shaded lighting poster by greg rutkowski, magali villeneuve, artgerm, jeremy lipkin and michael garmash and rob rey", "mean_memory_usage": 2.622176170349121, "decoder lr": 0.01, "_wandb": {"runtime": 3087}}