{"Table": {"_type": "table-file", "sha256": "f01ccb819f5b2d0c9c51f0a67097d92934719025a4efabdbd8b6fc52afc3858f", "size": 1852, "artifact_path": "wandb-client-artifact://ajzkz6m4jgeikk39x2bedd9x2ec5aer8u0phvf8am5n5po2opidfmst0lrl0we5oy6spv0uiczg8qr5fxkey0c1dtsxmdp383d6xtd5pazxqkzq7sc8ttjzl41x75nm5:latest/Table.table.json", "_latest_artifact_path": "wandb-client-artifact://ajzkz6m4jgeikk39x2bedd9x2ec5aer8u0phvf8am5n5po2opidfmst0lrl0we5oy6spv0uiczg8qr5fxkey0c1dtsxmdp383d6xtd5pazxqkzq7sc8ttjzl41x75nm5:latest/Table.table.json", "path": "media/table/Table_0_f01ccb819f5b2d0c9c51.table.json", "ncols": 12, "nrows": 10}, "_timestamp": 1710827722.8304203, "_runtime": 382.0395052433014, "_step": 1, "mean_T0T": 0.3777779367368841, "std_T0T": 0.15146472716460052, "mean_0T0": 0.008184614068479461, "std_0T0": 0.007363035163829873, "mean_middle": 0.22209092571241626, "std_middle": 0.0518913053421161, "guidance_scale": 1, "inv_time": 36.758701014518735, "_wandb": {"runtime": 381}}