{"Table": {"_type": "table-file", "sha256": "b72b93d21f9a10e4dbfd27956cae6d1554537b673d37349d40243691a944f4e0", "size": 47104, "artifact_path": "wandb-client-artifact://3fl1p5qmtdi35fpq9fmhv7r1k5mq2vpre8gkz242hft709h70i3vdgqo7xug2sphyty00e1cg70shp218gs2k0aoj8ek0zzhwww4p0c8ehm4fhfe2b4uhmczjq42vde6:latest/Table.table.json", "_latest_artifact_path": "wandb-client-artifact://3fl1p5qmtdi35fpq9fmhv7r1k5mq2vpre8gkz242hft709h70i3vdgqo7xug2sphyty00e1cg70shp218gs2k0aoj8ek0zzhwww4p0c8ehm4fhfe2b4uhmczjq42vde6:latest/Table.table.json", "path": "media/table/Table_0_b72b93d21f9a10e4dbfd.table.json", "ncols": 17, "nrows": 100}, "_timestamp": 1715669674.047898, "_runtime": 1286.2473690509796, "_step": 1, "mean_T0T": -1.152694210079528, "std_T0T": 0.11462682839366543, "mean_0T0": 2.6220605660691003, "std_0T0": 0.5388324603168335, "mean_middle": -14.81979155100531, "std_middle": 0.024712775445280416, "mean_loss": 6.51171875, "std_loss": 0.67236328125, "guidance_scale": 1, "inv_time": 12.002570066452027, "prompt": "zoey deutch with white bra portrait | | realistic shaded, unpleasant face, bad looking, fine details, realistic shaded lighting poster by greg rutkowski, magali villeneuve, artgerm, jeremy lipkin and michael garmash and rob rey", "mean_memory_usage": 2.63254451751709, "decoder lr": 0.01, "_wandb": {"runtime": 1285}}