{"Table": {"_type": "table-file", "sha256": "ba38c610fc7728d5a108ed56a5061483066695d017210e6815c28e5a9071b6e8", "size": 44129, "artifact_path": "wandb-client-artifact://9lewibipgmctae0c3ylmplqlvz1m4sjjdjs0uwl4ogg79xqu83oo7ax1si0cyavbccdxu79ecynu5t0pk7kc01z62h27wh6gl0ht6en6bsqwsoudfufw4fi1gu72jyb0:latest/Table.table.json", "_latest_artifact_path": "wandb-client-artifact://9lewibipgmctae0c3ylmplqlvz1m4sjjdjs0uwl4ogg79xqu83oo7ax1si0cyavbccdxu79ecynu5t0pk7kc01z62h27wh6gl0ht6en6bsqwsoudfufw4fi1gu72jyb0:latest/Table.table.json", "path": "media/table/Table_0_ba38c610fc7728d5a108.table.json", "ncols": 15, "nrows": 100}, "_timestamp": 1714035777.387245, "_runtime": 869.447839975357, "_step": 1, "mean_T0T": -7.809909946121687, "std_T0T": 0.10165257710299087, "mean_0T0": -24.02134313461305, "std_0T0": 0.004533454914656046, "mean_middle": -14.782162378500514, "std_middle": 0.02464442013472866, "mean_loss": 0.0032634735107421875, "std_loss": 0.003997802734375, "guidance_scale": 1, "inv_time": 4.787423963546753, "prompt": "zoey deutch with white bra portrait | | realistic shaded, unpleasant face, bad looking, fine details, realistic shaded lighting poster by greg rutkowski, magali villeneuve, artgerm, jeremy lipkin and michael garmash and rob rey", "mean_memory_usage": 2.6295833587646484, "decoder lr": 0.02, "_wandb": {"runtime": 868}}