{"Table": {"_type": "table-file", "sha256": "1c8f26a240140309e6c69a2d71634a6c01c6b37e909242b681d2ae54645a928f", "size": 2083, "artifact_path": "wandb-client-artifact://3rk7ognq0vdozk1h08uhs3josuvlfv941lsqy0vpoab6zac22qvhczf6xatamvxlqkcrl5zeytsxvzwmxyog4g7jpfqiryzpz4cxnbou0kb0wma2mbuccgfdykuaz71c:latest/Table.table.json", "_latest_artifact_path": "wandb-client-artifact://3rk7ognq0vdozk1h08uhs3josuvlfv941lsqy0vpoab6zac22qvhczf6xatamvxlqkcrl5zeytsxvzwmxyog4g7jpfqiryzpz4cxnbou0kb0wma2mbuccgfdykuaz71c:latest/Table.table.json", "path": "media/table/Table_0_1c8f26a240140309e6c6.table.json", "ncols": 13, "nrows": 10}, "_timestamp": 1711471830.347424, "_runtime": 482.9823970794678, "_step": 1, "mean_T0T": -3.4304321485176676, "std_T0T": 0.16715868079251606, "mean_0T0": -16.916015214712136, "std_0T0": 0.018905172214085355, "mean_middle": -2.404177035430089, "std_middle": 0.2844417211555528, "mean_loss": 0.004022370092570782, "std_loss": 0.003435863647609949, "guidance_scale": 1, "inv_time": 46.85412244796753, "_wandb": {"runtime": 482}}