{"Table": {"_type": "table-file", "sha256": "9ae1efb93c7c1100dfc5394ac3fed044301d6081e92526daf99ea0370773b7af", "size": 2087, "artifact_path": "wandb-client-artifact://793vtyizoypa873b38qov0f41a2i3zo5vpgnwmtrw7e3gfug7rgvkvyngn3bj3ia0nk0qksiotgo9eiyxyd9gsbtg90g6j7hn5wisru0tdwmgm4emy38m12ftrq9tt4l:latest/Table.table.json", "_latest_artifact_path": "wandb-client-artifact://793vtyizoypa873b38qov0f41a2i3zo5vpgnwmtrw7e3gfug7rgvkvyngn3bj3ia0nk0qksiotgo9eiyxyd9gsbtg90g6j7hn5wisru0tdwmgm4emy38m12ftrq9tt4l:latest/Table.table.json", "path": "media/table/Table_0_9ae1efb93c7c1100dfc5.table.json", "ncols": 13, "nrows": 10}, "_timestamp": 1711543697.6556182, "_runtime": 186.30024123191833, "_step": 1, "mean_T0T": -3.672701828687904, "std_T0T": 0.15141752690073526, "mean_0T0": -13.89745753065938, "std_0T0": 0.03467162739030678, "mean_middle": -6.598034996819994, "std_middle": 0.052438315981571025, "mean_loss": 0.0016327733173966408, "std_loss": 0.001383847207762301, "guidance_scale": 1, "inv_time": 17.197860193252563, "_wandb": {"runtime": 185}}