{"Table": {"_type": "table-file", "sha256": "e9fdb2dcfc24980008f76c0d5f589af8385c5f54493d179161946cbb5596207b", "size": 723, "artifact_path": "wandb-client-artifact://ev9fr0zzo86a739fu9vd7w76ik5pkd78msmjuh79qhmgxt864fa875afez1231a9mlzu2a3vrbiqw9e62dtc6c9dp4wi633682t24k0yph1mkc0o468wi48dyfh07pma:latest/Table.table.json", "_latest_artifact_path": "wandb-client-artifact://ev9fr0zzo86a739fu9vd7w76ik5pkd78msmjuh79qhmgxt864fa875afez1231a9mlzu2a3vrbiqw9e62dtc6c9dp4wi633682t24k0yph1mkc0o468wi48dyfh07pma:latest/Table.table.json", "path": "media/table/Table_0_e9fdb2dcfc24980008f7.table.json", "ncols": 15, "nrows": 1}, "_timestamp": 1713697994.440807, "_runtime": 46.61479306221008, "_step": 1, "mean_T0T": -5.621387967724239, "std_T0T": 0.0, "mean_0T0": -12.938885085702129, "std_0T0": 0.0, "mean_middle": -6.825039556480073, "std_middle": 0.0, "mean_loss": 0.19783926010131836, "std_loss": 0.0, "guidance_scale": 1, "inv_time": 33.30342698097229, "prompt": "young, curly haired, redhead Natalie Portman  as a optimistic!, cheerful, giddy medieval innkeeper in a dark medieval inn. dark shadows, colorful, candle light,  law contrasts, fantasy concept art by Jakub Rozalski, Jan Matejko, and J.Dickenson", "mean_memory_usage": 10.035847187042236, "decoder lr": 0.1, "_wandb": {"runtime": 46}}