{"Table": {"_type": "table-file", "sha256": "d2b99d542f1cc97b4c916ad7f78c9455cad795a1eaf8b1c5f74eae745d387695", "size": 2110, "artifact_path": "wandb-client-artifact://06srtv9drxnse4r9k2cfp0hl3filkpyqkquyg9545n7w71n9km4x4sspk3vmq4p7mdfb8nc49e0mphvsyh1z2aobuuh4endfsudspvxbnveyts6aht6q40saiv347vac:latest/Table.table.json", "_latest_artifact_path": "wandb-client-artifact://06srtv9drxnse4r9k2cfp0hl3filkpyqkquyg9545n7w71n9km4x4sspk3vmq4p7mdfb8nc49e0mphvsyh1z2aobuuh4endfsudspvxbnveyts6aht6q40saiv347vac:latest/Table.table.json", "path": "media/table/Table_0_d2b99d542f1cc97b4c91.table.json", "ncols": 13, "nrows": 10}, "_timestamp": 1710875448.244461, "_runtime": 2648.1512780189514, "_step": 1, "mean_T0T": -25.889967196072234, "std_T0T": 12.987366370962665, "mean_0T0": -73.98281390932281, "std_0T0": 15.251063899061469, "mean_middle": -15.35166923193699, "std_middle": 2.634025063538731, "mean_loss": -88.4378659523846, "std_loss": 16.532018491866857, "guidance_scale": 1, "inv_time": 263.3554634809494, "_wandb": {"runtime": 2647}}