{"Table": {"_type": "table-file", "sha256": "052009cd478cc72d5c77cd4db7a026fd15764ac1ab42893177f2b26eac914049", "size": 44302, "artifact_path": "wandb-client-artifact://hqfrxf62dllqa2j764gs1eklsdyx0zkxn71bixukpcg19966gmdhmo7tl331kyrj1ij2b0zad3if70iy79c7vr1msvn86jc9r4amzq6lwxosoe0vugka003zmfiq9ytm:latest/Table.table.json", "_latest_artifact_path": "wandb-client-artifact://hqfrxf62dllqa2j764gs1eklsdyx0zkxn71bixukpcg19966gmdhmo7tl331kyrj1ij2b0zad3if70iy79c7vr1msvn86jc9r4amzq6lwxosoe0vugka003zmfiq9ytm:latest/Table.table.json", "path": "media/table/Table_0_052009cd478cc72d5c77.table.json", "ncols": 15, "nrows": 100}, "_timestamp": 1714034776.7313907, "_runtime": 886.4426877498627, "_step": 1, "mean_T0T": -8.353344246384381, "std_T0T": 0.10098866773301045, "mean_0T0": -24.833541169165436, "std_0T0": 0.0043043408793611345, "mean_middle": -15.213710573488617, "std_middle": 0.024674148794490078, "mean_loss": 0.0028324127197265625, "std_loss": 0.0024890899658203125, "guidance_scale": 1, "inv_time": 4.845069699287414, "prompt": "zoey deutch with white bra portrait | | realistic shaded, unpleasant face, bad looking, fine details, realistic shaded lighting poster by greg rutkowski, magali villeneuve, artgerm, jeremy lipkin and michael garmash and rob rey", "mean_memory_usage": 2.621030807495117, "decoder lr": 0.05, "_wandb": {"runtime": 885}}