{"Table": {"_type": "table-file", "sha256": "4d9163cd8874338bd85fefad212fe68d28298521392507ff9171bdecb5c9e1d7", "size": 1852, "artifact_path": "wandb-client-artifact://s7l5u9d0ww8scudhdblifj1iolnv5vyz3g2tvpbfctcw26piw3cnhtdf2cnjgtc2a9sqp9p9w3tic7q351hsmx8v01fpvczi6hluxt4w86brrzj0ett28241arv4icl7:latest/Table.table.json", "_latest_artifact_path": "wandb-client-artifact://s7l5u9d0ww8scudhdblifj1iolnv5vyz3g2tvpbfctcw26piw3cnhtdf2cnjgtc2a9sqp9p9w3tic7q351hsmx8v01fpvczi6hluxt4w86brrzj0ett28241arv4icl7:latest/Table.table.json", "path": "media/table/Table_0_4d9163cd8874338bd85f.table.json", "ncols": 12, "nrows": 10}, "_timestamp": 1710825577.723413, "_runtime": 230.53192400932312, "_step": 1, "mean_T0T": 0.41273747955161905, "std_T0T": 0.15144247374087264, "mean_0T0": 0.0163136532629595, "std_0T0": 0.012317032317816301, "mean_middle": 0.2188754893247597, "std_middle": 0.052439893630278414, "guidance_scale": 1, "inv_time": 21.608158040046693, "_wandb": {"runtime": 229}}