{"Table": {"_type": "table-file", "sha256": "99377735b557898bf06938aea87d81e62694e339c5bf0e097589dd5c38f02358", "size": 43919, "artifact_path": "wandb-client-artifact://okz87x5sw1x7y3tc4ahxhldme0kqbhnpejpfdjv2w1cts7kwnd2u6u58vfm7ad92rbtwesdl3ftlypnmmvkqviz7trkeb51kdwakhtez5xoqt2bnzms3ptamcmht9xfa:latest/Table.table.json", "_latest_artifact_path": "wandb-client-artifact://okz87x5sw1x7y3tc4ahxhldme0kqbhnpejpfdjv2w1cts7kwnd2u6u58vfm7ad92rbtwesdl3ftlypnmmvkqviz7trkeb51kdwakhtez5xoqt2bnzms3ptamcmht9xfa:latest/Table.table.json", "path": "media/table/Table_0_99377735b557898bf069.table.json", "ncols": 15, "nrows": 100}, "_timestamp": 1713588962.429417, "_runtime": 1366.582811832428, "_step": 1, "mean_T0T": -7.0776844425015915, "std_T0T": 0.057803073422584075, "mean_0T0": -2.464795626956778, "std_0T0": 0.19940839416395098, "mean_middle": -1.9301161032457563, "std_middle": 0.15800204498632, "mean_loss": 0.003536657430231571, "std_loss": 0.005367277190089226, "guidance_scale": 1, "inv_time": 4.839077422618866, "prompt": "zoey deutch with white bra portrait | | realistic shaded, unpleasant face, bad looking, fine details, realistic shaded lighting poster by greg rutkowski, magali villeneuve, artgerm, jeremy lipkin and michael garmash and rob rey", "mean_memory_usage": 0.6017765998840332, "decoder lr": 0.005, "_wandb": {"runtime": 1364}}