{"Table": {"_type": "table-file", "sha256": "44ca05e0bddff44389cd16d0fa91ee635f4be13d0c8c63a6e07437bfb6687c9c", "size": 47089, "artifact_path": "wandb-client-artifact://h32sb4i288tsqz2hn3u5obyxoa76crhj1yjwl2lxhyfcvp5lkmehing3rj88gkvh5csuztz0nqinp0d10c0c9knx07kgrlc00vmljzchd73smz3zuvbje1xc6dlj9xfp:latest/Table.table.json", "_latest_artifact_path": "wandb-client-artifact://h32sb4i288tsqz2hn3u5obyxoa76crhj1yjwl2lxhyfcvp5lkmehing3rj88gkvh5csuztz0nqinp0d10c0c9knx07kgrlc00vmljzchd73smz3zuvbje1xc6dlj9xfp:latest/Table.table.json", "path": "media/table/Table_0_44ca05e0bddff44389cd.table.json", "ncols": 17, "nrows": 100}, "_timestamp": 1714719536.9652133, "_runtime": 6150.134878396988, "_step": 1, "mean_T0T": -1.1039979159789628, "std_T0T": 0.12469935631541228, "mean_0T0": 2.70012170311678, "std_0T0": 0.5481462343052061, "mean_middle": -13.889535808782833, "std_middle": 0.04363890411817543, "mean_loss": 6.60546875, "std_loss": 0.68212890625, "guidance_scale": 1, "inv_time": 60.5237447309494, "prompt": "zoey deutch with white bra portrait | | realistic shaded, unpleasant face, bad looking, fine details, realistic shaded lighting poster by greg rutkowski, magali villeneuve, artgerm, jeremy lipkin and michael garmash and rob rey", "mean_memory_usage": 2.6272878646850586, "decoder lr": 0.01, "_wandb": {"runtime": 6149}}