{"Table": {"_type": "table-file", "sha256": "629129701b49fb87fe278eecd45058e03526b4e697b59445edd91158e92ab8d8", "size": 1846, "artifact_path": "wandb-client-artifact://th6tiggw15uaecb1fn4ujjv5nltwnz3l43id1dbpzm3599tzjouo177hy8clrneegboagnn4ygvkgudtww973epwpigkadhxsa7ob2faqueq0s37bl288krempcjtgxp:latest/Table.table.json", "_latest_artifact_path": "wandb-client-artifact://th6tiggw15uaecb1fn4ujjv5nltwnz3l43id1dbpzm3599tzjouo177hy8clrneegboagnn4ygvkgudtww973epwpigkadhxsa7ob2faqueq0s37bl288krempcjtgxp:latest/Table.table.json", "path": "media/table/Table_0_629129701b49fb87fe27.table.json", "ncols": 12, "nrows": 10}, "_timestamp": 1710830802.590099, "_runtime": 345.5179831981659, "_step": 1, "mean_T0T": 0.4127429883354897, "std_T0T": 0.15897757682485855, "mean_0T0": 0.012006930807154021, "std_0T0": 0.009322218920435684, "mean_middle": 0.21887594716125464, "std_middle": 0.052438703440606534, "guidance_scale": 1, "inv_time": 33.05416111946106, "_wandb": {"runtime": 344}}