{"Table": {"_type": "table-file", "sha256": "16e22ba07603602bc7812b06b355fa2c8c1bcc71a7d82bce3902251295b67def", "size": 2118, "artifact_path": "wandb-client-artifact://weywc8fsutmi2zkl1bj98ou7y6qxh1g4o28bqzjg4youqbjk51zj47hk0cdaj5lmto78sk44opd6fxfm3u7p9yq4rv85uixrhrsvt9etabbj4we91wudmhl0m97sdu1p:latest/Table.table.json", "_latest_artifact_path": "wandb-client-artifact://weywc8fsutmi2zkl1bj98ou7y6qxh1g4o28bqzjg4youqbjk51zj47hk0cdaj5lmto78sk44opd6fxfm3u7p9yq4rv85uixrhrsvt9etabbj4we91wudmhl0m97sdu1p:latest/Table.table.json", "path": "media/table/Table_0_16e22ba07603602bc781.table.json", "ncols": 13, "nrows": 10}, "_timestamp": 1711346294.03988, "_runtime": 1700.114804983139, "_step": 1, "mean_T0T": -7.90229337862423, "std_T0T": 0.11846148576728809, "mean_0T0": -26.87778779307012, "std_0T0": 0.002185098152734719, "mean_middle": -13.858431394723556, "std_middle": 0.020881247897785206, "mean_loss": 0.0004300891887396574, "std_loss": 0.00046675902558490634, "guidance_scale": 1, "inv_time": 168.55533113479615, "_wandb": {"runtime": 1699}}