{"Table": {"_type": "table-file", "sha256": "b3bc3f57b68dd9dbd69e0efd8c5201edc378ac68112cf0c32fa1e26af9f07f52", "size": 43704, "artifact_path": "wandb-client-artifact://y1klj6vfudn9zpni9s2okif4u04tigkb93jd7gxg4a1xsghvh0u442i2zmsq2z83vq9ykmxxjkskeabhte79lkaog1v06egunwxhqwxlwz8zi3usy5xwle1oh0audc2w:latest/Table.table.json", "_latest_artifact_path": "wandb-client-artifact://y1klj6vfudn9zpni9s2okif4u04tigkb93jd7gxg4a1xsghvh0u442i2zmsq2z83vq9ykmxxjkskeabhte79lkaog1v06egunwxhqwxlwz8zi3usy5xwle1oh0audc2w:latest/Table.table.json", "path": "media/table/Table_0_b3bc3f57b68dd9dbd69e.table.json", "ncols": 15, "nrows": 100}, "_timestamp": 1713839990.5785272, "_runtime": 1073.5376191139221, "_step": 1, "mean_T0T": -1.7678389626869275, "std_T0T": 0.18511099741239806, "mean_0T0": -11.106116061739169, "std_0T0": 0.038243703647125545, "mean_middle": -3.457982472090924, "std_middle": 0.08519161536480693, "mean_loss": 0.0024776458740234375, "std_loss": 0.003749847412109375, "guidance_scale": 1, "inv_time": 6.640182688236236, "prompt": "zoey deutch with white bra portrait | | realistic shaded, unpleasant face, bad looking, fine details, realistic shaded lighting poster by greg rutkowski, magali villeneuve, artgerm, jeremy lipkin and michael garmash and rob rey", "mean_memory_usage": 8.370402011871338, "decoder lr": 0.2, "_wandb": {"runtime": 1072}}