{"Table": {"_type": "table-file", "sha256": "8dc107b07b20c157a5a0e68ada2dbe8dda2c8f0db082b7fe77c929bd9a988711", "size": 2131, "artifact_path": "wandb-client-artifact://1odtp8f8nm0nzbubaeq5q8nh4cuhcwmm2thmh3ho71txgbb9ux1sbqmnusc64960sq1s1obzkm15wfgwyhf43i04xb96bmamo3ljox7o3p5p3s8nwmrb8bom7157o6gf:latest/Table.table.json", "_latest_artifact_path": "wandb-client-artifact://1odtp8f8nm0nzbubaeq5q8nh4cuhcwmm2thmh3ho71txgbb9ux1sbqmnusc64960sq1s1obzkm15wfgwyhf43i04xb96bmamo3ljox7o3p5p3s8nwmrb8bom7157o6gf:latest/Table.table.json", "path": "media/table/Table_0_8dc107b07b20c157a5a0.table.json", "ncols": 13, "nrows": 10}, "_timestamp": 1711103983.5443835, "_runtime": 5797.228314638138, "_step": 1, "mean_T0T": -11.93535821324467, "std_T0T": 0.06051320249144688, "mean_0T0": -39.571398084120766, "std_0T0": 0.00014569641790200086, "mean_middle": -19.175511721238077, "std_middle": 0.008959928449152083, "mean_loss": 1.9513259758241475e-05, "std_loss": 1.8415379599900916e-05, "guidance_scale": 1, "inv_time": 578.2755981206894, "_wandb": {"runtime": 5796}}