{"Table": {"_type": "table-file", "sha256": "2167d7ac324814a6067a7d778890261995f056a5f54e77a576658b8fe838dd0b", "size": 2108, "artifact_path": "wandb-client-artifact://t2x9o8zb8fg1461kw2hue2at7t431jayws1yjbjt1rtsko1rn6twx15lypohrt5mkfo9rohedr100xdbn5rfms7m01650vkn1gnivbe5t45z8fm2r7w6efejpqy1rehu:latest/Table.table.json", "_latest_artifact_path": "wandb-client-artifact://t2x9o8zb8fg1461kw2hue2at7t431jayws1yjbjt1rtsko1rn6twx15lypohrt5mkfo9rohedr100xdbn5rfms7m01650vkn1gnivbe5t45z8fm2r7w6efejpqy1rehu:latest/Table.table.json", "path": "media/table/Table_0_2167d7ac324814a6067a.table.json", "ncols": 13, "nrows": 10}, "_timestamp": 1711012670.9580655, "_runtime": 1373.2349236011505, "_step": 1, "mean_T0T": -7.994355363529683, "std_T0T": 3.4359785084377537, "mean_0T0": -25.638716115435983, "std_0T0": 5.037413191251656, "mean_middle": -12.816001344591715, "std_middle": 3.940297927778479, "mean_loss": -28.263558181387072, "std_loss": 1.784649256998924, "guidance_scale": 1, "inv_time": 135.72421352863313, "_wandb": {"runtime": 1371}}