{"Table": {"_type": "table-file", "sha256": "dcb122405208035d0d087732c65f55a3fd9d76fa84d0612793ce97b64d7c8295", "size": 2089, "artifact_path": "wandb-client-artifact://uv8p95mi81fynauybcbsmpbquvkgb9z9qflobrz3ch67w89od25xac2515cxa5pxcndb41dtogl4oeoyt1he7gm5aum04agpmga0rs2os8gc16r047vumbpl2j9buwfu:latest/Table.table.json", "_latest_artifact_path": "wandb-client-artifact://uv8p95mi81fynauybcbsmpbquvkgb9z9qflobrz3ch67w89od25xac2515cxa5pxcndb41dtogl4oeoyt1he7gm5aum04agpmga0rs2os8gc16r047vumbpl2j9buwfu:latest/Table.table.json", "path": "media/table/Table_0_dcb122405208035d0d08.table.json", "ncols": 13, "nrows": 10}, "_timestamp": 1711540746.0846856, "_runtime": 858.6712906360626, "_step": 1, "mean_T0T": -5.503577694874128, "std_T0T": 0.13844479213609534, "mean_0T0": -21.4707540325406, "std_0T0": 0.008935689558355308, "mean_middle": -8.92433532393213, "std_middle": 0.06478299840936443, "mean_loss": 0.001546967658214271, "std_loss": 0.0007132996688596904, "guidance_scale": 1, "inv_time": 84.42636165618896, "_wandb": {"runtime": 858}}