{"Table": {"_type": "table-file", "sha256": "4035137e51246dbd476cbfb4f1600891c2cc3b195b4ffe3364e3aa5e4059a0e0", "size": 2064, "artifact_path": "wandb-client-artifact://53wb8chrtx23ltj07swaheejwfb6njydl4p3mpu8fxv5m0s5aw21oo6pkw4gkyukaljfen7e95tcaffusak5g73h7l3qx59lpbswocdcz25t6low93ng8qefkilpeqv5:latest/Table.table.json", "_latest_artifact_path": "wandb-client-artifact://53wb8chrtx23ltj07swaheejwfb6njydl4p3mpu8fxv5m0s5aw21oo6pkw4gkyukaljfen7e95tcaffusak5g73h7l3qx59lpbswocdcz25t6low93ng8qefkilpeqv5:latest/Table.table.json", "path": "media/table/Table_0_4035137e51246dbd476c.table.json", "ncols": 13, "nrows": 10}, "_timestamp": 1711611025.8479736, "_runtime": 706.491352558136, "_step": 1, "mean_T0T": -3.5430193533275163, "std_T0T": 0.16353804481684173, "mean_0T0": -19.901483134992194, "std_0T0": 0.008212341242897771, "mean_middle": -6.508562481947213, "std_middle": 0.06408456045217256, "mean_loss": 0.5953801870346069, "std_loss": 0.08933936059474945, "guidance_scale": 1, "inv_time": 69.22445406913758, "_wandb": {"runtime": 705}}