{"Table": {"_type": "table-file", "sha256": "7498037bfe5dc10254b790eb5276e08809ddb729daa05d3a246996c3f753cf45", "size": 43974, "artifact_path": "wandb-client-artifact://kzupir3awil9ile3nlppk5vkvpfj0p8xkawmm6odp8p0p31hc6s59iapjzyri642xpclwqyspnfnw4rnt0nvw1q8937mx2dz9nq09y91ea4do4ofuzpb883805qnaky2:latest/Table.table.json", "_latest_artifact_path": "wandb-client-artifact://kzupir3awil9ile3nlppk5vkvpfj0p8xkawmm6odp8p0p31hc6s59iapjzyri642xpclwqyspnfnw4rnt0nvw1q8937mx2dz9nq09y91ea4do4ofuzpb883805qnaky2:latest/Table.table.json", "path": "media/table/Table_0_7498037bfe5dc10254b7.table.json", "ncols": 15, "nrows": 100}, "_timestamp": 1713586141.0574763, "_runtime": 1365.3795673847198, "_step": 1, "mean_T0T": -7.612552914868952, "std_T0T": 0.055661525879466704, "mean_0T0": -4.409736363069746, "std_0T0": 0.12794111931894758, "mean_middle": -3.4948622473232565, "std_middle": 0.12404733636468099, "mean_loss": 0.003395988140255213, "std_loss": 0.004381363280117512, "guidance_scale": 1, "inv_time": 4.842254440784455, "prompt": "zoey deutch with white bra portrait | | realistic shaded, unpleasant face, bad looking, fine details, realistic shaded lighting poster by greg rutkowski, magali villeneuve, artgerm, jeremy lipkin and michael garmash and rob rey", "mean_memory_usage": 0.6010441780090332, "decoder lr": 0.02, "_wandb": {"runtime": 1364}}