{"Table": {"_type": "table-file", "sha256": "e2439ab1a4935c8475acfc5299c7172b01f95147d34f5cdaa3ecf8728123de18", "size": 44073, "artifact_path": "wandb-client-artifact://1xma05aj25a1f96nv7dvyjouf8xxizi8i4t0xaovuf0ayqjojoj3mb71o5j3gplc861fim6h1r8vdzdpu4n4daxe5hwdrowjxxqfwzikby68i5b3f6hl9voxkfrk5vu8:latest/Table.table.json", "_latest_artifact_path": "wandb-client-artifact://1xma05aj25a1f96nv7dvyjouf8xxizi8i4t0xaovuf0ayqjojoj3mb71o5j3gplc861fim6h1r8vdzdpu4n4daxe5hwdrowjxxqfwzikby68i5b3f6hl9voxkfrk5vu8:latest/Table.table.json", "path": "media/table/Table_0_e2439ab1a4935c8475ac.table.json", "ncols": 15, "nrows": 100}, "_timestamp": 1713855366.1647475, "_runtime": 1368.9906215667725, "_step": 1, "mean_T0T": -7.551429419638671, "std_T0T": 0.12934051325369317, "mean_0T0": -27.38593628555165, "std_0T0": 0.002056724257958873, "mean_middle": -15.273047094131444, "std_middle": 0.025810899025392377, "mean_loss": 0.0034847259521484375, "std_loss": 0.007236480712890625, "guidance_scale": 1, "inv_time": 9.753183238506317, "prompt": "zoey deutch with white bra portrait | | realistic shaded, unpleasant face, bad looking, fine details, realistic shaded lighting poster by greg rutkowski, magali villeneuve, artgerm, jeremy lipkin and michael garmash and rob rey", "mean_memory_usage": 8.370447177886962, "decoder lr": 0.1, "_wandb": {"runtime": 1368}}