{"Table": {"_type": "table-file", "sha256": "2adc91e4decec3dd0b8a269150945486258e84bd8a46f5e2087fde04b5680618", "size": 2066, "artifact_path": "wandb-client-artifact://40mbujuypke58zw1v64yyjb97bdybl4ucu8019q1scg6o1o0hu2fdoh4g56it3dnvdyyosnblp8s7jxk4dmdq61x925wjbfgkgiey5e5fweruhjfixsjt9i96sr6k2nz:latest/Table.table.json", "_latest_artifact_path": "wandb-client-artifact://40mbujuypke58zw1v64yyjb97bdybl4ucu8019q1scg6o1o0hu2fdoh4g56it3dnvdyyosnblp8s7jxk4dmdq61x925wjbfgkgiey5e5fweruhjfixsjt9i96sr6k2nz:latest/Table.table.json", "path": "media/table/Table_0_2adc91e4decec3dd0b8a.table.json", "ncols": 13, "nrows": 10}, "_timestamp": 1711609071.151934, "_runtime": 485.38368487358093, "_step": 1, "mean_T0T": -3.667009114881274, "std_T0T": 0.15646084784876713, "mean_0T0": -19.693190316274148, "std_0T0": 0.008491891951772322, "mean_middle": -6.508528331963409, "std_middle": 0.06408557617101888, "mean_loss": 0.5987082123756409, "std_loss": 0.0884399339556694, "guidance_scale": 1, "inv_time": 47.1319301366806, "_wandb": {"runtime": 484}}