{"Table": {"_type": "table-file", "sha256": "9a0c00ef417e0f8fcab9ebc25bd5bdc03c97e87da0d5b49d708f4c0b28bfa81a", "size": 2115, "artifact_path": "wandb-client-artifact://70wmbhb3pbpqxrd281jemuuckc1s89wetkiupxm70jpwygt1rr82uqhmdeer0w1b60wvexyslu11q9w98zxz0jortp6cuqce3jcvipbdu8si7mpybmqf4dtqbiki0axu:latest/Table.table.json", "_latest_artifact_path": "wandb-client-artifact://70wmbhb3pbpqxrd281jemuuckc1s89wetkiupxm70jpwygt1rr82uqhmdeer0w1b60wvexyslu11q9w98zxz0jortp6cuqce3jcvipbdu8si7mpybmqf4dtqbiki0axu:latest/Table.table.json", "path": "media/table/Table_0_9a0c00ef417e0f8fcab9.table.json", "ncols": 13, "nrows": 10}, "_timestamp": 1711035529.6771235, "_runtime": 1131.3254754543304, "_step": 1, "mean_T0T": -0.5841126786143107, "std_T0T": 0.14351258554652946, "mean_0T0": -2.510539929644637, "std_0T0": 0.003886762319390513, "mean_middle": -1.0842272975198408, "std_middle": 0.031422005803277094, "mean_loss": 0.0006137176533229649, "std_loss": 0.0008765346719883382, "guidance_scale": 1, "inv_time": 111.56260831356049, "_wandb": {"runtime": 1129}}