{"Table": {"_type": "table-file", "sha256": "9f400c7336d9557043bd501b37e7bdb0748c678bd8af6f99230c887eed68c624", "size": 42675, "artifact_path": "wandb-client-artifact://vm0idyuwag9ranpwf8ms0d9x156rm3ixg8dm5n5fpa7x2tyosc35jsbqtstfak8htxfm8hqlbl6ch4mwgwal9dfpepsvmwo2q7jyigo6gw63uj3yv2qtn13c9qjiz0sy:latest/Table.table.json", "_latest_artifact_path": "wandb-client-artifact://vm0idyuwag9ranpwf8ms0d9x156rm3ixg8dm5n5fpa7x2tyosc35jsbqtstfak8htxfm8hqlbl6ch4mwgwal9dfpepsvmwo2q7jyigo6gw63uj3yv2qtn13c9qjiz0sy:latest/Table.table.json", "path": "media/table/Table_0_9f400c7336d9557043bd.table.json", "ncols": 15, "nrows": 100}, "_timestamp": 1715631436.6631079, "_runtime": 3319.1873819828033, "_step": 1, "mean_T0T": -1.181681978375561, "std_T0T": 0.11335460800435519, "mean_0T0": 2.6764269633499467, "std_0T0": 0.5428084946866081, "mean_middle": -15.835586279768957, "std_middle": 0.02433369030940988, "mean_loss": 6.6015625, "std_loss": 0.677734375, "guidance_scale": 1, "inv_time": 31.995935215950013, "prompt": "zoey deutch with white bra portrait | | realistic shaded, unpleasant face, bad looking, fine details, realistic shaded lighting poster by greg rutkowski, magali villeneuve, artgerm, jeremy lipkin and michael garmash and rob rey", "mean_memory_usage": 8.381062717437745, "decoder lr": 0.01, "_wandb": {"runtime": 3318}}