{"Table": {"_type": "table-file", "sha256": "04f9a3ba7390356b81f1cf5a9e66f0e5a43b4c76d86dc25da38472e60a482c92", "size": 2127, "artifact_path": "wandb-client-artifact://dhw85xzwke7d11fs91ry223pnewjmin94d9cuocmv0ccwokcur8s3deboczr80lzcqpo0seautohzc74ksrfp5zvs90m5yovirt0h3f4e914wn0a7s2h5cqmpcm7c55i:latest/Table.table.json", "_latest_artifact_path": "wandb-client-artifact://dhw85xzwke7d11fs91ry223pnewjmin94d9cuocmv0ccwokcur8s3deboczr80lzcqpo0seautohzc74ksrfp5zvs90m5yovirt0h3f4e914wn0a7s2h5cqmpcm7c55i:latest/Table.table.json", "path": "media/table/Table_0_04f9a3ba7390356b81f1.table.json", "ncols": 13, "nrows": 10}, "_timestamp": 1711075756.1759276, "_runtime": 2873.789525747299, "_step": 1, "mean_T0T": -9.651381320902228, "std_T0T": 0.09307714945954934, "mean_0T0": -34.57432227154091, "std_0T0": 0.0005330210280208909, "mean_middle": -16.73556024984378, "std_middle": 0.012038181111567528, "mean_loss": 7.140621164580807e-05, "std_loss": 0.00013095996109768748, "guidance_scale": 1, "inv_time": 285.9222678184509, "_wandb": {"runtime": 2873}}