{"Table": {"_type": "table-file", "sha256": "763b640de51db4489c2a2a6faa35613c1a36c563312acc1bdc636d53e512c1f8", "size": 2054, "artifact_path": "wandb-client-artifact://lcj63uqau981p7zxb0gwddpenvxwcmmqwv67ni4tt8v6b9kl4jx47eicxoxj8buqzkyslqw33ffq813mvh6itv25to1vvm61g0oj1eq4mwtnifyq7ukjgnsgs8lo0xrj:latest/Table.table.json", "_latest_artifact_path": "wandb-client-artifact://lcj63uqau981p7zxb0gwddpenvxwcmmqwv67ni4tt8v6b9kl4jx47eicxoxj8buqzkyslqw33ffq813mvh6itv25to1vvm61g0oj1eq4mwtnifyq7ukjgnsgs8lo0xrj:latest/Table.table.json", "path": "media/table/Table_0_763b640de51db4489c2a.table.json", "ncols": 13, "nrows": 10}, "_timestamp": 1711474755.2627847, "_runtime": 664.4434187412262, "_step": 1, "mean_T0T": -4.051404434085213, "std_T0T": 0.1158865455220869, "mean_0T0": -7.212024961673676, "std_0T0": 0.17746992441076126, "mean_middle": -8.190214467611277, "std_middle": 0.06827698516664377, "mean_loss": 0.32828962802886963, "std_loss": 0.13954518735408783, "guidance_scale": 1, "inv_time": 65.03310124874115, "_wandb": {"runtime": 663}}