{"Table": {"_type": "table-file", "sha256": "4ef37fddc48169e953eb7bf818874c81ee8aaa660f6de1de5c165d9cc9951ab2", "size": 47286, "artifact_path": "wandb-client-artifact://4rtn74mfsg6jlxxg6o3bhatrjsvlrdihnipxv28vj1oese2rcvp2r03507ln68fxyd9aaotbq1sobshb024pznrg9b206g29noezmt8g1bz5kb9wrq4m8sqz2ntg9jc2:latest/Table.table.json", "_latest_artifact_path": "wandb-client-artifact://4rtn74mfsg6jlxxg6o3bhatrjsvlrdihnipxv28vj1oese2rcvp2r03507ln68fxyd9aaotbq1sobshb024pznrg9b206g29noezmt8g1bz5kb9wrq4m8sqz2ntg9jc2:latest/Table.table.json", "path": "media/table/Table_0_4ef37fddc48169e953eb.table.json", "ncols": 17, "nrows": 100}, "_timestamp": 1715223810.6470501, "_runtime": 9181.911887168884, "_step": 1, "mean_T0T": -1.130128976398372, "std_T0T": 0.11507419999039985, "mean_0T0": 2.6053525778951454, "std_0T0": 0.5371863835017947, "mean_middle": -14.380741837475536, "std_middle": 0.024496927905763403, "mean_loss": 6.484375, "std_loss": 0.6708984375, "guidance_scale": 1, "inv_time": 90.83344087123871, "prompt": "zoey deutch with white bra portrait | | realistic shaded, unpleasant face, bad looking, fine details, realistic shaded lighting poster by greg rutkowski, magali villeneuve, artgerm, jeremy lipkin and michael garmash and rob rey", "mean_memory_usage": 2.6320486068725586, "decoder lr": 0.001, "_wandb": {"runtime": 9181}}