{"Table": {"_type": "table-file", "sha256": "52ecf8a72e0a2180cb7b84b905ebe58a7db55d1a4ab9c4fefb096c82c49a9542", "size": 43925, "artifact_path": "wandb-client-artifact://kt5qo2ad9aeyy4g0q2o8gjuzsxkum4h711tuk1mmuapfx4orp4q2mydxkg6gpy5xr0j3gj8w587f5vuv4vpdhzwx021mgxk5zahxuo46jw7ae638p9jjm9mxmiy3we97:latest/Table.table.json", "_latest_artifact_path": "wandb-client-artifact://kt5qo2ad9aeyy4g0q2o8gjuzsxkum4h711tuk1mmuapfx4orp4q2mydxkg6gpy5xr0j3gj8w587f5vuv4vpdhzwx021mgxk5zahxuo46jw7ae638p9jjm9mxmiy3we97:latest/Table.table.json", "path": "media/table/Table_0_52ecf8a72e0a2180cb7b.table.json", "ncols": 15, "nrows": 100}, "_timestamp": 1713565468.0130012, "_runtime": 1860.1391322612762, "_step": 1, "mean_T0T": -7.261522976176133, "std_T0T": 0.0569628464837717, "mean_0T0": -3.068422074153569, "std_0T0": 0.17202959718445332, "mean_middle": -2.436162169400095, "std_middle": 0.14536357104865524, "mean_loss": 0.0036939980927854776, "std_loss": 0.005515063181519508, "guidance_scale": 1, "inv_time": 9.805403583049774, "prompt": "zoey deutch with white bra portrait | | realistic shaded, unpleasant face, bad looking, fine details, realistic shaded lighting poster by greg rutkowski, magali villeneuve, artgerm, jeremy lipkin and michael garmash and rob rey", "mean_memory_usage": 0.6010441780090332, "decoder lr": 0.005, "_wandb": {"runtime": 1859}}