{"Table": {"_type": "table-file", "sha256": "2dbca9e0d953ec63f060546946c7d310a6925856e776e6c907f90e124f046668", "size": 43728, "artifact_path": "wandb-client-artifact://qx1ug65lwftl2ty6vna7sduh3htmc70uq815gczdzgvvjhm9frd0ng9i98dxvi7s8vgruspw43odtwnntj7zats9yeovbkfzrn910ox6y3ictogte5jpveci6bt6g9dp:latest/Table.table.json", "_latest_artifact_path": "wandb-client-artifact://qx1ug65lwftl2ty6vna7sduh3htmc70uq815gczdzgvvjhm9frd0ng9i98dxvi7s8vgruspw43odtwnntj7zats9yeovbkfzrn910ox6y3ictogte5jpveci6bt6g9dp:latest/Table.table.json", "path": "media/table/Table_0_2dbca9e0d953ec63f060.table.json", "ncols": 15, "nrows": 100}, "_timestamp": 1713783716.4739614, "_runtime": 1360.7428603172302, "_step": 1, "mean_T0T": 0.9886780954292789, "std_T0T": 0.14773253511564002, "mean_0T0": -2.269372260875048, "std_0T0": 0.19448272928681537, "mean_middle": 4.673711106038066, "std_middle": 0.8931993674185336, "mean_loss": 0.00031495094299316406, "std_loss": 0.0, "guidance_scale": 1, "inv_time": 9.7691113448143, "prompt": "zoey deutch with white bra portrait | | realistic shaded, unpleasant face, bad looking, fine details, realistic shaded lighting poster by greg rutkowski, magali villeneuve, artgerm, jeremy lipkin and michael garmash and rob rey", "mean_memory_usage": 8.381809787750244, "decoder lr": 0.2, "_wandb": {"runtime": 1360}}