{"Table": {"_type": "table-file", "sha256": "625d4be2d2ad21bd0188b702e5f2033e71fef107016ad674b732eca89dcc07dd", "size": 44061, "artifact_path": "wandb-client-artifact://xrhty334jaduo03594pbqg3nwqzeck8cadj01jqktvr7cm0oljkupuhe22y2iqjo7hksyg6nam4xtyts9w684326tt9yurhgnkk4f9d3l7xx35jxtjhzf10x01e0tgn5:latest/Table.table.json", "_latest_artifact_path": "wandb-client-artifact://xrhty334jaduo03594pbqg3nwqzeck8cadj01jqktvr7cm0oljkupuhe22y2iqjo7hksyg6nam4xtyts9w684326tt9yurhgnkk4f9d3l7xx35jxtjhzf10x01e0tgn5:latest/Table.table.json", "path": "media/table/Table_0_625d4be2d2ad21bd0188.table.json", "ncols": 15, "nrows": 100}, "_timestamp": 1713538679.134768, "_runtime": 4108.363198041916, "_step": 1, "mean_T0T": -4.197224625016926, "std_T0T": 0.12238095467253048, "mean_0T0": -20.8137540991229, "std_0T0": 0.006405293385188436, "mean_middle": -5.520426302109625, "std_middle": 0.07142980761661413, "mean_loss": 0.0021771679166704416, "std_loss": 0.0033774443436414003, "guidance_scale": 1, "inv_time": 32.12982531785965, "prompt": "zoey deutch with white bra portrait | | realistic shaded, unpleasant face, bad looking, fine details, realistic shaded lighting poster by greg rutkowski, magali villeneuve, artgerm, jeremy lipkin and michael garmash and rob rey", "mean_memory_usage": 5.838221020698548, "decoder lr": 0.1, "_wandb": {"runtime": 4107}}