{"Table": {"_type": "table-file", "sha256": "897746bf3b22651bfb6b7ea4799dcbff4f0c95320e1113b4c534fd06b45033ba", "size": 713, "artifact_path": "wandb-client-artifact://eahm2pxlydo6nr04aue22otnz88h1juda15rsaygx9t2lr60qhu0gmvvvq98wb9exb6yq5xx4s75us8glljs6gj1d49nn75u934x44etu22lus8k13yf02w98e5lft7r:latest/Table.table.json", "_latest_artifact_path": "wandb-client-artifact://eahm2pxlydo6nr04aue22otnz88h1juda15rsaygx9t2lr60qhu0gmvvvq98wb9exb6yq5xx4s75us8glljs6gj1d49nn75u934x44etu22lus8k13yf02w98e5lft7r:latest/Table.table.json", "path": "media/table/Table_0_897746bf3b22651bfb6b.table.json", "ncols": 15, "nrows": 1}, "_timestamp": 1713842961.9889095, "_runtime": 40.6929144859314, "_step": 1, "mean_T0T": -5.550085167009655, "std_T0T": 0.0, "mean_0T0": -1.9771197226550665, "std_0T0": 0.0, "mean_middle": -1.468703112649281, "std_middle": 0.0, "mean_loss": 0.205322265625, "std_loss": 0.0, "guidance_scale": 1, "inv_time": 11.061839580535889, "prompt": "young, curly haired, redhead Natalie Portman  as a optimistic!, cheerful, giddy medieval innkeeper in a dark medieval inn. dark shadows, colorful, candle light,  law contrasts, fantasy concept art by Jakub Rozalski, Jan Matejko, and J.Dickenson", "mean_memory_usage": 8.382116794586182, "decoder lr": 0.01, "_wandb": {"runtime": 39}}