{"Table": {"_type": "table-file", "sha256": "aee0bb92de2f768201a367886ec476c16176cbf73a8a4fa37baa71ba1dcf35b9", "size": 42766, "artifact_path": "wandb-client-artifact://583xs1314br8revp2e6pqpgif5qg2j18ac36ai3yib8ijkoo07ke1okkptaitld2rpmmrjf6p5frv8zmzj4npigpzpfm6bogomahpisengrfb3m02aandilt3weiyvkb:latest/Table.table.json", "_latest_artifact_path": "wandb-client-artifact://583xs1314br8revp2e6pqpgif5qg2j18ac36ai3yib8ijkoo07ke1okkptaitld2rpmmrjf6p5frv8zmzj4npigpzpfm6bogomahpisengrfb3m02aandilt3weiyvkb:latest/Table.table.json", "path": "media/table/Table_0_aee0bb92de2f768201a3.table.json", "ncols": 15, "nrows": 100}, "_timestamp": 1715656712.1828797, "_runtime": 944.167231798172, "_step": 1, "mean_T0T": -1.133216911567643, "std_T0T": 0.1150285013848391, "mean_0T0": 2.608489361214024, "std_0T0": 0.5377250249281824, "mean_middle": -14.485091211842844, "std_middle": 0.02475930380415657, "mean_loss": 6.48828125, "std_loss": 0.671875, "guidance_scale": 1, "inv_time": 8.252592763900758, "prompt": "zoey deutch with white bra portrait | | realistic shaded, unpleasant face, bad looking, fine details, realistic shaded lighting poster by greg rutkowski, magali villeneuve, artgerm, jeremy lipkin and michael garmash and rob rey", "mean_memory_usage": 3.294370651245117, "decoder lr": 0.005, "_wandb": {"runtime": 943}}