{"Table": {"_type": "table-file", "sha256": "ce19d2dc31a64761392937380216c2a2d00b61c198b45a01ae3fce98a8b245c4", "size": 43970, "artifact_path": "wandb-client-artifact://bawyn8ihb65jay7ug3xew3n1b8loet64h21dw1rct34350xbz4sbf5vfzkede8d5u5u9ukjmuezd74zzwmsquyzp58o8xhsdv1i51mt70ecsua7w3u9pgmelnok4ch2e:latest/Table.table.json", "_latest_artifact_path": "wandb-client-artifact://bawyn8ihb65jay7ug3xew3n1b8loet64h21dw1rct34350xbz4sbf5vfzkede8d5u5u9ukjmuezd74zzwmsquyzp58o8xhsdv1i51mt70ecsua7w3u9pgmelnok4ch2e:latest/Table.table.json", "path": "media/table/Table_0_ce19d2dc31a647613929.table.json", "ncols": 15, "nrows": 100}, "_timestamp": 1713684061.9816225, "_runtime": 1209.6852233409882, "_step": 1, "mean_T0T": -8.052563621520491, "std_T0T": 0.053640827228138704, "mean_0T0": -7.031796583790619, "std_0T0": 0.07068195752006062, "mean_middle": -5.435196748794717, "std_middle": 0.09571760897069839, "mean_loss": 0.0027736828196793795, "std_loss": 0.003697087522596121, "guidance_scale": 1, "inv_time": 3.1606824731826784, "prompt": "zoey deutch with white bra portrait | | realistic shaded, unpleasant face, bad looking, fine details, realistic shaded lighting poster by greg rutkowski, magali villeneuve, artgerm, jeremy lipkin and michael garmash and rob rey", "mean_memory_usage": 4.954799652099609, "decoder lr": 0.1, "_wandb": {"runtime": 1209}}