{"Table": {"_type": "table-file", "sha256": "c318a49e77cd64d756a3b25016269a389f78084fbe9c8562ed7924ba70ea7311", "size": 44009, "artifact_path": "wandb-client-artifact://td6th0x8fa5pw37m0zrr7r3dreq12l4vgdhzhm50vlzcpwjb4itnsvn83b3tgx4tqjucbfmcq0f3bs9zq61ejv859w0l2iwt52zang0lvx8c2nlrz7kem4bqgy06pggc:latest/Table.table.json", "_latest_artifact_path": "wandb-client-artifact://td6th0x8fa5pw37m0zrr7r3dreq12l4vgdhzhm50vlzcpwjb4itnsvn83b3tgx4tqjucbfmcq0f3bs9zq61ejv859w0l2iwt52zang0lvx8c2nlrz7kem4bqgy06pggc:latest/Table.table.json", "path": "media/table/Table_0_c318a49e77cd64d756a3.table.json", "ncols": 15, "nrows": 100}, "_timestamp": 1713690188.9165893, "_runtime": 1064.0257322788239, "_step": 1, "mean_T0T": -8.053943425095218, "std_T0T": 0.053712829367743985, "mean_0T0": -7.031286495645377, "std_0T0": 0.07066999636976995, "mean_middle": -5.436219444896938, "std_middle": 0.0957589301811682, "mean_loss": 0.003133318154141307, "std_loss": 0.004303661175072193, "guidance_scale": 1, "inv_time": 1.8651945424079894, "prompt": "zoey deutch with white bra portrait | | realistic shaded, unpleasant face, bad looking, fine details, realistic shaded lighting poster by greg rutkowski, magali villeneuve, artgerm, jeremy lipkin and michael garmash and rob rey", "mean_memory_usage": 4.767031192779541, "decoder lr": 0.1, "_wandb": {"runtime": 1063}}