{"Table": {"_type": "table-file", "sha256": "e716a17486a8568f98014f4b623d825e4f5bf16909b02e35d758cf2608d60f93", "size": 2113, "artifact_path": "wandb-client-artifact://kahd3hmudl0unhukp50p4sazdhx0q5tk1ub9kgl1ifjutwgmv3naf1icw0csjnx2o3wfhium8ea32khau4xzo9kg77icr35t7x0y5dwon94xjp7243r8if73cs3f52lw:latest/Table.table.json", "_latest_artifact_path": "wandb-client-artifact://kahd3hmudl0unhukp50p4sazdhx0q5tk1ub9kgl1ifjutwgmv3naf1icw0csjnx2o3wfhium8ea32khau4xzo9kg77icr35t7x0y5dwon94xjp7243r8if73cs3f52lw:latest/Table.table.json", "path": "media/table/Table_0_e716a17486a8568f9801.table.json", "ncols": 13, "nrows": 10}, "_timestamp": 1710870501.5199778, "_runtime": 1861.4507417678833, "_step": 1, "mean_T0T": -21.123235457417053, "std_T0T": 10.201832752798012, "mean_0T0": -68.06096980139259, "std_0T0": 12.937941523805408, "mean_middle": -15.351523732596311, "std_middle": 2.63403470007499, "mean_loss": -82.69588441590659, "std_loss": 11.465384500419573, "guidance_scale": 1, "inv_time": 184.67550501823425, "_wandb": {"runtime": 1860}}