{"Table": {"_type": "table-file", "sha256": "6fa049c1c5d7dcf094b115592105bc663cafce9cb95381fea07fa711ca3907e8", "size": 2133, "artifact_path": "wandb-client-artifact://7vdxv6za8eo9e949f8zb7q33x9lond7neg5lg4z5xbob9qaz28y0dub8vggkc91jl8l4wwo9qlnudz1xz4sg6b8wckgdj2vi66o15azsr4n5fhrowtxjt1v8kj4wi0zd:latest/Table.table.json", "_latest_artifact_path": "wandb-client-artifact://7vdxv6za8eo9e949f8zb7q33x9lond7neg5lg4z5xbob9qaz28y0dub8vggkc91jl8l4wwo9qlnudz1xz4sg6b8wckgdj2vi66o15azsr4n5fhrowtxjt1v8kj4wi0zd:latest/Table.table.json", "path": "media/table/Table_0_6fa049c1c5d7dcf094b1.table.json", "ncols": 13, "nrows": 10}, "_timestamp": 1711061878.3804882, "_runtime": 2550.291311264038, "_step": 1, "mean_T0T": -0.9033762122014415, "std_T0T": 0.10068576027230251, "mean_0T0": -3.362640648649057, "std_0T0": 0.0006312953210617884, "mean_middle": -1.6076631737370266, "std_middle": 0.01332720507187405, "mean_loss": 8.777737093623728e-05, "std_loss": 0.00015246593102347106, "guidance_scale": 1, "inv_time": 253.56938927173616, "_wandb": {"runtime": 2549}}