{"Table": {"_type": "table-file", "sha256": "713e1963ccbddb90f8ec66b65e8494900d97166c2d3f63e232146a08a09bff3d", "size": 2071, "artifact_path": "wandb-client-artifact://9bz38tfj6npme8bzy343ubwomrp3g20zhj1e7sqzaldl1xqp2o1sbts69xtmtgrs9lhelojqjwfflg37cpzdpyubj1gct6ermj875rx86360wowi6g1mllxptlgasb06:latest/Table.table.json", "_latest_artifact_path": "wandb-client-artifact://9bz38tfj6npme8bzy343ubwomrp3g20zhj1e7sqzaldl1xqp2o1sbts69xtmtgrs9lhelojqjwfflg37cpzdpyubj1gct6ermj875rx86360wowi6g1mllxptlgasb06:latest/Table.table.json", "path": "media/table/Table_0_713e1963ccbddb90f8ec.table.json", "ncols": 13, "nrows": 10}, "_timestamp": 1711616702.3744705, "_runtime": 484.5114793777466, "_step": 1, "mean_T0T": -3.6668523742386734, "std_T0T": 0.1564783104984582, "mean_0T0": -19.684029828416293, "std_0T0": 0.008510918418567706, "mean_middle": -6.508548884103976, "std_middle": 0.06408642874257817, "mean_loss": 0.060438401997089386, "std_loss": 0.00799559149891138, "guidance_scale": 1, "inv_time": 47.04809393882751, "_wandb": {"runtime": 483}}