{"Table": {"_type": "table-file", "sha256": "2f178fe6a5ba8b9722401ad52fca8ec2a5bd7df6472333dcca821a26c4d3c5c7", "size": 44359, "artifact_path": "wandb-client-artifact://fl4irj3zli13uxjfkt3x7heixby0da8ys5pmaf0bk7bk9vigbblld8jf1he0hro7e3allk2woguuajvh2lj15zjpd2v2ptgcfrnkbey6q7ffah0o5pnn9vf9liarjwv8:latest/Table.table.json", "_latest_artifact_path": "wandb-client-artifact://fl4irj3zli13uxjfkt3x7heixby0da8ys5pmaf0bk7bk9vigbblld8jf1he0hro7e3allk2woguuajvh2lj15zjpd2v2ptgcfrnkbey6q7ffah0o5pnn9vf9liarjwv8:latest/Table.table.json", "path": "media/table/Table_0_2f178fe6a5ba8b972240.table.json", "ncols": 15, "nrows": 100}, "_timestamp": 1713837530.9664557, "_runtime": 2143.8033006191254, "_step": 1, "mean_T0T": -8.94181714023407, "std_T0T": 0.10691018720453614, "mean_0T0": -25.727055777309843, "std_0T0": 0.0031899257974024454, "mean_middle": -16.221952103553892, "std_middle": 0.024026618511738453, "mean_loss": 0.0032863616943359375, "std_loss": 0.004116058349609375, "guidance_scale": 1, "inv_time": 17.044700350761413, "prompt": "zoey deutch with white bra portrait | | realistic shaded, unpleasant face, bad looking, fine details, realistic shaded lighting poster by greg rutkowski, magali villeneuve, artgerm, jeremy lipkin and michael garmash and rob rey", "mean_memory_usage": 3.281515121459961, "decoder lr": 0.005, "_wandb": {"runtime": 2138}}