{"Table": {"_type": "table-file", "sha256": "258c07b5639819fdb8221b9bb90f97b503e861385c5b2ad9fbad62807628cab5", "size": 44107, "artifact_path": "wandb-client-artifact://4df30imb0av03cpu21wglubpq0dr1crlwyne9cmgwd5w86ajnypli3u5s9tyed1ytyuh6ymqlxw7bckrls01a29bfa1qek4fqynii7k7tadi9gtokdwwtfp5mrttx8ov:latest/Table.table.json", "_latest_artifact_path": "wandb-client-artifact://4df30imb0av03cpu21wglubpq0dr1crlwyne9cmgwd5w86ajnypli3u5s9tyed1ytyuh6ymqlxw7bckrls01a29bfa1qek4fqynii7k7tadi9gtokdwwtfp5mrttx8ov:latest/Table.table.json", "path": "media/table/Table_0_258c07b5639819fdb822.table.json", "ncols": 15, "nrows": 100}, "_timestamp": 1713609301.0581396, "_runtime": 2577.964863538742, "_step": 1, "mean_T0T": -8.033083734195047, "std_T0T": 0.05388124249887291, "mean_0T0": -6.798867815045422, "std_0T0": 0.07358217001031163, "mean_middle": -5.292063939698388, "std_middle": 0.09715428641483757, "mean_loss": 0.003222232684493065, "std_loss": 0.004485148470848799, "guidance_scale": 1, "inv_time": 16.840199408531188, "prompt": "zoey deutch with white bra portrait | | realistic shaded, unpleasant face, bad looking, fine details, realistic shaded lighting poster by greg rutkowski, magali villeneuve, artgerm, jeremy lipkin and michael garmash and rob rey", "mean_memory_usage": 0.9465947151184082, "decoder lr": 0.02, "_wandb": {"runtime": 2577}}