{"Table": {"_type": "table-file", "sha256": "2723172a492202580c21a7a0d2a3c6755df9a2657048334a59781779111f6a11", "size": 2091, "artifact_path": "wandb-client-artifact://lc4zrwc68jzw92p28b47yylr5uh3gnm6c4g60llbl4jn23vhkr17p2mh8g4ca7i4mczfn0t765z1oz0utq2n3w2kt00zgvfk9bo4k98wkietdrlgy8befpb2t8ch58f1:latest/Table.table.json", "_latest_artifact_path": "wandb-client-artifact://lc4zrwc68jzw92p28b47yylr5uh3gnm6c4g60llbl4jn23vhkr17p2mh8g4ca7i4mczfn0t765z1oz0utq2n3w2kt00zgvfk9bo4k98wkietdrlgy8befpb2t8ch58f1:latest/Table.table.json", "path": "media/table/Table_0_2723172a492202580c21.table.json", "ncols": 13, "nrows": 10}, "_timestamp": 1711463970.5472336, "_runtime": 483.366694688797, "_step": 1, "mean_T0T": -4.457086698830597, "std_T0T": 0.18932856442121915, "mean_0T0": -19.831801562926067, "std_0T0": 0.012483319159999931, "mean_middle": -5.688015985931909, "std_middle": 0.20060096049309634, "mean_loss": 0.0023228309582918882, "std_loss": 0.0032078686635941267, "guidance_scale": 1, "inv_time": 46.90315592288971, "_wandb": {"runtime": 482}}