{"Table": {"_type": "table-file", "sha256": "d9ac200c932080812d957c2281bbb78cb42fc66b0c03585cd8b841f566e689da", "size": 2129, "artifact_path": "wandb-client-artifact://bd464alo1wx7nltgkhqq85whz7jmm2g26ol5u3313pyxu1xy52tocpnic0mqf2o10vxrp35pk2rd6h43u9qdt4hh67tc45pbyfooncmi3mozoiruace8atcmhspg8k21:latest/Table.table.json", "_latest_artifact_path": "wandb-client-artifact://bd464alo1wx7nltgkhqq85whz7jmm2g26ol5u3313pyxu1xy52tocpnic0mqf2o10vxrp35pk2rd6h43u9qdt4hh67tc45pbyfooncmi3mozoiruace8atcmhspg8k21:latest/Table.table.json", "path": "media/table/Table_0_d9ac200c932080812d95.table.json", "ncols": 13, "nrows": 10}, "_timestamp": 1711045525.6480696, "_runtime": 1443.7917485237122, "_step": 1, "mean_T0T": -0.6811605640738039, "std_T0T": 0.1293043849328044, "mean_0T0": -2.6695804999199013, "std_0T0": 0.0033630346306437998, "mean_middle": -1.2197863674306486, "std_middle": 0.027523098540730775, "mean_loss": 0.00043937991722486913, "std_loss": 0.000821417779661715, "guidance_scale": 1, "inv_time": 142.9293636083603, "_wandb": {"runtime": 1443}}