{"Table": {"_type": "table-file", "sha256": "cd16ddf709d8b2fa25317f4914199a2a0e89d80a35c510e32f0be6c7e433b42f", "size": 2091, "artifact_path": "wandb-client-artifact://vrpwnwbm28sk2wvkq24uqkal9u8l8z2hnqdcxpogjhucmx9tk46juu0o6uyqubjq1h36clgei32lrskidaawe8k9vsor2s35exixz8888g74numlytb6xy6riunhihmk:latest/Table.table.json", "_latest_artifact_path": "wandb-client-artifact://vrpwnwbm28sk2wvkq24uqkal9u8l8z2hnqdcxpogjhucmx9tk46juu0o6uyqubjq1h36clgei32lrskidaawe8k9vsor2s35exixz8888g74numlytb6xy6riunhihmk:latest/Table.table.json", "path": "media/table/Table_0_cd16ddf709d8b2fa2531.table.json", "ncols": 13, "nrows": 10}, "_timestamp": 1711628898.824433, "_runtime": 925.938136100769, "_step": 1, "mean_T0T": -3.5302646796486563, "std_T0T": 0.16315636218989688, "mean_0T0": -20.00089535075102, "std_0T0": 0.008159917811353203, "mean_middle": -6.508638486454883, "std_middle": 0.06409138878915742, "mean_loss": 4.883162546320818e-06, "std_loss": 1.2373906429274939e-05, "guidance_scale": 1, "inv_time": 91.1828449010849, "_wandb": {"runtime": 925}}