{"Table": {"_type": "table-file", "sha256": "e4ae4e4fe85000b17854a4a2dfbf6ea202d30ecd0ab2b926d995f5f31d4c134e", "size": 44172, "artifact_path": "wandb-client-artifact://p9hgqixglok8ljprlp4vyjm28idayy415lqskev3w9txqchoiju3vrfbco8f3kqnhoexs10mxn1umwvyok9kamjbzj5cf62k5ig21jkgtiuj01fqrkgmogj1v6y7mp4k:latest/Table.table.json", "_latest_artifact_path": "wandb-client-artifact://p9hgqixglok8ljprlp4vyjm28idayy415lqskev3w9txqchoiju3vrfbco8f3kqnhoexs10mxn1umwvyok9kamjbzj5cf62k5ig21jkgtiuj01fqrkgmogj1v6y7mp4k:latest/Table.table.json", "path": "media/table/Table_0_e4ae4e4fe85000b17854.table.json", "ncols": 15, "nrows": 100}, "_timestamp": 1713809745.7595599, "_runtime": 884.8823518753052, "_step": 1, "mean_T0T": -8.813155825631382, "std_T0T": 0.10850726674926513, "mean_0T0": -25.82514790122811, "std_0T0": 0.002988287600333793, "mean_middle": -16.133194870302578, "std_middle": 0.02415831239881792, "mean_loss": 0.00296783447265625, "std_loss": 0.002391815185546875, "guidance_scale": 1, "inv_time": 4.841844346523285, "prompt": "zoey deutch with white bra portrait | | realistic shaded, unpleasant face, bad looking, fine details, realistic shaded lighting poster by greg rutkowski, magali villeneuve, artgerm, jeremy lipkin and michael garmash and rob rey", "mean_memory_usage": 2.6296443939208984, "decoder lr": 0.01, "_wandb": {"runtime": 884}}