{"Table": {"_type": "table-file", "sha256": "27bdc6248b9f28001fc4968b06d2ddc4a28422fa07a2f279a32e3dc06ca23a31", "size": 2111, "artifact_path": "wandb-client-artifact://ndkbdshl3908uzftbi8u4a519sh7qpnv0237xxzz8a63krcjj1gd8o12rs9n8vnc7pn8tykbmrk4zcdzhdsfyv9oep4538tcoaw0zldb9s5bms2028ps542smb0gch00:latest/Table.table.json", "_latest_artifact_path": "wandb-client-artifact://ndkbdshl3908uzftbi8u4a519sh7qpnv0237xxzz8a63krcjj1gd8o12rs9n8vnc7pn8tykbmrk4zcdzhdsfyv9oep4538tcoaw0zldb9s5bms2028ps542smb0gch00:latest/Table.table.json", "path": "media/table/Table_0_27bdc6248b9f28001fc4.table.json", "ncols": 13, "nrows": 10}, "_timestamp": 1710992491.173298, "_runtime": 1485.7971749305725, "_step": 1, "mean_T0T": -16.883661911374816, "std_T0T": 8.259237598093144, "mean_0T0": -69.24778468120198, "std_0T0": 9.397903585579925, "mean_middle": -15.351439933242421, "std_middle": 2.6339263452578443, "mean_loss": -84.35765682451422, "std_loss": 8.045280349241867, "guidance_scale": 1, "inv_time": 147.12027258872985, "_wandb": {"runtime": 1485}}