{"Table": {"_type": "table-file", "sha256": "139d378fa8e414ada3fa11e12e4a5b81cb542f7f7d493dc204e8bdeacdb4c439", "size": 2101, "artifact_path": "wandb-client-artifact://5riqr50ttwx180mnq1bs95mu9p7kchtecuqdbszk5qj9vklex7ojf8sa1sq7dt9e2xtqs6s0w1cl243liih0e51lmchiq2ibkxsqm7ssq50rfykp922ke3a9i3zvxcku:latest/Table.table.json", "_latest_artifact_path": "wandb-client-artifact://5riqr50ttwx180mnq1bs95mu9p7kchtecuqdbszk5qj9vklex7ojf8sa1sq7dt9e2xtqs6s0w1cl243liih0e51lmchiq2ibkxsqm7ssq50rfykp922ke3a9i3zvxcku:latest/Table.table.json", "path": "media/table/Table_0_139d378fa8e414ada3fa.table.json", "ncols": 13, "nrows": 10}, "_timestamp": 1711380932.4108438, "_runtime": 889.6996579170227, "_step": 1, "mean_T0T": -5.234080185264921, "std_T0T": 0.15545429295768445, "mean_0T0": -22.26857417555941, "std_0T0": 0.0044972639049515, "mean_middle": -8.341798479783153, "std_middle": 0.05917852741940859, "mean_loss": 0.0012830868363380432, "std_loss": 0.0009946147911250591, "guidance_scale": 1, "inv_time": 87.53361282348632, "_wandb": {"runtime": 889}}