{"Table": {"_type": "table-file", "sha256": "ed709c15c02b2c695f6b4dcbdf6777ad8124a116d3f1b4813b0398343e79b4ee", "size": 2117, "artifact_path": "wandb-client-artifact://smoazru9kdrsa8xeybl7xxkqllf6elsgsmgdt7gwecljrij6uup723rwbkogerm9pyawie7krbhw0s30p83w49d4xw5yg4fur7kb3tira0847f8zmuw0932e1kzrg9vn:latest/Table.table.json", "_latest_artifact_path": "wandb-client-artifact://smoazru9kdrsa8xeybl7xxkqllf6elsgsmgdt7gwecljrij6uup723rwbkogerm9pyawie7krbhw0s30p83w49d4xw5yg4fur7kb3tira0847f8zmuw0932e1kzrg9vn:latest/Table.table.json", "path": "media/table/Table_0_ed709c15c02b2c695f6b.table.json", "ncols": 13, "nrows": 10}, "_timestamp": 1710878516.545454, "_runtime": 3040.148332118988, "_step": 1, "mean_T0T": -27.477851210265122, "std_T0T": 14.10430360478075, "mean_0T0": -71.98232540461801, "std_0T0": 15.871652691122778, "mean_middle": -15.351479414350047, "std_middle": 2.6338102556577643, "mean_loss": -87.28471616422266, "std_loss": 16.68157344085883, "guidance_scale": 1, "inv_time": 302.55089037418367, "_wandb": {"runtime": 3039}}