{"Table": {"_type": "table-file", "sha256": "fd53eb1bfcbd0ad66d8bda1c8fd9297f2964233b03701acd9906f4c66c014f78", "size": 2051, "artifact_path": "wandb-client-artifact://w1k2wyooyrnz1b5zk15zwpzq82l6y4de5lnqy9v9txp5hxunplo20vyiy569segtk9sz8ildt5db7c4r937hs8p6tml94gh8w5bnl9xdqjif954nfy1s3ilnr5p5bdhn:latest/Table.table.json", "_latest_artifact_path": "wandb-client-artifact://w1k2wyooyrnz1b5zk15zwpzq82l6y4de5lnqy9v9txp5hxunplo20vyiy569segtk9sz8ildt5db7c4r937hs8p6tml94gh8w5bnl9xdqjif954nfy1s3ilnr5p5bdhn:latest/Table.table.json", "path": "media/table/Table_0_fd53eb1bfcbd0ad66d8b.table.json", "ncols": 13, "nrows": 10}, "_timestamp": 1711420130.1935797, "_runtime": 413.98602056503296, "_step": 1, "mean_T0T": 5.801621824382908, "std_T0T": 1.8629249032381858, "mean_0T0": -9.31104857495008, "std_0T0": 0.06729552135654375, "mean_middle": 10.669288825732753, "std_middle": 8.088053649835244, "mean_loss": 0.02516111359000206, "std_loss": 0.015309588052332401, "guidance_scale": 1, "inv_time": 39.915042877197266, "_wandb": {"runtime": 413}}