{"Table": {"_type": "table-file", "sha256": "29968b62ecd03f450d15cbed3d8232afb2959866c172d6da9505a5e4820282e9", "size": 44156, "artifact_path": "wandb-client-artifact://nzwjt5gd1uulhqtie7h66qt5f0ehxgb7smn3gbei9w6vevritpgqp9qxbe7r7906nchmnpod9e5ebv2hzxdc7pfme96gct4u07ait4dxao0meh7cprh2ckqos4io7bdf:latest/Table.table.json", "_latest_artifact_path": "wandb-client-artifact://nzwjt5gd1uulhqtie7h66qt5f0ehxgb7smn3gbei9w6vevritpgqp9qxbe7r7906nchmnpod9e5ebv2hzxdc7pfme96gct4u07ait4dxao0meh7cprh2ckqos4io7bdf:latest/Table.table.json", "path": "media/table/Table_0_29968b62ecd03f450d15.table.json", "ncols": 15, "nrows": 100}, "_timestamp": 1713830724.3156962, "_runtime": 1397.3055262565613, "_step": 1, "mean_T0T": -8.942149242330489, "std_T0T": 0.10682823151127739, "mean_0T0": -25.488088123096343, "std_0T0": 0.0034424582321044552, "mean_middle": -16.211688458918815, "std_middle": 0.02403588940538214, "mean_loss": 0.003971099853515625, "std_loss": 0.0079193115234375, "guidance_scale": 1, "inv_time": 9.804570140838623, "prompt": "zoey deutch with white bra portrait | | realistic shaded, unpleasant face, bad looking, fine details, realistic shaded lighting poster by greg rutkowski, magali villeneuve, artgerm, jeremy lipkin and michael garmash and rob rey", "mean_memory_usage": 2.6301326751708984, "decoder lr": 0.005, "_wandb": {"runtime": 1396}}