{"Table": {"_type": "table-file", "sha256": "1e505fc553f13e0c9e5f31793aa04c1c05290ea969c0ce3487b1ca37f5d000f2", "size": 2122, "artifact_path": "wandb-client-artifact://s64w8p3jg4imzbm6ojtegcfimob7t5aplwcrlrcm7alfynl7x1tghm7r5xxpifds08m7aiw8db32wspn7kro0p1njaedt4jocrhrb4llb8gyl80agzjomex32dnc73er:latest/Table.table.json", "_latest_artifact_path": "wandb-client-artifact://s64w8p3jg4imzbm6ojtegcfimob7t5aplwcrlrcm7alfynl7x1tghm7r5xxpifds08m7aiw8db32wspn7kro0p1njaedt4jocrhrb4llb8gyl80agzjomex32dnc73er:latest/Table.table.json", "path": "media/table/Table_0_1e505fc553f13e0c9e5f.table.json", "ncols": 13, "nrows": 10}, "_timestamp": 1710846395.6142528, "_runtime": 2354.6735088825226, "_step": 1, "mean_T0T": -22.809871386857118, "std_T0T": 11.311232497326385, "mean_0T0": -78.15474365036144, "std_0T0": 11.805100012009147, "mean_middle": -33.002117205620436, "std_middle": 9.618574630657974, "mean_loss": -131.92861324187385, "std_loss": 20.840178214484908, "guidance_scale": 1, "inv_time": 234.01498146057128, "_wandb": {"runtime": 2354}}