{"Table": {"_type": "table-file", "sha256": "b1d63e19e5be47af8c62a50891bb2064afa591b39ca0cc5e490cde36e023f465", "size": 46867, "artifact_path": "wandb-client-artifact://w9nble1lmequpn2okw1q0swsdqqelt3zd2n0lrbm6zakb1y5jciunw99dyi7tqfsn3rjoboxi42t98p9pxcbk57sj90l1q015zkigzn7yu1dpc8puco1h9x8nx4ub47o:latest/Table.table.json", "_latest_artifact_path": "wandb-client-artifact://w9nble1lmequpn2okw1q0swsdqqelt3zd2n0lrbm6zakb1y5jciunw99dyi7tqfsn3rjoboxi42t98p9pxcbk57sj90l1q015zkigzn7yu1dpc8puco1h9x8nx4ub47o:latest/Table.table.json", "path": "media/table/Table_0_b1d63e19e5be47af8c62.table.json", "ncols": 17, "nrows": 100}, "_timestamp": 1715424295.6366892, "_runtime": 999.5347862243652, "_step": 1, "mean_T0T": -1.1927529424334027, "std_T0T": 0.11439407082250537, "mean_0T0": 2.690364656995952, "std_0T0": 0.5459343266026864, "mean_middle": -15.324277006066712, "std_middle": 0.026914041249922038, "mean_loss": 6.62890625, "std_loss": 0.6796875, "guidance_scale": 1, "inv_time": 9.13302075624466, "prompt": "zoey deutch with white bra portrait | | realistic shaded, unpleasant face, bad looking, fine details, realistic shaded lighting poster by greg rutkowski, magali villeneuve, artgerm, jeremy lipkin and michael garmash and rob rey", "mean_memory_usage": 2.6238088607788086, "decoder lr": 0.01, "_wandb": {"runtime": 998}}