{"Table": {"_type": "table-file", "sha256": "76a8d35837524958eae0895498482ff25dc1e0d3c8191bf01dcf5f0014fae6aa", "size": 2072, "artifact_path": "wandb-client-artifact://jw6itwzp5rxlg7dwf1ehtqu1hztj372xim6atu1yj6qc0b5ol7c5mo69qo108ng5n9i5otoebe0yoid8olciv1yn8bbfm8xik7zxamtm9nenqz1p5apofzzfj6xo93k7:latest/Table.table.json", "_latest_artifact_path": "wandb-client-artifact://jw6itwzp5rxlg7dwf1ehtqu1hztj372xim6atu1yj6qc0b5ol7c5mo69qo108ng5n9i5otoebe0yoid8olciv1yn8bbfm8xik7zxamtm9nenqz1p5apofzzfj6xo93k7:latest/Table.table.json", "path": "media/table/Table_0_76a8d35837524958eae0.table.json", "ncols": 13, "nrows": 10}, "_timestamp": 1711472266.4835582, "_runtime": 139.84249424934387, "_step": 1, "mean_T0T": -4.137385051652183, "std_T0T": 0.10285233725769666, "mean_0T0": -11.838735009345978, "std_0T0": 0.04452440569621745, "mean_middle": -2.1973886543999837, "std_middle": 0.20790320314346428, "mean_loss": 0.0125961322337389, "std_loss": 0.004204681608825922, "guidance_scale": 1, "inv_time": 12.55793855190277, "_wandb": {"runtime": 139}}