{"Table": {"_type": "table-file", "sha256": "fdb52e2cd4b4f05b86395cfe3bf2e84db797be50e78abcc9afa28302b14463c4", "size": 1632, "artifact_path": "wandb-client-artifact://vbziz0d8o4c7ifp59yr96v7hokotqac3mm9ody10znalcamxgy6qygbyshehm2tnravwvccx2j2r430dxrtxttj8saep8xp8c7xrnygxyxdzrzi1wu1bvnrlvhhxcorg:latest/Table.table.json", "_latest_artifact_path": "wandb-client-artifact://vbziz0d8o4c7ifp59yr96v7hokotqac3mm9ody10znalcamxgy6qygbyshehm2tnravwvccx2j2r430dxrtxttj8saep8xp8c7xrnygxyxdzrzi1wu1bvnrlvhhxcorg:latest/Table.table.json", "path": "media/table/Table_0_fdb52e2cd4b4f05b8639.table.json", "ncols": 11, "nrows": 10}, "_timestamp": 1710823252.5042307, "_runtime": 295.2314088344574, "_step": 1, "mean_T0T": 0.44024481259961706, "std_T0T": 0.14943389003172577, "mean_0T0": 0.013464837386361284, "std_0T0": 0.010803530156903997, "guidance_scale": 1, "inv_time": 27.999951696395875, "_wandb": {"runtime": 294}}