{"Table": {"_type": "table-file", "sha256": "584b5a6f125de381160b5d30bb667b78259e8526b6a67ecfac8c0111f8b96a68", "size": 2102, "artifact_path": "wandb-client-artifact://xhiemhhb8up59xdumkmd2morywwf9hky4rzryw6a0q10aop484wsbks2dkw8igjbvpx7zlbwmkg495wvntedte678gx7mt9hhjpnq4jjdebqczabuugkzrndnf9g3y01:latest/Table.table.json", "_latest_artifact_path": "wandb-client-artifact://xhiemhhb8up59xdumkmd2morywwf9hky4rzryw6a0q10aop484wsbks2dkw8igjbvpx7zlbwmkg495wvntedte678gx7mt9hhjpnq4jjdebqczabuugkzrndnf9g3y01:latest/Table.table.json", "path": "media/table/Table_0_584b5a6f125de381160b.table.json", "ncols": 13, "nrows": 10}, "_timestamp": 1711363922.337452, "_runtime": 550.4709138870239, "_step": 1, "mean_T0T": -5.783819667742447, "std_T0T": 0.15181476441936445, "mean_0T0": -24.447968155592417, "std_0T0": 0.0036643075835178568, "mean_middle": -11.928858542712156, "std_middle": 0.01849693581042634, "mean_loss": 0.0007583592087030411, "std_loss": 0.0008953168871812522, "guidance_scale": 1, "inv_time": 53.568429470062256, "_wandb": {"runtime": 549}}