{"Table": {"_type": "table-file", "sha256": "dd152eb83bc2cbe54085572f168d2834e9b22841c7ba0f0d740019529804af4a", "size": 42883, "artifact_path": "wandb-client-artifact://xzga5gqrr4mtzroh9bv2ak695fv0frr5zfk2l10mkrlsc4ge43579xxta7ip815e5imqqbhiieqr47s3tjmi4j2wxro4cw4qp2q2zrip5y1y8zew696p2m8ak4jblvgt:latest/Table.table.json", "_latest_artifact_path": "wandb-client-artifact://xzga5gqrr4mtzroh9bv2ak695fv0frr5zfk2l10mkrlsc4ge43579xxta7ip815e5imqqbhiieqr47s3tjmi4j2wxro4cw4qp2q2zrip5y1y8zew696p2m8ak4jblvgt:latest/Table.table.json", "path": "media/table/Table_0_dd152eb83bc2cbe54085.table.json", "ncols": 15, "nrows": 100}, "_timestamp": 1715666035.620096, "_runtime": 1798.9428119659424, "_step": 1, "mean_T0T": -1.149851687821195, "std_T0T": 0.11466895302426915, "mean_0T0": 2.6173158115632384, "std_0T0": 0.5383982101845407, "mean_middle": -14.74596525505177, "std_middle": 0.024637408159545106, "mean_loss": 6.50390625, "std_loss": 0.67236328125, "guidance_scale": 1, "inv_time": 16.78202594280243, "prompt": "zoey deutch with white bra portrait | | realistic shaded, unpleasant face, bad looking, fine details, realistic shaded lighting poster by greg rutkowski, magali villeneuve, artgerm, jeremy lipkin and michael garmash and rob rey", "mean_memory_usage": 3.293638229370117, "decoder lr": 0.005, "_wandb": {"runtime": 1798}}