{"Table": {"_type": "table-file", "sha256": "3227afb4ba245e32c04cd7446c7e4b46a1bcef88921e25209ffb9c8e9938848b", "size": 1629, "artifact_path": "wandb-client-artifact://v94z36njqdyreszndvhjzqdd1i411hdalkevfpsyjja33v0ybprxnkka02d6hqnu7h5uyow1o5ndau92zm5ek9bzteg0c7hm03j6g97tz1ckfju45xek3qnu1kocfasv:latest/Table.table.json", "_latest_artifact_path": "wandb-client-artifact://v94z36njqdyreszndvhjzqdd1i411hdalkevfpsyjja33v0ybprxnkka02d6hqnu7h5uyow1o5ndau92zm5ek9bzteg0c7hm03j6g97tz1ckfju45xek3qnu1kocfasv:latest/Table.table.json", "path": "media/table/Table_0_3227afb4ba245e32c04c.table.json", "ncols": 11, "nrows": 10}, "_timestamp": 1710742347.923425, "_runtime": 306.0058538913727, "_step": 1, "mean_T0T": 0.4304510658901486, "std_T0T": 0.162044197078025, "mean_0T0": 0.01573263343069258, "std_0T0": 0.011939752344272827, "guidance_scale": 1, "inv_time": 29.16115975379944, "_wandb": {"runtime": 305}}