{"Table": {"_type": "table-file", "sha256": "d5abad010373f5f71a6b1c673d3d8cf42830cdd390c0852d7c1e7d2517858821", "size": 2112, "artifact_path": "wandb-client-artifact://qm6h31csumtw7mmuwruc5novbismeemkyechvpkhp5oc5a65ge4lssvimfx5kcdyj5ha8avp50l6rxw4laxrz5vwu0nsxjdv0oeazbvqjhkele5fd34dhpr13nlxq0f0:latest/Table.table.json", "_latest_artifact_path": "wandb-client-artifact://qm6h31csumtw7mmuwruc5novbismeemkyechvpkhp5oc5a65ge4lssvimfx5kcdyj5ha8avp50l6rxw4laxrz5vwu0nsxjdv0oeazbvqjhkele5fd34dhpr13nlxq0f0:latest/Table.table.json", "path": "media/table/Table_0_d5abad010373f5f71a6b.table.json", "ncols": 13, "nrows": 10}, "_timestamp": 1711057118.272778, "_runtime": 1764.2699439525604, "_step": 1, "mean_T0T": -0.7646062334848336, "std_T0T": 0.11812093860317321, "mean_0T0": -2.768893448719457, "std_0T0": 0.003144436128840372, "mean_middle": -1.3349588693748333, "std_middle": 0.022411631884961133, "mean_loss": 0.00037676317151635885, "std_loss": 0.0008192413952201605, "guidance_scale": 1, "inv_time": 174.87249984741212, "_wandb": {"runtime": 1763}}