{"Table": {"_type": "table-file", "sha256": "79141a7328f32f785141914f2393bce3d6a9ca34904eb2d334ae3287f787238e", "size": 2070, "artifact_path": "wandb-client-artifact://yakcj0s3761i051rzu03y02lfj4doe23jpussktrndny12g1hxnseexhtws89wmsv2gxmsy754ladihq5bbfrt33aff5dmqtko609u3l3rrrepp6yhckc9cegveeyblu:latest/Table.table.json", "_latest_artifact_path": "wandb-client-artifact://yakcj0s3761i051rzu03y02lfj4doe23jpussktrndny12g1hxnseexhtws89wmsv2gxmsy754ladihq5bbfrt33aff5dmqtko609u3l3rrrepp6yhckc9cegveeyblu:latest/Table.table.json", "path": "media/table/Table_0_79141a7328f32f785141.table.json", "ncols": 13, "nrows": 10}, "_timestamp": 1711621278.6413257, "_runtime": 926.6062586307526, "_step": 1, "mean_T0T": -3.545532627138214, "std_T0T": 0.16286471631936952, "mean_0T0": -19.99927935029839, "std_0T0": 0.008164060927599958, "mean_middle": -6.50857036016771, "std_middle": 0.06408729288941309, "mean_loss": 0.05950693041086197, "std_loss": 0.008998227305710316, "guidance_scale": 1, "inv_time": 91.25454609394073, "_wandb": {"runtime": 926}}