{"Table": {"_type": "table-file", "sha256": "d4a1df6b474d5e6f9e6c1db16effcb8bf8120e715d0cc19e8fa198b9ebcf9689", "size": 2148, "artifact_path": "wandb-client-artifact://4zx08nacuqanf989l5fddc1gansboxnwo4l5trh8hzkc4t3m6l312ours5zxph2xro8c8y2bda443bz5egtsh7740bj9d76nrmecwvs2if5jora9pq6mjlg2z17hyuu2:latest/Table.table.json", "_latest_artifact_path": "wandb-client-artifact://4zx08nacuqanf989l5fddc1gansboxnwo4l5trh8hzkc4t3m6l312ours5zxph2xro8c8y2bda443bz5egtsh7740bj9d76nrmecwvs2if5jora9pq6mjlg2z17hyuu2:latest/Table.table.json", "path": "media/table/Table_0_d4a1df6b474d5e6f9e6c.table.json", "ncols": 13, "nrows": 10}, "_timestamp": 1710867127.6505883, "_runtime": 13538.851942300797, "_step": 1, "mean_T0T": -48.19347482239864, "std_T0T": 18.213486743236828, "mean_0T0": -99.67650637156957, "std_0T0": 17.838170739418597, "mean_middle": -65.76181646268212, "std_middle": 29.84695711975827, "mean_loss": -125.73937740283252, "std_loss": 20.800134184875773, "guidance_scale": 1, "inv_time": 1352.4721004724502, "_wandb": {"runtime": 13538}}