{"Table": {"_type": "table-file", "sha256": "9f9711dded1e62b30e96edffa173c84e9a625b79e0b6d5777b2f3fdd6ace893f", "size": 1849, "artifact_path": "wandb-client-artifact://n7zaloo767iiva3xhcagq0r6320h0zh6r46konrlxjjp35bgdw6w3izxvpnr3vgoh8h3ige0ub3aolda4ifh1ed82e96y3et1of1rxaefrseczcq4q8qbx34ri5zt9j9:latest/Table.table.json", "_latest_artifact_path": "wandb-client-artifact://n7zaloo767iiva3xhcagq0r6320h0zh6r46konrlxjjp35bgdw6w3izxvpnr3vgoh8h3ige0ub3aolda4ifh1ed82e96y3et1of1rxaefrseczcq4q8qbx34ri5zt9j9:latest/Table.table.json", "path": "media/table/Table_0_9f9711dded1e62b30e96.table.json", "ncols": 12, "nrows": 10}, "_timestamp": 1710825940.4585545, "_runtime": 310.0870614051819, "_step": 1, "mean_T0T": 0.37988456973261026, "std_T0T": 0.15189648223049582, "mean_0T0": 0.010223485162336511, "std_0T0": 0.00852568835869991, "mean_middle": 0.2188732584760019, "std_middle": 0.05244117299915204, "guidance_scale": 1, "inv_time": 29.54845314025879, "_wandb": {"runtime": 309}}