{"Table": {"_type": "table-file", "sha256": "c3c6ae09c4afee146ea751cbe8ee42633518be7589e0726df81faa79b0dad0d6", "size": 2067, "artifact_path": "wandb-client-artifact://3m8f2ritbt5jp7tcayjrp9mq4eo7i7k7eys9z3o28y8pc9ziibs1ftsbuptxcazbiltnpt3165j2sh16zkztvp8hb56afz1cysxwpjobjt142ewu4xhlc552sqnvt46h:latest/Table.table.json", "_latest_artifact_path": "wandb-client-artifact://3m8f2ritbt5jp7tcayjrp9mq4eo7i7k7eys9z3o28y8pc9ziibs1ftsbuptxcazbiltnpt3165j2sh16zkztvp8hb56afz1cysxwpjobjt142ewu4xhlc552sqnvt46h:latest/Table.table.json", "path": "media/table/Table_0_c3c6ae09c4afee146ea7.table.json", "ncols": 13, "nrows": 10}, "_timestamp": 1711622300.6411085, "_runtime": 1000.7155945301056, "_step": 1, "mean_T0T": -3.54376320790976, "std_T0T": 0.1632180175693812, "mean_0T0": -20.009485110520558, "std_0T0": 0.008161735309774897, "mean_middle": -6.508615765132437, "std_middle": 0.06409019519202229, "mean_loss": 0.0595027431845665, "std_loss": 0.009011324495077133, "guidance_scale": 1, "inv_time": 98.66034903526307, "_wandb": {"runtime": 1000}}