{"Table": {"_type": "table-file", "sha256": "b1b0418ef9dafc92d22417f55a99bdc7d17dbc98ab49f56ac1635ffb69ca7dc1", "size": 2127, "artifact_path": "wandb-client-artifact://p59ymvrq9luwcz5h35uh6iwnk7m8pj3etq8denufo97jwxf5d3hgbouji434f2yta8u5ih7g5u6qc3m4bg28jzhe76djy3ca8pjpyt54ygwhtiw9gy35f9lzzqda5g8i:latest/Table.table.json", "_latest_artifact_path": "wandb-client-artifact://p59ymvrq9luwcz5h35uh6iwnk7m8pj3etq8denufo97jwxf5d3hgbouji434f2yta8u5ih7g5u6qc3m4bg28jzhe76djy3ca8pjpyt54ygwhtiw9gy35f9lzzqda5g8i:latest/Table.table.json", "path": "media/table/Table_0_b1b0418ef9dafc92d224.table.json", "ncols": 13, "nrows": 10}, "_timestamp": 1711004543.652127, "_runtime": 1611.2680959701538, "_step": 1, "mean_T0T": -8.564403888009508, "std_T0T": 4.069263176082457, "mean_0T0": -32.54938213461985, "std_0T0": 4.376869161712456, "mean_middle": -14.436040107340744, "std_middle": 2.7715213486017096, "mean_loss": -39.13673998424652, "std_loss": 3.6307285309272777, "guidance_scale": 1, "inv_time": 159.3994692325592, "_wandb": {"runtime": 1610}}