{"Table": {"_type": "table-file", "sha256": "cbec5a51a0776d9108f06f9374212f9d921abd421c2ce1fdb589f0c9eb0e546a", "size": 2117, "artifact_path": "wandb-client-artifact://cdm53qhmu9v7dr053lia6iiwswvzyn8kdx6pjehkp3e02e4y1elwqlsp1xqnmrlb1k5epd6w6e8q5uwsct1kal32k1dpzf1hndfkn6awdrfv1g50cme8el98rj6eqzbz:latest/Table.table.json", "_latest_artifact_path": "wandb-client-artifact://cdm53qhmu9v7dr053lia6iiwswvzyn8kdx6pjehkp3e02e4y1elwqlsp1xqnmrlb1k5epd6w6e8q5uwsct1kal32k1dpzf1hndfkn6awdrfv1g50cme8el98rj6eqzbz:latest/Table.table.json", "path": "media/table/Table_0_cbec5a51a0776d9108f0.table.json", "ncols": 13, "nrows": 10}, "_timestamp": 1710996688.094274, "_runtime": 2280.2362620830536, "_step": 1, "mean_T0T": -23.946515932206385, "std_T0T": 12.812846183609077, "mean_0T0": -83.13003867657235, "std_0T0": 10.473914503210171, "mean_middle": -15.35137771797782, "std_middle": 2.633820305730425, "mean_loss": -98.50828586399821, "std_loss": 9.836074261290443, "guidance_scale": 1, "inv_time": 226.30967538356782, "_wandb": {"runtime": 2279}}