{"Table": {"_type": "table-file", "sha256": "1c1f6b4f5c0662811698dc5a967ab411500ac874fe75557fd81bffb4440b3780", "size": 1855, "artifact_path": "wandb-client-artifact://1j7fygaqslecnakcyosgf186nc4va11nljamgnwd3l9dgvigzzgqkxar3mtmttz54ygp35mt60iwxe8awy8h4ir59yeo8w2ot0hynq6w7u1ejjcstg1tkt0abldmn0m1:latest/Table.table.json", "_latest_artifact_path": "wandb-client-artifact://1j7fygaqslecnakcyosgf186nc4va11nljamgnwd3l9dgvigzzgqkxar3mtmttz54ygp35mt60iwxe8awy8h4ir59yeo8w2ot0hynq6w7u1ejjcstg1tkt0abldmn0m1:latest/Table.table.json", "path": "media/table/Table_0_1c1f6b4f5c0662811698.table.json", "ncols": 12, "nrows": 10}, "_timestamp": 1710831322.6173396, "_runtime": 231.85373067855835, "_step": 1, "mean_T0T": 0.3772205773278213, "std_T0T": 0.1397229394007963, "mean_0T0": 0.014346521766882087, "std_0T0": 0.012442758177381667, "mean_middle": 0.21887574483282135, "std_middle": 0.052439696059128904, "guidance_scale": 1, "inv_time": 21.722763204574584, "_wandb": {"runtime": 231}}