{"Table": {"_type": "table-file", "sha256": "e0168c4ab5cc91826c8b44945f6be747b97dee7d113cc346855f388816da7407", "size": 44172, "artifact_path": "wandb-client-artifact://3zr5ldxpqkzx4cps0oqr82y2k6abihr90ddzav5uiqhaogkgggzkmd9hjyqmos9mo5hk72vgcmz97aqa3ybb9dpr0fu5g54qxf46oxarlcuczl7fzbdpwyolkg2qqzwq:latest/Table.table.json", "_latest_artifact_path": "wandb-client-artifact://3zr5ldxpqkzx4cps0oqr82y2k6abihr90ddzav5uiqhaogkgggzkmd9hjyqmos9mo5hk72vgcmz97aqa3ybb9dpr0fu5g54qxf46oxarlcuczl7fzbdpwyolkg2qqzwq:latest/Table.table.json", "path": "media/table/Table_0_e0168c4ab5cc91826c8b.table.json", "ncols": 15, "nrows": 100}, "_timestamp": 1713863587.5164955, "_runtime": 2022.5727894306183, "_step": 1, "mean_T0T": -7.799432320334728, "std_T0T": 0.1279999838659646, "mean_0T0": -26.663327918096623, "std_0T0": 0.00288216139305718, "mean_middle": -15.480821162657838, "std_middle": 0.027765704076759427, "mean_loss": 0.0036182403564453125, "std_loss": 0.005367279052734375, "guidance_scale": 1, "inv_time": 16.231498811244965, "prompt": "zoey deutch with white bra portrait | | realistic shaded, unpleasant face, bad looking, fine details, realistic shaded lighting poster by greg rutkowski, magali villeneuve, artgerm, jeremy lipkin and michael garmash and rob rey", "mean_memory_usage": 8.370447177886962, "decoder lr": 0.2, "_wandb": {"runtime": 2021}}