{"Table": {"_type": "table-file", "sha256": "4aef4ba65630e999c1dd066fca14ce471a5a55df65f49f66cc1555ef2042f655", "size": 432, "artifact_path": "wandb-client-artifact://mo58zfaqg7rmglolomxx1f10fs0l8jos5bwem7lak5vr5sfmixn6xhglhm8xjfyb704yw48o6ztz7ni76p12cx2soe0z49t8x82ch1y5m6yye2g1z1obw5eqz5gk7bhl:latest/Table.table.json", "_latest_artifact_path": "wandb-client-artifact://mo58zfaqg7rmglolomxx1f10fs0l8jos5bwem7lak5vr5sfmixn6xhglhm8xjfyb704yw48o6ztz7ni76p12cx2soe0z49t8x82ch1y5m6yye2g1z1obw5eqz5gk7bhl:latest/Table.table.json", "path": "media/table/Table_0_4aef4ba65630e999c1dd.table.json", "ncols": 13, "nrows": 1}, "_timestamp": 1710835682.7075932, "_runtime": 139.90776109695435, "_step": 1, "mean_T0T": 0.030580334867526204, "std_T0T": 0.0, "mean_0T0": 0.0010153848977470612, "std_0T0": 0.0, "mean_middle": 0.19106685155265613, "std_middle": 0.0, "mean_loss": 4.85060372739099e-05, "std_loss": 0.0, "guidance_scale": 1, "inv_time": 133.30140280723572, "_wandb": {"runtime": 139}}