{"Table": {"_type": "table-file", "sha256": "38d0f35d75bb9730d8f924fcac499a815c95fd7004244617cb27f065b398b4a8", "size": 2110, "artifact_path": "wandb-client-artifact://4awqgwj6wivp9jds42p7v8tpld1bce314hklu63x6qntd9qxbnywm6z8q7jrb1w3tze1qudg4chrlhom5ubtpoyeyqz77hig61larhacx38f6t39igq0exv1mn1tj1fg:latest/Table.table.json", "_latest_artifact_path": "wandb-client-artifact://4awqgwj6wivp9jds42p7v8tpld1bce314hklu63x6qntd9qxbnywm6z8q7jrb1w3tze1qudg4chrlhom5ubtpoyeyqz77hig61larhacx38f6t39igq0exv1mn1tj1fg:latest/Table.table.json", "path": "media/table/Table_0_38d0f35d75bb9730d8f9.table.json", "ncols": 13, "nrows": 10}, "_timestamp": 1710981967.3684945, "_runtime": 1327.5943264961243, "_step": 1, "mean_T0T": -14.02049880419239, "std_T0T": 6.891012884989593, "mean_0T0": -63.231192951813114, "std_0T0": 9.087436300334977, "mean_middle": -15.082286523365246, "std_middle": 2.2862104364540796, "mean_loss": -78.17841429028712, "std_loss": 6.634891547484497, "guidance_scale": 1, "inv_time": 130.50585737228394, "_wandb": {"runtime": 1326}}