{"Table": {"_type": "table-file", "sha256": "1d535fd0dcc94b8969f76e75aa94f1edfffa55e4d129c523584f9ca8eef803a0", "size": 2123, "artifact_path": "wandb-client-artifact://zzelh83b07l4cvicnz7tbipjgjobtp3mszve2hyvos9oq12z9nq6599y4nw4hwz0irfpvwxnpttpb34ins3wnj4a6i1xc932cw9haogevvhursw3ehr88ie1bm9k2bkb:latest/Table.table.json", "_latest_artifact_path": "wandb-client-artifact://zzelh83b07l4cvicnz7tbipjgjobtp3mszve2hyvos9oq12z9nq6599y4nw4hwz0irfpvwxnpttpb34ins3wnj4a6i1xc932cw9haogevvhursw3ehr88ie1bm9k2bkb:latest/Table.table.json", "path": "media/table/Table_0_1d535fd0dcc94b8969f7.table.json", "ncols": 13, "nrows": 10}, "_timestamp": 1711055325.759919, "_runtime": 3016.818670988083, "_step": 1, "mean_T0T": -0.9323333783759742, "std_T0T": 0.09855272526507756, "mean_0T0": -3.5663162264001573, "std_0T0": 0.00033359997942544484, "mean_middle": -1.6752412679892443, "std_middle": 0.01303870169515813, "mean_loss": 5.208056609262712e-05, "std_loss": 6.739897798979655e-05, "guidance_scale": 1, "inv_time": 300.23138599395753, "_wandb": {"runtime": 3016}}