{"Table": {"_type": "table-file", "sha256": "0d41903cbdf4380ecff574887219c9ea42e312d82f272afa99c41b25c2c20e4c", "size": 42728, "artifact_path": "wandb-client-artifact://3ilhpnsw8fhu5i60ykbwygkqd5lo3x09cg6deuai7a2v6jzabkh9nf3u2oi3x3aejh8xu0nyn6mqshgkkywayizgsx52sz6qnb2qvnicquvrys67vd9pf7ipa00pxxh0:latest/Table.table.json", "_latest_artifact_path": "wandb-client-artifact://3ilhpnsw8fhu5i60ykbwygkqd5lo3x09cg6deuai7a2v6jzabkh9nf3u2oi3x3aejh8xu0nyn6mqshgkkywayizgsx52sz6qnb2qvnicquvrys67vd9pf7ipa00pxxh0:latest/Table.table.json", "path": "media/table/Table_0_0d41903cbdf4380ecff5.table.json", "ncols": 15, "nrows": 100}, "_timestamp": 1715639334.0647714, "_runtime": 1702.334923505783, "_step": 1, "mean_T0T": -1.173080791967496, "std_T0T": 0.1138879376920223, "mean_0T0": 2.67063016542129, "std_0T0": 0.5429603621939214, "mean_middle": -15.583132642944777, "std_middle": 0.024467188007880076, "mean_loss": 6.59765625, "std_loss": 0.6767578125, "guidance_scale": 1, "inv_time": 15.828954699039459, "prompt": "zoey deutch with white bra portrait | | realistic shaded, unpleasant face, bad looking, fine details, realistic shaded lighting poster by greg rutkowski, magali villeneuve, artgerm, jeremy lipkin and michael garmash and rob rey", "mean_memory_usage": 8.370447177886962, "decoder lr": 0.02, "_wandb": {"runtime": 1701}}