{"Table": {"_type": "table-file", "sha256": "43bca518d605a8c78069bea899bbdb67ac7ff6d8291af02667569c0617e27b2d", "size": 2130, "artifact_path": "wandb-client-artifact://95u08tbfdfdqq0g4j41zrx3blzzhdmloie9nlyj7mq35ek46s5xjlk116s94w4bkald1bm0ulqot8pecmzfj9t9nnrkrp41jjvb854hmphjzmxmx0rn9ckk65sgtvdtn:latest/Table.table.json", "_latest_artifact_path": "wandb-client-artifact://95u08tbfdfdqq0g4j41zrx3blzzhdmloie9nlyj7mq35ek46s5xjlk116s94w4bkald1bm0ulqot8pecmzfj9t9nnrkrp41jjvb854hmphjzmxmx0rn9ckk65sgtvdtn:latest/Table.table.json", "path": "media/table/Table_0_43bca518d605a8c78069.table.json", "ncols": 13, "nrows": 10}, "_timestamp": 1711049640.5810874, "_runtime": 2230.7649533748627, "_step": 1, "mean_T0T": -0.8437885557402843, "std_T0T": 0.11165940960441516, "mean_0T0": -3.281147637641942, "std_0T0": 0.0007060239629647388, "mean_middle": -1.536445636845442, "std_middle": 0.015953905752876717, "mean_loss": 0.00010350695811212063, "std_loss": 0.00016208815213758498, "guidance_scale": 1, "inv_time": 221.63062002658845, "_wandb": {"runtime": 2230}}