{"Table": {"_type": "table-file", "sha256": "1a8bd921852476d47a3182cdb9718220f72d30cfb3c0f8cd797746c75b2546ab", "size": 2108, "artifact_path": "wandb-client-artifact://tze3xje6d7hcbak4cxnkmy9bk67grgtomi900lf1ymz8hb7bet09fq8642e4l79i6cxpn11kio8pb1jcdbqh94t1zec4e1ljxf4zggqswnbfzvlkryrivjln04dk2ctf:latest/Table.table.json", "_latest_artifact_path": "wandb-client-artifact://tze3xje6d7hcbak4cxnkmy9bk67grgtomi900lf1ymz8hb7bet09fq8642e4l79i6cxpn11kio8pb1jcdbqh94t1zec4e1ljxf4zggqswnbfzvlkryrivjln04dk2ctf:latest/Table.table.json", "path": "media/table/Table_0_1a8bd921852476d47a31.table.json", "ncols": 13, "nrows": 10}, "_timestamp": 1711181533.8644233, "_runtime": 808.9750492572784, "_step": 1, "mean_T0T": -5.832410050007912, "std_T0T": 0.16048404349411496, "mean_0T0": -26.643729984374435, "std_0T0": 0.0021459390603938244, "mean_middle": -11.858551344454105, "std_middle": 0.02533420656043941, "mean_loss": 0.00046162927174009383, "std_loss": 0.0004795806889887899, "guidance_scale": 1, "inv_time": 79.38912250995637, "_wandb": {"runtime": 808}}