{"Table": {"_type": "table-file", "sha256": "9119bc54596e07ebd26a969bf0ea13169e54ff9aa1c6c763b7c07aaf04d5fddc", "size": 44122, "artifact_path": "wandb-client-artifact://c7dsvpt5tpt5m184o9d9vzby4u0ccuaq9muvtp9btcbne3pwso50p9wceh5hxaj6vyzh0m2yln04sbhmhgnj2xkf3foypbndlaa8km9dd4i84tp93e2ax8q9qdzc4kxz:latest/Table.table.json", "_latest_artifact_path": "wandb-client-artifact://c7dsvpt5tpt5m184o9d9vzby4u0ccuaq9muvtp9btcbne3pwso50p9wceh5hxaj6vyzh0m2yln04sbhmhgnj2xkf3foypbndlaa8km9dd4i84tp93e2ax8q9qdzc4kxz:latest/Table.table.json", "path": "media/table/Table_0_9119bc54596e07ebd26a.table.json", "ncols": 15, "nrows": 100}, "_timestamp": 1714041817.1508706, "_runtime": 1183.3452956676483, "_step": 1, "mean_T0T": -8.061238224581743, "std_T0T": 0.10131505450294752, "mean_0T0": -24.64547030341158, "std_0T0": 0.00429248729673136, "mean_middle": -15.007554571313895, "std_middle": 0.02459687313953852, "mean_loss": 0.002986907958984375, "std_loss": 0.0034694671630859375, "guidance_scale": 1, "inv_time": 7.933655593395233, "prompt": "zoey deutch with white bra portrait | | realistic shaded, unpleasant face, bad looking, fine details, realistic shaded lighting poster by greg rutkowski, magali villeneuve, artgerm, jeremy lipkin and michael garmash and rob rey", "mean_memory_usage": 2.6300716400146484, "decoder lr": 0.02, "_wandb": {"runtime": 1182}}