{"Table": {"_type": "table-file", "sha256": "f5bc6b6a0473adc187b1f3fbd59afc6f12086f43de8432b37e6b2c4a2ca85319", "size": 1850, "artifact_path": "wandb-client-artifact://7fj5r7hkw4dts2wqn62k8jf21eue1c0t28h88a1ppdwdmq9edin3jle5pecnjvafherhvhrt5y4o86vo160s0n8qdlxdjjggykj2eya9gextuuu0kpvqb4t2fhwplmlx:latest/Table.table.json", "_latest_artifact_path": "wandb-client-artifact://7fj5r7hkw4dts2wqn62k8jf21eue1c0t28h88a1ppdwdmq9edin3jle5pecnjvafherhvhrt5y4o86vo160s0n8qdlxdjjggykj2eya9gextuuu0kpvqb4t2fhwplmlx:latest/Table.table.json", "path": "media/table/Table_0_f5bc6b6a0473adc187b1.table.json", "ncols": 12, "nrows": 10}, "_timestamp": 1710831926.9289968, "_runtime": 392.9473717212677, "_step": 1, "mean_T0T": 0.3480492932683365, "std_T0T": 0.15236531741477108, "mean_0T0": 0.0073346879924011885, "std_0T0": 0.006630007415729914, "mean_middle": 0.218875432162751, "std_middle": 0.052439718263661166, "guidance_scale": 1, "inv_time": 37.44568400382995, "_wandb": {"runtime": 388}}