{"Table": {"_type": "table-file", "sha256": "de29fdc3c852c4396e52a4878d849d0069dc38ac172157d2d7694ff979d64fde", "size": 2131, "artifact_path": "wandb-client-artifact://eghl1caq5vjukvdlb2qe0nb6b2276yyvhu2u7n77ddgpibiahd1koj44specz5d767zp8u33r3wn75zg4jj1e0gvunt1fd04g7vyymrkaqohylb6mdnscio0i4i41rrb:latest/Table.table.json", "_latest_artifact_path": "wandb-client-artifact://eghl1caq5vjukvdlb2qe0nb6b2276yyvhu2u7n77ddgpibiahd1koj44specz5d767zp8u33r3wn75zg4jj1e0gvunt1fd04g7vyymrkaqohylb6mdnscio0i4i41rrb:latest/Table.table.json", "path": "media/table/Table_0_de29fdc3c852c4396e52.table.json", "ncols": 13, "nrows": 10}, "_timestamp": 1711366904.6181514, "_runtime": 1923.8231933116913, "_step": 1, "mean_T0T": -8.987837318266143, "std_T0T": 0.10606140893534641, "mean_0T0": -28.6435751653012, "std_0T0": 0.0021941133229355903, "mean_middle": -16.344768931258702, "std_middle": 0.011709509336406838, "mean_loss": 0.00025091171846725047, "std_loss": 0.00036368504515849054, "guidance_scale": 1, "inv_time": 190.9078646183014, "_wandb": {"runtime": 1923}}