{"Table": {"_type": "table-file", "sha256": "2f6d503b3ffedad147630d70bc06dad180ef08cfa11bdd2108e2bec470ee108b", "size": 432, "artifact_path": "wandb-client-artifact://xpx0unh1bxcga4xbrzy8c8hvz7p0qtufozh64dzjws81rnwihax4v9qb0n052wk5qa3luqr49odc3md2ixknmslvsh1q8phmkbvnp62mo377372arn7snbouoby9ojas:latest/Table.table.json", "_latest_artifact_path": "wandb-client-artifact://xpx0unh1bxcga4xbrzy8c8hvz7p0qtufozh64dzjws81rnwihax4v9qb0n052wk5qa3luqr49odc3md2ixknmslvsh1q8phmkbvnp62mo377372arn7snbouoby9ojas:latest/Table.table.json", "path": "media/table/Table_0_2f6d503b3ffedad14763.table.json", "ncols": 13, "nrows": 1}, "_timestamp": 1710998045.5686858, "_runtime": 154.1640977859497, "_step": 1, "mean_T0T": -28.707421538561213, "std_T0T": 0.0, "mean_0T0": -73.91422710890366, "std_0T0": 0.0, "mean_middle": -32.376319415270586, "std_middle": 0.0, "mean_loss": -94.37163522435965, "std_loss": 0.0, "guidance_scale": 1, "inv_time": 147.2903652191162, "_wandb": {"runtime": 153}}