{"Table": {"_type": "table-file", "sha256": "f9df044f211b2130510c92dc2ff48d86ada5467bbd1333ca82fadb00c27891ac", "size": 44063, "artifact_path": "wandb-client-artifact://bg3ode9vxncok6r3exexsb0jzh8lhtf75pqa5o0yyjajxuxl49ufy4epriot6qy0zkr6pwoowyrixv60d4cfbnrw36w0gz9ix01bcodcwcj9bcdy0o7arq8fb4dw5ohz:latest/Table.table.json", "_latest_artifact_path": "wandb-client-artifact://bg3ode9vxncok6r3exexsb0jzh8lhtf75pqa5o0yyjajxuxl49ufy4epriot6qy0zkr6pwoowyrixv60d4cfbnrw36w0gz9ix01bcodcwcj9bcdy0o7arq8fb4dw5ohz:latest/Table.table.json", "path": "media/table/Table_0_f9df044f211b2130510c.table.json", "ncols": 15, "nrows": 100}, "_timestamp": 1713584731.0258675, "_runtime": 1366.1824865341187, "_step": 1, "mean_T0T": -8.203324033785208, "std_T0T": 0.05332643830390745, "mean_0T0": -8.206116419778066, "std_0T0": 0.053527576842078206, "mean_middle": -6.19851010244584, "std_middle": 0.08722337656351524, "mean_loss": 0.0027088033966720104, "std_loss": 0.003263072809204459, "guidance_scale": 1, "inv_time": 4.843559744358063, "prompt": "zoey deutch with white bra portrait | | realistic shaded, unpleasant face, bad looking, fine details, realistic shaded lighting poster by greg rutkowski, magali villeneuve, artgerm, jeremy lipkin and michael garmash and rob rey", "mean_memory_usage": 0.6010441780090332, "decoder lr": 0.05, "_wandb": {"runtime": 1365}}