{"Table": {"_type": "table-file", "sha256": "be02cc905e101ff26a86e0e0e3a24baa5f6d61ca55c9d14a7a545a7ec4078eb2", "size": 2055, "artifact_path": "wandb-client-artifact://p6tja1j7nzqm2yfdud4a73wcn0qkf4swu8cnqadp6j1zobykznmhxy8n733k4k40inhjmsqtr9lniivvpgdz8yshb30t08eovgb0gmt9a1cz5mz5svnrbexuh5r0y6oc:latest/Table.table.json", "_latest_artifact_path": "wandb-client-artifact://p6tja1j7nzqm2yfdud4a73wcn0qkf4swu8cnqadp6j1zobykznmhxy8n733k4k40inhjmsqtr9lniivvpgdz8yshb30t08eovgb0gmt9a1cz5mz5svnrbexuh5r0y6oc:latest/Table.table.json", "path": "media/table/Table_0_be02cc905e101ff26a86.table.json", "ncols": 13, "nrows": 10}, "_timestamp": 1711612701.8209476, "_runtime": 853.7548117637634, "_step": 1, "mean_T0T": -3.5394933904826322, "std_T0T": 0.16395604624384907, "mean_0T0": -20.02265378908178, "std_0T0": 0.00815957077612525, "mean_middle": -6.508689539138915, "std_middle": 0.06409136421230928, "mean_loss": 0.5949037671089172, "std_loss": 0.09030114859342575, "guidance_scale": 1, "inv_time": 83.93814811706542, "_wandb": {"runtime": 853}}