{"Table": {"_type": "table-file", "sha256": "fb01661c3104655854425f33daf5ce2f10f3ab974f3c50267b3fc9f2627288b2", "size": 2110, "artifact_path": "wandb-client-artifact://i9e0v3c3tnlcyxae9grci9w0uatq51avaoy77fyb0hat364r7ptfiaiisk18rhjulu85gfqf6xgjl6psipb2pwbk1nwlg7oi5a4addy3f1agarbtx8mo8afwv6n7w1bf:latest/Table.table.json", "_latest_artifact_path": "wandb-client-artifact://i9e0v3c3tnlcyxae9grci9w0uatq51avaoy77fyb0hat364r7ptfiaiisk18rhjulu85gfqf6xgjl6psipb2pwbk1nwlg7oi5a4addy3f1agarbtx8mo8afwv6n7w1bf:latest/Table.table.json", "path": "media/table/Table_0_fb01661c310465585442.table.json", "ncols": 13, "nrows": 10}, "_timestamp": 1711364959.8114452, "_runtime": 1008.2353982925415, "_step": 1, "mean_T0T": -7.284485464883077, "std_T0T": 0.1304627504507663, "mean_0T0": -28.08416383670427, "std_0T0": 0.002244465334202006, "mean_middle": -14.190460845068394, "std_middle": 0.016539293505965863, "mean_loss": 0.00028735733940266073, "std_loss": 0.0004902554210275412, "guidance_scale": 1, "inv_time": 99.35227320194244, "_wandb": {"runtime": 1007}}