{"Table": {"_type": "table-file", "sha256": "67bbbefbc046e68ea11cd559ca695e470a514d8de98388a630b77822e22a599c", "size": 4870, "artifact_path": "wandb-client-artifact://ktbvyec1uxii0t8ac0p8u0ikohynn9qvxt0osibjqz0okxq5z8rp5jj53ne6z2tsmexnz5kkthyfc11iswrbron8x009elb61s5hd4xybjhbzbegox2sircroo4d60yi:latest/Table.table.json", "_latest_artifact_path": "wandb-client-artifact://ktbvyec1uxii0t8ac0p8u0ikohynn9qvxt0osibjqz0okxq5z8rp5jj53ne6z2tsmexnz5kkthyfc11iswrbron8x009elb61s5hd4xybjhbzbegox2sircroo4d60yi:latest/Table.table.json", "path": "media/table/Table_0_67bbbefbc046e68ea11c.table.json", "ncols": 15, "nrows": 10}, "_timestamp": 1713511596.9864705, "_runtime": 194.00552940368652, "_step": 1, "mean_T0T": -8.714453127243063, "std_T0T": 0.06792296616974938, "mean_0T0": -19.849603877981757, "std_0T0": 0.004145625657434672, "mean_middle": -11.934528648639581, "std_middle": 0.04675184630162638, "mean_loss": 0.002288821619004011, "std_loss": 0.0016488221008330584, "guidance_scale": 1, "inv_time": 9.968622303009033, "prompt": "professional concept art symmetrical portrait of a horrendous mechanical predatory fractal! species in a dark room by artgerm and greg rutkowski. an intricate, elegant, highly detailed digital painting, concept art, smooth, sharp focus, illustration, in the style of cam sykes.", "mean_memory_usage": 0.6010441780090332, "decoder lr": 0.1, "_wandb": {"runtime": 193}}