{"Table": {"_type": "table-file", "sha256": "5633e3e9533b7fe937f8742efb5776753ae0812ac01e89e017f9c6356ab7dbf3", "size": 43999, "artifact_path": "wandb-client-artifact://3kv9phlox6up9lse3nkmoe8vkqwzhhr7wmow4m35id9bad2hl6q3j0w5wp60chazxwh4cel1rvx657l1lxqjmvkp3lzlxn6wr3ehmtq2ace464p8bwlkra0x8dmzao87:latest/Table.table.json", "_latest_artifact_path": "wandb-client-artifact://3kv9phlox6up9lse3nkmoe8vkqwzhhr7wmow4m35id9bad2hl6q3j0w5wp60chazxwh4cel1rvx657l1lxqjmvkp3lzlxn6wr3ehmtq2ace464p8bwlkra0x8dmzao87:latest/Table.table.json", "path": "media/table/Table_0_5633e3e9533b7fe937f8.table.json", "ncols": 15, "nrows": 100}, "_timestamp": 1713555949.6019578, "_runtime": 2579.554370880127, "_step": 1, "mean_T0T": -7.264933416614344, "std_T0T": 0.05704300515890966, "mean_0T0": -3.08348039362, "std_0T0": 0.17153619419563987, "mean_middle": -2.4474891226598863, "std_middle": 0.14531746328116069, "mean_loss": 0.0033358153887093067, "std_loss": 0.004596405662596226, "guidance_scale": 1, "inv_time": 16.849069783687593, "prompt": "zoey deutch with white bra portrait | | realistic shaded, unpleasant face, bad looking, fine details, realistic shaded lighting poster by greg rutkowski, magali villeneuve, artgerm, jeremy lipkin and michael garmash and rob rey", "mean_memory_usage": 0.9465947151184082, "decoder lr": 0.005, "_wandb": {"runtime": 2578}}