{"Table": {"_type": "table-file", "sha256": "901aacd402eda5228c6a577cc83a58512f02299bd38880d808274bda6b51b768", "size": 2101, "artifact_path": "wandb-client-artifact://er6sx2uqo9yay3h99rrnparkuxdt2ukmfregl15126f3deq551j9dh1iyzsa2j97sjno48m561sqf5kziamb0ufg709j1sxkiwb3qb9yg0ahls6arqczfvszb1d4l3ck:latest/Table.table.json", "_latest_artifact_path": "wandb-client-artifact://er6sx2uqo9yay3h99rrnparkuxdt2ukmfregl15126f3deq551j9dh1iyzsa2j97sjno48m561sqf5kziamb0ufg709j1sxkiwb3qb9yg0ahls6arqczfvszb1d4l3ck:latest/Table.table.json", "path": "media/table/Table_0_901aacd402eda5228c6a.table.json", "ncols": 13, "nrows": 10}, "_timestamp": 1711001650.7952464, "_runtime": 815.0523073673248, "_step": 1, "mean_T0T": -5.441048983396155, "std_T0T": 2.4690659702986766, "mean_0T0": -25.2415462161361, "std_0T0": 4.346478327268032, "mean_middle": -9.81072085702225, "std_middle": 1.7252989212903809, "mean_loss": -31.784136060724514, "std_loss": 3.576438930258594, "guidance_scale": 1, "inv_time": 80.02783174514771, "_wandb": {"runtime": 814}}