{"Table": {"_type": "table-file", "sha256": "5beb554b427f2964c1c74c4dd60d53108da058881e098a019482a7aa6ba5739e", "size": 2126, "artifact_path": "wandb-client-artifact://gg265p1glupxnck2ghc6dg2e9fmtsgtnyph4620y5og49iw1vc47vewzn8mew29hchqyou41054v54tfvybd0drrk46oq1iy6azrze1p3h9ctvmehqrgy5bbr28cgale:latest/Table.table.json", "_latest_artifact_path": "wandb-client-artifact://gg265p1glupxnck2ghc6dg2e9fmtsgtnyph4620y5og49iw1vc47vewzn8mew29hchqyou41054v54tfvybd0drrk46oq1iy6azrze1p3h9ctvmehqrgy5bbr28cgale:latest/Table.table.json", "path": "media/table/Table_0_5beb554b427f2964c1c7.table.json", "ncols": 13, "nrows": 10}, "_timestamp": 1711052286.8770852, "_runtime": 2623.7043220996857, "_step": 1, "mean_T0T": -0.8939859091881251, "std_T0T": 0.10474028585215689, "mean_0T0": -3.4382850282692488, "std_0T0": 0.00046297835272907014, "mean_middle": -1.6192988361481808, "std_middle": 0.014078426090623687, "mean_loss": 7.094175089150667e-05, "std_loss": 0.00010027542884927243, "guidance_scale": 1, "inv_time": 260.91743485927583, "_wandb": {"runtime": 2623}}