{"Table": {"_type": "table-file", "sha256": "3241aaa15701d502bb1b409f16c19232ca96acbb43cdba901fd3fb6cd52534c3", "size": 14451, "artifact_path": "wandb-client-artifact://jlzmh91a866j9ktd0pdnbt8ggsse48kna6143d1hjx2vb2bxzfpyfamlmjzjpsch24xpsseuvofxcq9xmritlke36sh75n4g555a7elmyynqafwd0du39gf2twiw0zxm:latest/Table.table.json", "_latest_artifact_path": "wandb-client-artifact://jlzmh91a866j9ktd0pdnbt8ggsse48kna6143d1hjx2vb2bxzfpyfamlmjzjpsch24xpsseuvofxcq9xmritlke36sh75n4g555a7elmyynqafwd0du39gf2twiw0zxm:latest/Table.table.json", "path": "media/table/Table_0_3241aaa15701d502bb1b.table.json", "ncols": 11, "nrows": 100}, "_timestamp": 1710476248.2046616, "_runtime": 3311.1786897182465, "_step": 1, "mean_T0T": 0.46738351798913086, "std_T0T": 0.15266945976653026, "mean_0T0": 0.005769594272338755, "std_0T0": 0.005510939303030522, "guidance_scale": 1, "_wandb": {"runtime": 3310}}