{"Table": {"_type": "table-file", "sha256": "ed3200dd477357e2d13f8c4ca898a88ccaadce24cac78214eb46875273eff449", "size": 1850, "artifact_path": "wandb-client-artifact://yu8q73ebr9g2pegru38bsuawt960iz2ciz4p15y9ebsh46gjk6e54r6iie1oja98h56gp0l4bs7dw83jyvuxyi5emgm7ghdfskvf9etwtup0p7tm2el51m1t437d9xmt:latest/Table.table.json", "_latest_artifact_path": "wandb-client-artifact://yu8q73ebr9g2pegru38bsuawt960iz2ciz4p15y9ebsh46gjk6e54r6iie1oja98h56gp0l4bs7dw83jyvuxyi5emgm7ghdfskvf9etwtup0p7tm2el51m1t437d9xmt:latest/Table.table.json", "path": "media/table/Table_0_ed3200dd477357e2d13f.table.json", "ncols": 12, "nrows": 10}, "_timestamp": 1710828595.0596867, "_runtime": 814.0548045635223, "_step": 1, "mean_T0T": 0.31888135641349863, "std_T0T": 0.1459588035709166, "mean_0T0": 0.006023995658285694, "std_0T0": 0.0063624120553021635, "mean_middle": 0.15169161416109905, "std_middle": 0.06828532902273574, "guidance_scale": 1, "inv_time": 79.93942818641662, "_wandb": {"runtime": 813}}