{"Table": {"_type": "table-file", "sha256": "e2ce49472fd7427c7f3f4ff9ce6640e31761a044dcdf10281ac5405d6fba3518", "size": 44220, "artifact_path": "wandb-client-artifact://40p9y1pan5gq76bkd5id7c3enx54jwndoogosy6jmnq5m1eh85vpejullqg6j0r0b2m166cx3dvhshy0u4khv2z0c2un30ckvqtp7a9cyebjn3ivioz948kpsce0rgc7:latest/Table.table.json", "_latest_artifact_path": "wandb-client-artifact://40p9y1pan5gq76bkd5id7c3enx54jwndoogosy6jmnq5m1eh85vpejullqg6j0r0b2m166cx3dvhshy0u4khv2z0c2un30ckvqtp7a9cyebjn3ivioz948kpsce0rgc7:latest/Table.table.json", "path": "media/table/Table_0_e2ce49472fd7427c7f3f.table.json", "ncols": 15, "nrows": 100}, "_timestamp": 1713616460.526539, "_runtime": 1861.5487060546875, "_step": 1, "mean_T0T": -9.188328332648457, "std_T0T": 0.05569567313064635, "mean_0T0": -20.83635831340244, "std_0T0": 0.007134418538389545, "mean_middle": -11.187446545404994, "std_middle": 0.06503540651705116, "mean_loss": 0.002682739170268178, "std_loss": 0.003317760769277811, "guidance_scale": 1, "inv_time": 9.803005549907684, "prompt": "zoey deutch with white bra portrait | | realistic shaded, unpleasant face, bad looking, fine details, realistic shaded lighting poster by greg rutkowski, magali villeneuve, artgerm, jeremy lipkin and michael garmash and rob rey", "mean_memory_usage": 0.6017765998840332, "decoder lr": 0.1, "_wandb": {"runtime": 1860}}