{"Table": {"_type": "table-file", "sha256": "f86a972b6be29d106913851a0bc352eaa711577846e309278829415eb812f0eb", "size": 44245, "artifact_path": "wandb-client-artifact://x9nc9t55zhlj5qsztj6lf96yfnt1sdeb3fwe3eph004tnwlrivcukkn0ykxxyzqn3ckobuzqdvxfqpdxemvhxj3uxmzsfi7xssgb5pi0n4bobc136nolpopgw5uujigr:latest/Table.table.json", "_latest_artifact_path": "wandb-client-artifact://x9nc9t55zhlj5qsztj6lf96yfnt1sdeb3fwe3eph004tnwlrivcukkn0ykxxyzqn3ckobuzqdvxfqpdxemvhxj3uxmzsfi7xssgb5pi0n4bobc136nolpopgw5uujigr:latest/Table.table.json", "path": "media/table/Table_0_f86a972b6be29d106913.table.json", "ncols": 15, "nrows": 100}, "_timestamp": 1713797432.0500708, "_runtime": 691.3079347610474, "_step": 1, "mean_T0T": -8.477151574374593, "std_T0T": 0.10679714575282766, "mean_0T0": -25.3883479075174, "std_0T0": 0.003314499538243841, "mean_middle": -15.801106953627414, "std_middle": 0.02422957015494898, "mean_loss": 0.00341033935546875, "std_loss": 0.004062652587890625, "guidance_scale": 1, "inv_time": 2.896477417945862, "prompt": "zoey deutch with white bra portrait | | realistic shaded, unpleasant face, bad looking, fine details, realistic shaded lighting poster by greg rutkowski, magali villeneuve, artgerm, jeremy lipkin and michael garmash and rob rey", "mean_memory_usage": 2.6173229217529297, "decoder lr": 0.01, "_wandb": {"runtime": 690}}