{"Table": {"_type": "table-file", "sha256": "244fc12d47f7dd104c08a7f62b895e2c0205181682a7ff8e3b17418b6694269d", "size": 431, "artifact_path": "wandb-client-artifact://iwcuj5nlwehgllr876qe3004wv2n3v95k1ou4wpfvga15vprelt0i4pm8hnskdf8e1ds3hdmj7r69yw2yf623c4mvpuik4kjpg644moudzyq3t9ljcstnz6uo3iw71zt:latest/Table.table.json", "_latest_artifact_path": "wandb-client-artifact://iwcuj5nlwehgllr876qe3004wv2n3v95k1ou4wpfvga15vprelt0i4pm8hnskdf8e1ds3hdmj7r69yw2yf623c4mvpuik4kjpg644moudzyq3t9ljcstnz6uo3iw71zt:latest/Table.table.json", "path": "media/table/Table_0_244fc12d47f7dd104c08.table.json", "ncols": 13, "nrows": 1}, "_timestamp": 1710837452.7842681, "_runtime": 194.04261302947998, "_step": 1, "mean_T0T": -34.830487156909754, "std_T0T": 0.0, "mean_0T0": -70.03066180104229, "std_0T0": 0.0, "mean_middle": -16.55127131445856, "std_middle": 0.0, "mean_loss": -93.42436266007006, "std_loss": 0.0, "guidance_scale": 1, "inv_time": 187.2859115600586, "_wandb": {"runtime": 193}}