{"Table": {"_type": "table-file", "sha256": "8034e79e5156377b1632f4783d6a35d764971e9167bd1b3d1fe2282016ce7bf3", "size": 2087, "artifact_path": "wandb-client-artifact://duw5ncz4w44b3aaa2fa8ysjx8hz8vllq0ottznqgo8vfcijp0yq9rbedrf0ro7drsfkcacuzd3vojg9ccvi482uamqay0evg6zks987yeq1daw148wgh86hywshfg2pj:latest/Table.table.json", "_latest_artifact_path": "wandb-client-artifact://duw5ncz4w44b3aaa2fa8ysjx8hz8vllq0ottznqgo8vfcijp0yq9rbedrf0ro7drsfkcacuzd3vojg9ccvi482uamqay0evg6zks987yeq1daw148wgh86hywshfg2pj:latest/Table.table.json", "path": "media/table/Table_0_8034e79e5156377b1632.table.json", "ncols": 13, "nrows": 10}, "_timestamp": 1711347734.2141073, "_runtime": 492.1298563480377, "_step": 1, "mean_T0T": -4.169135383282706, "std_T0T": 0.15056019705505097, "mean_0T0": -20.936084714391363, "std_0T0": 0.00709082776056496, "mean_middle": -7.8203806547837225, "std_middle": 0.04350952409427855, "mean_loss": 0.001627738238312304, "std_loss": 0.0012877265689894557, "guidance_scale": 1, "inv_time": 47.626404762268066, "_wandb": {"runtime": 491}}