{"Table": {"_type": "table-file", "sha256": "a6528565e3c5ff585ce56483873a5d73873cbe5fdc5de5aa94ccf09506feb640", "size": 2060, "artifact_path": "wandb-client-artifact://frxyjlh7ob89a9pb5jb0nf4yf1rpz0xmyx30vk3x8d76h1mjxa3d7zgfqj4lnhufr43byegvfusdgflkzjfg8weusd16huoxg447uauy9pl9vrhc5ikjwe02yp4aizmo:latest/Table.table.json", "_latest_artifact_path": "wandb-client-artifact://frxyjlh7ob89a9pb5jb0nf4yf1rpz0xmyx30vk3x8d76h1mjxa3d7zgfqj4lnhufr43byegvfusdgflkzjfg8weusd16huoxg447uauy9pl9vrhc5ikjwe02yp4aizmo:latest/Table.table.json", "path": "media/table/Table_0_a6528565e3c5ff585ce5.table.json", "ncols": 13, "nrows": 10}, "_timestamp": 1711610299.4380982, "_runtime": 631.3613502979279, "_step": 1, "mean_T0T": -3.558415769526005, "std_T0T": 0.16246144642534235, "mean_0T0": -19.873065198840113, "std_0T0": 0.008219808381588105, "mean_middle": -6.508536023784959, "std_middle": 0.06408466533927053, "mean_loss": 0.5957664251327515, "std_loss": 0.08908525109291077, "guidance_scale": 1, "inv_time": 61.73595695495605, "_wandb": {"runtime": 630}}