{"Table": {"_type": "table-file", "sha256": "d1ea1d1d633f1f65e3d7aa3f4eca727a280eac957beb42ffa9fd8c7e97d91a29", "size": 44102, "artifact_path": "wandb-client-artifact://wmd223qcmf9vy7z27bib7r30wqxmootj4darlbp8joj6mu08vbttz148q5mf9sem6j4wkziba3xqqwp8gjxqzv6p01jug3bxrcr50zrx8pfjlc6wd79ntxgy4h9z7nko:latest/Table.table.json", "_latest_artifact_path": "wandb-client-artifact://wmd223qcmf9vy7z27bib7r30wqxmootj4darlbp8joj6mu08vbttz148q5mf9sem6j4wkziba3xqqwp8gjxqzv6p01jug3bxrcr50zrx8pfjlc6wd79ntxgy4h9z7nko:latest/Table.table.json", "path": "media/table/Table_0_d1ea1d1d633f1f65e3d7.table.json", "ncols": 15, "nrows": 100}, "_timestamp": 1713859882.4920046, "_runtime": 1369.4804196357727, "_step": 1, "mean_T0T": -7.752985620094222, "std_T0T": 0.11154732216453019, "mean_0T0": -26.012197129653643, "std_0T0": 0.0027708485424125548, "mean_middle": -14.888352754596905, "std_middle": 0.024426243899727095, "mean_loss": 0.0033855438232421875, "std_loss": 0.00321197509765625, "guidance_scale": 1, "inv_time": 9.753313348293304, "prompt": "zoey deutch with white bra portrait | | realistic shaded, unpleasant face, bad looking, fine details, realistic shaded lighting poster by greg rutkowski, magali villeneuve, artgerm, jeremy lipkin and michael garmash and rob rey", "mean_memory_usage": 8.370447177886962, "decoder lr": 0.01, "_wandb": {"runtime": 1368}}