{"Table": {"_type": "table-file", "sha256": "ebf90bbe8b10910bcfb88c2898a646a59d19a2b6a7ff8391f6deeeddcb3fbe13", "size": 2085, "artifact_path": "wandb-client-artifact://zc1uwtndiuxpz95wo8vokuqvp2znirvvdkk2y7tt0wa57ee4pekr1nnccxzo8vxp47xlxzv05runmofl0efme9mpb5r2w28utmv2pyvppccg9u1ycuc7ghrawlvdyiax:latest/Table.table.json", "_latest_artifact_path": "wandb-client-artifact://zc1uwtndiuxpz95wo8vokuqvp2znirvvdkk2y7tt0wa57ee4pekr1nnccxzo8vxp47xlxzv05runmofl0efme9mpb5r2w28utmv2pyvppccg9u1ycuc7ghrawlvdyiax:latest/Table.table.json", "path": "media/table/Table_0_ebf90bbe8b10910bcfb8.table.json", "ncols": 13, "nrows": 10}, "_timestamp": 1711477826.627349, "_runtime": 782.8603599071503, "_step": 1, "mean_T0T": -4.436254390766789, "std_T0T": 0.16163672599650036, "mean_0T0": -20.579938933965888, "std_0T0": 0.006795830660376396, "mean_middle": -7.448368790937177, "std_middle": 0.06336518586254815, "mean_loss": 0.0019190025050193071, "std_loss": 0.0016870537074282765, "guidance_scale": 1, "inv_time": 76.86722614765168, "_wandb": {"runtime": 782}}