{"Table": {"_type": "table-file", "sha256": "5326827ab365c760ffedaa2052fbe1912fd0e0c981bd47c30fc1c3978752e172", "size": 43934, "artifact_path": "wandb-client-artifact://2vnkouwverf2we3bn7vfson2jywu8fw67e93r3uulzm2oiryegnccpdd9l44jvh3emz1tq4n251bpuz2xqtmik5b3xn00o03libxyn7pwes4e68ma7gx85x7nr0784dk:latest/Table.table.json", "_latest_artifact_path": "wandb-client-artifact://2vnkouwverf2we3bn7vfson2jywu8fw67e93r3uulzm2oiryegnccpdd9l44jvh3emz1tq4n251bpuz2xqtmik5b3xn00o03libxyn7pwes4e68ma7gx85x7nr0784dk:latest/Table.table.json", "path": "media/table/Table_0_5326827ab365c760ffed.table.json", "ncols": 15, "nrows": 100}, "_timestamp": 1713624078.6753883, "_runtime": 1857.6038024425507, "_step": 1, "mean_T0T": -7.261522976176133, "std_T0T": 0.0569628464837717, "mean_0T0": -3.068422074153569, "std_0T0": 0.17202959718445332, "mean_middle": -2.436162169400095, "std_middle": 0.14536357104865524, "mean_loss": 0.0036939980927854776, "std_loss": 0.005515063181519508, "guidance_scale": 1, "inv_time": 9.79714918613434, "prompt": "zoey deutch with white bra portrait | | realistic shaded, unpleasant face, bad looking, fine details, realistic shaded lighting poster by greg rutkowski, magali villeneuve, artgerm, jeremy lipkin and michael garmash and rob rey", "mean_memory_usage": 0.6010441780090332, "decoder lr": 0.005, "_wandb": {"runtime": 1856}}