{"Table": {"_type": "table-file", "sha256": "b241222d3d12bbfbd886b3af0d5119c10d7804d009b2161a1012147bf69dca05", "size": 44122, "artifact_path": "wandb-client-artifact://yizpts04xh4i68gxzpolues4xjbvhmq7ljt8pyvda2y9a7gzfjfaf4q0z9n4d1027cnt0rpkqs3qwoennbikxp3fmfboa1mkwywk01o5vjybvv9yjkqxumwgijqr24vt:latest/Table.table.json", "_latest_artifact_path": "wandb-client-artifact://yizpts04xh4i68gxzpolues4xjbvhmq7ljt8pyvda2y9a7gzfjfaf4q0z9n4d1027cnt0rpkqs3qwoennbikxp3fmfboa1mkwywk01o5vjybvv9yjkqxumwgijqr24vt:latest/Table.table.json", "path": "media/table/Table_0_b241222d3d12bbfbd886.table.json", "ncols": 15, "nrows": 100}, "_timestamp": 1713853851.522961, "_runtime": 1375.8915679454803, "_step": 1, "mean_T0T": -6.762965501018606, "std_T0T": 0.14633642080768386, "mean_0T0": -26.72970489713051, "std_0T0": 0.0027551937078086884, "mean_middle": -14.450608334764205, "std_middle": 0.028695412216350392, "mean_loss": 0.0036258697509765625, "std_loss": 0.005435943603515625, "guidance_scale": 1, "inv_time": 9.769085528850555, "prompt": "zoey deutch with white bra portrait | | realistic shaded, unpleasant face, bad looking, fine details, realistic shaded lighting poster by greg rutkowski, magali villeneuve, artgerm, jeremy lipkin and michael garmash and rob rey", "mean_memory_usage": 8.379612522125244, "decoder lr": 0.2, "_wandb": {"runtime": 1375}}