{"Table": {"_type": "table-file", "sha256": "a6c9b3d4d1a9c0b84492feb162199166f3195eb86db62b0c591e9ae6d0a8a938", "size": 2110, "artifact_path": "wandb-client-artifact://1a8nf4mvc1intm70uvhrxk1az3fm5n26ojdsbcckm6y9r9yfo05o2f5m7fv4053nxxe0es72cqdlkocxxyz65916pmtjvins5xkd4584rk0ksh6kybdne1ggndm9zyok:latest/Table.table.json", "_latest_artifact_path": "wandb-client-artifact://1a8nf4mvc1intm70uvhrxk1az3fm5n26ojdsbcckm6y9r9yfo05o2f5m7fv4053nxxe0es72cqdlkocxxyz65916pmtjvins5xkd4584rk0ksh6kybdne1ggndm9zyok:latest/Table.table.json", "path": "media/table/Table_0_a6c9b3d4d1a9c0b84492.table.json", "ncols": 13, "nrows": 10}, "_timestamp": 1711018774.2638705, "_runtime": 2329.7867374420166, "_step": 1, "mean_T0T": -10.046927570163556, "std_T0T": 3.395688050620353, "mean_0T0": -25.10776019183958, "std_0T0": 4.948608052200413, "mean_middle": -16.50663906786388, "std_middle": 4.669008578065881, "mean_loss": -26.71660075240614, "std_loss": 3.6139486532274816, "guidance_scale": 1, "inv_time": 231.52760939598085, "_wandb": {"runtime": 2329}}