{"Table": {"_type": "table-file", "sha256": "25098dcdfbc87e1d74c5e1ddb62df2d01e59941f291be70912ceb16e5bca7268", "size": 1849, "artifact_path": "wandb-client-artifact://k8ls05lifcao2rmauplww9y5okg12dqmjhmmi78i3gjm6ah6dreg3udr5yvu1l7csiizbbz1juk3hb4a8j153kschzjahagxkcm1t0ms50rbvqh3vyhpadd61szvo4vw:latest/Table.table.json", "_latest_artifact_path": "wandb-client-artifact://k8ls05lifcao2rmauplww9y5okg12dqmjhmmi78i3gjm6ah6dreg3udr5yvu1l7csiizbbz1juk3hb4a8j153kschzjahagxkcm1t0ms50rbvqh3vyhpadd61szvo4vw:latest/Table.table.json", "path": "media/table/Table_0_25098dcdfbc87e1d74c5.table.json", "ncols": 12, "nrows": 10}, "_timestamp": 1710832277.8143363, "_runtime": 270.0009653568268, "_step": 1, "mean_T0T": 0.39623772729633594, "std_T0T": 0.15175717719249676, "mean_0T0": 0.012396343606941607, "std_0T0": 0.009834909862939254, "mean_middle": 0.21887499487226858, "std_middle": 0.05244061287389551, "guidance_scale": 1, "inv_time": 25.545386123657227, "_wandb": {"runtime": 269}}