{"Table": {"_type": "table-file", "sha256": "92bd2dfac434a09232c726253ef1f9a786b648e3a28692dd4ad90f4764b21619", "size": 1845, "artifact_path": "wandb-client-artifact://5lkbk66suypg403s6pps4z4zttv4rcuup7iplikg8pmb626ol1gwaypxv0ta2mn9zadaoyjbvuhbmv2q06zywrd6e0rdk696v8q4d0xh0r62xvgg0fjvtptwoy2c3wf3:latest/Table.table.json", "_latest_artifact_path": "wandb-client-artifact://5lkbk66suypg403s6pps4z4zttv4rcuup7iplikg8pmb626ol1gwaypxv0ta2mn9zadaoyjbvuhbmv2q06zywrd6e0rdk696v8q4d0xh0r62xvgg0fjvtptwoy2c3wf3:latest/Table.table.json", "path": "media/table/Table_0_92bd2dfac434a09232c7.table.json", "ncols": 12, "nrows": 10}, "_timestamp": 1710824751.2447364, "_runtime": 416.58807134628296, "_step": 1, "mean_T0T": 0.4114749842784936, "std_T0T": 0.14690707351652418, "mean_0T0": 0.01205492379600924, "std_0T0": 0.009856318519398683, "mean_middle": 0.22342808961306987, "std_middle": 0.06409352013769147, "guidance_scale": 1, "inv_time": 40.17139422893524, "_wandb": {"runtime": 415}}