{"Table": {"_type": "table-file", "sha256": "5ee1dc7abb33421e1c654fe669128b90ab749a1509be8034dc30ea62b0ce7a96", "size": 2112, "artifact_path": "wandb-client-artifact://q3auhzlukcn97a0pwn7nhw5gy52x22l7iyi961pzd7n65ltclmivuy69278whiorrievhdzy13sjivrdx4x5g6j4otq8a64ovfi1npkm8zy59s1vv79psabdikgaz66h:latest/Table.table.json", "_latest_artifact_path": "wandb-client-artifact://q3auhzlukcn97a0pwn7nhw5gy52x22l7iyi961pzd7n65ltclmivuy69278whiorrievhdzy13sjivrdx4x5g6j4otq8a64ovfi1npkm8zy59s1vv79psabdikgaz66h:latest/Table.table.json", "path": "media/table/Table_0_5ee1dc7abb33421e1c65.table.json", "ncols": 13, "nrows": 10}, "_timestamp": 1711542393.5788922, "_runtime": 1626.8282942771912, "_step": 1, "mean_T0T": -7.554680370584899, "std_T0T": 0.11013331503281622, "mean_0T0": -22.41939866376988, "std_0T0": 0.008325590625855011, "mean_middle": -12.717963354875778, "std_middle": 0.032072193200130696, "mean_loss": 0.0019698035903275013, "std_loss": 0.0012113278498873115, "guidance_scale": 1, "inv_time": 161.1746694803238, "_wandb": {"runtime": 1625}}