{"Table": {"_type": "table-file", "sha256": "f13b47641f9d4a91968f66e9300c7ff5a1c21bed2ef1a1b6533c78a298ff64e5", "size": 47216, "artifact_path": "wandb-client-artifact://ww5zv0p3ncheh7zhas0m27ijencwnblptj1hn3m7s93pq12qofgzion2b2nrvl2ycddctpnmlcrg1vxgx37sx4u2ninlmwlotj9loc09uc8yluyhl1s7vbxhw4oa9bdn:latest/Table.table.json", "_latest_artifact_path": "wandb-client-artifact://ww5zv0p3ncheh7zhas0m27ijencwnblptj1hn3m7s93pq12qofgzion2b2nrvl2ycddctpnmlcrg1vxgx37sx4u2ninlmwlotj9loc09uc8yluyhl1s7vbxhw4oa9bdn:latest/Table.table.json", "path": "media/table/Table_0_f13b47641f9d4a91968f.table.json", "ncols": 17, "nrows": 100}, "_timestamp": 1715684247.71056, "_runtime": 12108.151717185974, "_step": 1, "mean_T0T": -0.8377585412924511, "std_T0T": 0.1153579581856849, "mean_0T0": 2.7313782637019384, "std_0T0": 0.5529651379361352, "mean_middle": -12.317659873570257, "std_middle": 0.03391573532899262, "mean_loss": 6.72265625, "std_loss": 0.68798828125, "guidance_scale": 1, "inv_time": 120.21618609666824, "prompt": "zoey deutch with white bra portrait | | realistic shaded, unpleasant face, bad looking, fine details, realistic shaded lighting poster by greg rutkowski, magali villeneuve, artgerm, jeremy lipkin and michael garmash and rob rey", "mean_memory_usage": 2.628340721130371, "decoder lr": 0.01, "_wandb": {"runtime": 12107}}