{"Table": {"_type": "table-file", "sha256": "cab7a64888200234360ca389ba9bcb7da7deb02df0fa8b3dd96c4a1ce7aa9ea4", "size": 44371, "artifact_path": "wandb-client-artifact://36fpeljbd869dynp43h9mlbe4l3jvedhccvlj2v1wo5vzzi7xlugnnqmbzdlvd4fu3vycx3i2jbmxp7wz72xnbzwx1wm1h6e650qhvpepunmh4jrhcog3oheyg6jvd5d:latest/Table.table.json", "_latest_artifact_path": "wandb-client-artifact://36fpeljbd869dynp43h9mlbe4l3jvedhccvlj2v1wo5vzzi7xlugnnqmbzdlvd4fu3vycx3i2jbmxp7wz72xnbzwx1wm1h6e650qhvpepunmh4jrhcog3oheyg6jvd5d:latest/Table.table.json", "path": "media/table/Table_0_cab7a64888200234360c.table.json", "ncols": 15, "nrows": 100}, "_timestamp": 1713832964.987872, "_runtime": 2097.147583961487, "_step": 1, "mean_T0T": -8.72598676422326, "std_T0T": 0.11531928074018909, "mean_0T0": -25.282166802222378, "std_0T0": 0.0043689733249231335, "mean_middle": -15.883428744424702, "std_middle": 0.024673190826331095, "mean_loss": 0.0031795501708984375, "std_loss": 0.00336456298828125, "guidance_scale": 1, "inv_time": 16.7696865940094, "prompt": "zoey deutch with white bra portrait | | realistic shaded, unpleasant face, bad looking, fine details, realistic shaded lighting poster by greg rutkowski, magali villeneuve, artgerm, jeremy lipkin and michael garmash and rob rey", "mean_memory_usage": 3.281515121459961, "decoder lr": 0.02, "_wandb": {"runtime": 2096}}