{"Table": {"_type": "table-file", "sha256": "9ddc6ab4abc1077b64b068e088e4f8add57741a557ebf4cc1333d587200f6e39", "size": 46985, "artifact_path": "wandb-client-artifact://2pu1ydhwujmgn2et75ps5lrx8q9sen22mgktft3gefxvw3zrcqumwbjhwyjk0rrhk82ax5ltxpwgyeyoagisv9ogsh1p4g7x7dt0jfyhmdpqdxc2uvol4lv3fftd0h4k:latest/Table.table.json", "_latest_artifact_path": "wandb-client-artifact://2pu1ydhwujmgn2et75ps5lrx8q9sen22mgktft3gefxvw3zrcqumwbjhwyjk0rrhk82ax5ltxpwgyeyoagisv9ogsh1p4g7x7dt0jfyhmdpqdxc2uvol4lv3fftd0h4k:latest/Table.table.json", "path": "media/table/Table_0_9ddc6ab4abc1077b64b0.table.json", "ncols": 17, "nrows": 100}, "_timestamp": 1714733801.7835, "_runtime": 6151.625640869141, "_step": 1, "mean_T0T": -0.722245464126505, "std_T0T": 0.21773626072562338, "mean_0T0": 2.4528569420849826, "std_0T0": 0.5994473940695313, "mean_middle": -4.117933929824856, "std_middle": 0.8827225577777426, "mean_loss": 6.3359375, "std_loss": 0.95947265625, "guidance_scale": 1, "inv_time": 60.46096779108048, "prompt": "zoey deutch with white bra portrait | | realistic shaded, unpleasant face, bad looking, fine details, realistic shaded lighting poster by greg rutkowski, magali villeneuve, artgerm, jeremy lipkin and michael garmash and rob rey", "mean_memory_usage": 2.63767147064209, "decoder lr": 0.05, "_wandb": {"runtime": 6150}}