{"Table": {"_type": "table-file", "sha256": "bcd670e849723eee99ebdb1f19bc2098b6b621e6fda1e9a37c7f32631b6e5477", "size": 47315, "artifact_path": "wandb-client-artifact://nckimg0enamv2os6znn2cg265ecg4fq52c206s2zn2m7w0qlql7rvq5ae28ze5wqgpt5f6uiweyd4qzc1aa4rt8r05mvvux2ewp69epsjrdkacc5x9w26nr983gpccwl:latest/Table.table.json", "_latest_artifact_path": "wandb-client-artifact://nckimg0enamv2os6znn2cg265ecg4fq52c206s2zn2m7w0qlql7rvq5ae28ze5wqgpt5f6uiweyd4qzc1aa4rt8r05mvvux2ewp69epsjrdkacc5x9w26nr983gpccwl:latest/Table.table.json", "path": "media/table/Table_0_bcd670e849723eee99eb.table.json", "ncols": 17, "nrows": 100}, "_timestamp": 1714899689.1954978, "_runtime": 6153.263185739517, "_step": 1, "mean_T0T": -1.2161406736587326, "std_T0T": 0.11425588354120877, "mean_0T0": 2.6641027743567918, "std_0T0": 0.5433158796478638, "mean_middle": -15.528202522793386, "std_middle": 0.02565267451979723, "mean_loss": 6.58203125, "std_loss": 0.67578125, "guidance_scale": 1, "inv_time": 60.48597620248795, "prompt": "zoey deutch with white bra portrait | | realistic shaded, unpleasant face, bad looking, fine details, realistic shaded lighting poster by greg rutkowski, magali villeneuve, artgerm, jeremy lipkin and michael garmash and rob rey", "mean_memory_usage": 2.63718318939209, "decoder lr": 0.001, "_wandb": {"runtime": 6152}}