{"Table": {"_type": "table-file", "sha256": "98688fadf00dc1c1debc1df52a911d7135e7480defc2b3184c92124244f1ba94", "size": 2096, "artifact_path": "wandb-client-artifact://3psbt5pqv0y4dcyj77umgrnakig8cx2ybozp2jksajnuaczf8m5a33zufaxtcli0lk3g3qve0lm39hnfqhxvv0lsf7f5dqwltf3i0ilmnk4ixsfu768t45mrtw806qqh:latest/Table.table.json", "_latest_artifact_path": "wandb-client-artifact://3psbt5pqv0y4dcyj77umgrnakig8cx2ybozp2jksajnuaczf8m5a33zufaxtcli0lk3g3qve0lm39hnfqhxvv0lsf7f5dqwltf3i0ilmnk4ixsfu768t45mrtw806qqh:latest/Table.table.json", "path": "media/table/Table_0_98688fadf00dc1c1debc.table.json", "ncols": 13, "nrows": 10}, "_timestamp": 1711092823.9705775, "_runtime": 448.9115254878998, "_step": 1, "mean_T0T": -3.8586466754477664, "std_T0T": 0.15053294086184665, "mean_0T0": -20.06554122925469, "std_0T0": 0.008558769659483883, "mean_middle": -8.196392094303246, "std_middle": 0.03476781040517102, "mean_loss": 0.0018976085120812058, "std_loss": 0.001271525165066123, "guidance_scale": 1, "inv_time": 43.44208254814148, "_wandb": {"runtime": 448}}