{"Table": {"_type": "table-file", "sha256": "d8652b9d698e83e2ebb6e70d0d819c9f3bdd365654d793db00d08091ae340828", "size": 44279, "artifact_path": "wandb-client-artifact://c7xazbh5dun6qlbfc6u2ngiiymysuz2lnjhm320ha4uvuekix0lp9cc5tksz19hqpupamv9qa1bdjxobclyajmo9l799g7obm6qby7ktngbgynksrtcrl104o9ojaz9j:latest/Table.table.json", "_latest_artifact_path": "wandb-client-artifact://c7xazbh5dun6qlbfc6u2ngiiymysuz2lnjhm320ha4uvuekix0lp9cc5tksz19hqpupamv9qa1bdjxobclyajmo9l799g7obm6qby7ktngbgynksrtcrl104o9ojaz9j:latest/Table.table.json", "path": "media/table/Table_0_d8652b9d698e83e2ebb6.table.json", "ncols": 15, "nrows": 100}, "_timestamp": 1713801319.4705403, "_runtime": 898.92609333992, "_step": 1, "mean_T0T": -8.149561251243192, "std_T0T": 0.10399967936685, "mean_0T0": -24.84742295065811, "std_0T0": 0.003676029610596125, "mean_middle": -15.335375274972392, "std_middle": 0.024309467087332632, "mean_loss": 0.00299835205078125, "std_loss": 0.0028057098388671875, "guidance_scale": 1, "inv_time": 4.857063236236573, "prompt": "zoey deutch with white bra portrait | | realistic shaded, unpleasant face, bad looking, fine details, realistic shaded lighting poster by greg rutkowski, magali villeneuve, artgerm, jeremy lipkin and michael garmash and rob rey", "mean_memory_usage": 3.281515121459961, "decoder lr": 0.005, "_wandb": {"runtime": 897}}