{"Table": {"_type": "table-file", "sha256": "bdfed2b147710a83cb693ca633d0cc73af00a487c975d5b13c512406ab47fa70", "size": 2091, "artifact_path": "wandb-client-artifact://esexixzywhj4fhbjj78y1wsqej0og4ig0f7lx8uey92sdvdh5srh2vg0fs29q1ks6c49d8gl88zar47lh0z0687dzgbys8dis85rqb4o4piaq5mrx4r9c8inwb9amrtq:latest/Table.table.json", "_latest_artifact_path": "wandb-client-artifact://esexixzywhj4fhbjj78y1wsqej0og4ig0f7lx8uey92sdvdh5srh2vg0fs29q1ks6c49d8gl88zar47lh0z0687dzgbys8dis85rqb4o4piaq5mrx4r9c8inwb9amrtq:latest/Table.table.json", "path": "media/table/Table_0_bdfed2b147710a83cb69.table.json", "ncols": 13, "nrows": 10}, "_timestamp": 1711624329.949576, "_runtime": 484.08698892593384, "_step": 1, "mean_T0T": -3.6792389273816517, "std_T0T": 0.1547820373089047, "mean_0T0": -19.645538420941357, "std_0T0": 0.008592464628892045, "mean_middle": -6.508489285648046, "std_middle": 0.0640807277901561, "mean_loss": 0.00026973665808327496, "std_loss": 0.0003108615637756884, "guidance_scale": 1, "inv_time": 46.99037761688233, "_wandb": {"runtime": 483}}