{"Table": {"_type": "table-file", "sha256": "d72a2260a5539b9f526c08ae72e2ee60eb48c3e78698da32e75b655032278dfc", "size": 43971, "artifact_path": "wandb-client-artifact://7art24ffz1b4g36n9ekpg2zte8r1cqvac47s81tk1xnym0jptokmnlkz9nqo9ca2vnpch2opalr80y4jbd8hlne9o9uai7ltc94km8qddev1tacrya6t14znwbozc6xb:latest/Table.table.json", "_latest_artifact_path": "wandb-client-artifact://7art24ffz1b4g36n9ekpg2zte8r1cqvac47s81tk1xnym0jptokmnlkz9nqo9ca2vnpch2opalr80y4jbd8hlne9o9uai7ltc94km8qddev1tacrya6t14znwbozc6xb:latest/Table.table.json", "path": "media/table/Table_0_d72a2260a5539b9f526c.table.json", "ncols": 15, "nrows": 100}, "_timestamp": 1713614556.0744555, "_runtime": 2578.9861755371094, "_step": 1, "mean_T0T": -7.264933416614344, "std_T0T": 0.05704300515890966, "mean_0T0": -3.08348039362, "std_0T0": 0.17153619419563987, "mean_middle": -2.4474891226598863, "std_middle": 0.14531746328116069, "mean_loss": 0.0033358153887093067, "std_loss": 0.004596405662596226, "guidance_scale": 1, "inv_time": 16.839977083206175, "prompt": "zoey deutch with white bra portrait | | realistic shaded, unpleasant face, bad looking, fine details, realistic shaded lighting poster by greg rutkowski, magali villeneuve, artgerm, jeremy lipkin and michael garmash and rob rey", "mean_memory_usage": 0.9458622932434082, "decoder lr": 0.005, "_wandb": {"runtime": 2578}}