{"Table": {"_type": "table-file", "sha256": "2f5839cfc73f0d724e1aba03ae8420c70455a4d9463827938d48c3cfa013b97e", "size": 43966, "artifact_path": "wandb-client-artifact://xvirxpuhiu6npln5olhaf97wx9rc0vextmb3oly55usmqviynk3oa0ql3mkw7z4o1glo1qpkdw3oeras1s9pwud58puijgss9plgkg0ymvtiye5ctwu1de1ye47xnd0v:latest/Table.table.json", "_latest_artifact_path": "wandb-client-artifact://xvirxpuhiu6npln5olhaf97wx9rc0vextmb3oly55usmqviynk3oa0ql3mkw7z4o1glo1qpkdw3oeras1s9pwud58puijgss9plgkg0ymvtiye5ctwu1de1ye47xnd0v:latest/Table.table.json", "path": "media/table/Table_0_2f5839cfc73f0d724e1a.table.json", "ncols": 15, "nrows": 100}, "_timestamp": 1713567998.7441657, "_runtime": 2486.0457026958466, "_step": 1, "mean_T0T": -1.1128302213961891, "std_T0T": 0.15345932986873004, "mean_0T0": -14.702625741691973, "std_0T0": 0.01923440859177962, "mean_middle": 0.15178636393569656, "std_middle": 0.22627054510480496, "mean_loss": 0.0011457722866907716, "std_loss": 0.0015986458165571094, "guidance_scale": 1, "inv_time": 15.937149527072906, "prompt": "zoey deutch with white bra portrait | | realistic shaded, unpleasant face, bad looking, fine details, realistic shaded lighting poster by greg rutkowski, magali villeneuve, artgerm, jeremy lipkin and michael garmash and rob rey", "mean_memory_usage": 5.839916577339173, "decoder lr": 0.2, "_wandb": {"runtime": 2485}}