{"Table": {"_type": "table-file", "sha256": "e8059ff55fde16ff2626031a47bcc9f7fc49c9fd1dc7ddec713b988a4eb97f71", "size": 44033, "artifact_path": "wandb-client-artifact://6jbsi6j4gc0o98m3h42doxdngtosabvhfrmlzwpsydiuvivf0fibom5a4ovief7733g1parnma4p9jo36mbphkmqh91rg6r6s96cvkwevqcr0q6nh687ihst63owtfpn:latest/Table.table.json", "_latest_artifact_path": "wandb-client-artifact://6jbsi6j4gc0o98m3h42doxdngtosabvhfrmlzwpsydiuvivf0fibom5a4ovief7733g1parnma4p9jo36mbphkmqh91rg6r6s96cvkwevqcr0q6nh687ihst63owtfpn:latest/Table.table.json", "path": "media/table/Table_0_e8059ff55fde16ff2626.table.json", "ncols": 15, "nrows": 100}, "_timestamp": 1713553326.3261597, "_runtime": 2580.277411699295, "_step": 1, "mean_T0T": -7.596644158205742, "std_T0T": 0.05558175247342304, "mean_0T0": -4.353340989139307, "std_0T0": 0.12927228833085855, "mean_middle": -3.4546788983159864, "std_middle": 0.12477264081328698, "mean_loss": 0.0031949197873473167, "std_loss": 0.004322829190641642, "guidance_scale": 1, "inv_time": 16.854458787441253, "prompt": "zoey deutch with white bra portrait | | realistic shaded, unpleasant face, bad looking, fine details, realistic shaded lighting poster by greg rutkowski, magali villeneuve, artgerm, jeremy lipkin and michael garmash and rob rey", "mean_memory_usage": 0.9458622932434082, "decoder lr": 0.01, "_wandb": {"runtime": 2579}}