{"Table": {"_type": "table-file", "sha256": "91bd86d76fe8d90d076f4cdf9eb315accfc3dde529bbae4d2aaeaac63478425b", "size": 42805, "artifact_path": "wandb-client-artifact://pe33je7pbqhae7nnpxovogez77ysxyz8s6nhtegwlx77zxd1bvzjen7lydd34qnfglwqlx9humfh2p4u01y7u9l7dj3csfsqcobz2w1jiy5swfmkvc4dg6blxl7ambns:latest/Table.table.json", "_latest_artifact_path": "wandb-client-artifact://pe33je7pbqhae7nnpxovogez77ysxyz8s6nhtegwlx77zxd1bvzjen7lydd34qnfglwqlx9humfh2p4u01y7u9l7dj3csfsqcobz2w1jiy5swfmkvc4dg6blxl7ambns:latest/Table.table.json", "path": "media/table/Table_0_91bd86d76fe8d90d076f.table.json", "ncols": 15, "nrows": 100}, "_timestamp": 1715651846.8650224, "_runtime": 433.5394763946533, "_step": 1, "mean_T0T": -1.1223183320905585, "std_T0T": 0.11510894359759241, "mean_0T0": 2.6028890924168846, "std_0T0": 0.5372561206108192, "mean_middle": -14.313369583708504, "std_middle": 0.024869601764159924, "mean_loss": 6.48046875, "std_loss": 0.67138671875, "guidance_scale": 1, "inv_time": 3.1484821391105653, "prompt": "zoey deutch with white bra portrait | | realistic shaded, unpleasant face, bad looking, fine details, realistic shaded lighting poster by greg rutkowski, magali villeneuve, artgerm, jeremy lipkin and michael garmash and rob rey", "mean_memory_usage": 3.293638229370117, "decoder lr": 0.005, "_wandb": {"runtime": 432}}