{"Table": {"_type": "table-file", "sha256": "7e7ba7bbcb7092d59e804501cad400c7f9d12b7eebd1360b6f6e340b43d27335", "size": 1240, "artifact_path": "wandb-client-artifact://h7e5nmbp6xzkv9as2003glk47s52mb0g5turgusffyhev3q8ec588b8f9yne5zpc2azus98kqeu1mopqd82ipft33wh5lbc23o7wsypo4moi9gst8la05kk3iespqbuc:latest/Table.table.json", "_latest_artifact_path": "wandb-client-artifact://h7e5nmbp6xzkv9as2003glk47s52mb0g5turgusffyhev3q8ec588b8f9yne5zpc2azus98kqeu1mopqd82ipft33wh5lbc23o7wsypo4moi9gst8la05kk3iespqbuc:latest/Table.table.json", "path": "media/table/Table_0_7e7ba7bbcb7092d59e80.table.json", "ncols": 15, "nrows": 2}, "_timestamp": 1714028898.4456878, "_runtime": 40.025004863739014, "_step": 1, "mean_T0T": -10.972078539047176, "std_T0T": 0.032253675162792206, "mean_0T0": -22.142259009646352, "std_0T0": 0.0034680452095633136, "mean_middle": -18.68456443017512, "std_middle": 0.006653731881362353, "mean_loss": 0.002593994140625, "std_loss": 0.001064300537109375, "guidance_scale": 1, "inv_time": 3.408824920654297, "prompt": "a mystical tribal goddess adorned with feathers and gemstones and cables and synthesizer parts is surrounded by sacred geometry made from elven architecture, full body, gorgeous, perfect face, powerful, cinematic, beautifully lit, by artgerm, by karol bak, 3 d, trending on artstation, octane render, 8 k", "mean_memory_usage": 2.6157665252685547, "decoder lr": 0.1, "_wandb": {"runtime": 39}}