{"Table": {"_type": "table-file", "sha256": "cddbd91de364a57e7128b9d907919e7399bed9869538632401a78966d50e24e2", "size": 43747, "artifact_path": "wandb-client-artifact://ojm0963ffexomcbn0hs03reixkcoslin9as7aaoopeh5qmfal6auaaenoxonoq79ybb8392pn7u9d7ym8jnsbx9v7y5wur195h6fwznmsch9ctxtdmcqn4xjdj14el54:latest/Table.table.json", "_latest_artifact_path": "wandb-client-artifact://ojm0963ffexomcbn0hs03reixkcoslin9as7aaoopeh5qmfal6auaaenoxonoq79ybb8392pn7u9d7ym8jnsbx9v7y5wur195h6fwznmsch9ctxtdmcqn4xjdj14el54:latest/Table.table.json", "path": "media/table/Table_0_cddbd91de364a57e7128.table.json", "ncols": 15, "nrows": 100}, "_timestamp": 1713842499.0087306, "_runtime": 1077.181581735611, "_step": 1, "mean_T0T": -4.187859027065869, "std_T0T": 0.14501025129875514, "mean_0T0": -10.254076506321487, "std_0T0": 0.03723870550532876, "mean_middle": -4.972637644588986, "std_middle": 0.09268037483670613, "mean_loss": 0.0042877197265625, "std_loss": 0.0052490234375, "guidance_scale": 1, "inv_time": 6.622341423034668, "prompt": "zoey deutch with white bra portrait | | realistic shaded, unpleasant face, bad looking, fine details, realistic shaded lighting poster by greg rutkowski, magali villeneuve, artgerm, jeremy lipkin and michael garmash and rob rey", "mean_memory_usage": 8.370402011871338, "decoder lr": 0.05, "_wandb": {"runtime": 1076}}