{"Table": {"_type": "table-file", "sha256": "720eb079f704957d39413ee67293a4b8b8c5567aea7555f94249ffce703fbe3e", "size": 2054, "artifact_path": "wandb-client-artifact://eyhff33c5ja7hi5r41ddz1qq2m1vrbqg1bonda94bjsjoy8fxixzdjtk2alsefbfy3viu36eo756jibskgpgjao945z2lhj0ghwvizvaxyslf0gig9aa0miflrcysfmq:latest/Table.table.json", "_latest_artifact_path": "wandb-client-artifact://eyhff33c5ja7hi5r41ddz1qq2m1vrbqg1bonda94bjsjoy8fxixzdjtk2alsefbfy3viu36eo756jibskgpgjao945z2lhj0ghwvizvaxyslf0gig9aa0miflrcysfmq:latest/Table.table.json", "path": "media/table/Table_0_720eb079f704957d3941.table.json", "ncols": 13, "nrows": 10}, "_timestamp": 1711465216.8513706, "_runtime": 792.5289545059204, "_step": 1, "mean_T0T": -4.2223513506146935, "std_T0T": 0.11598257655667886, "mean_0T0": -6.839824240968242, "std_0T0": 0.19880276760140136, "mean_middle": -8.924365698831462, "std_middle": 0.06478511152402092, "mean_loss": 0.3381778597831726, "std_loss": 0.1466217339038849, "guidance_scale": 1, "inv_time": 77.85550317764282, "_wandb": {"runtime": 791}}