{"Table": {"_type": "table-file", "sha256": "a38ae45aa867303dec5150ddfd460f320eb0703fd65f4c014481dce805ca0e21", "size": 2067, "artifact_path": "wandb-client-artifact://jc2vyowwhpx9wysbkq7n4bq83nrytwdgs06rc93q2fd1tndv2xc95ngjabop54qfl34g4yd3yc5gtd5m8bihiw3t05wwum04k06787e98ucchk7nnasg993rgert40x1:latest/Table.table.json", "_latest_artifact_path": "wandb-client-artifact://jc2vyowwhpx9wysbkq7n4bq83nrytwdgs06rc93q2fd1tndv2xc95ngjabop54qfl34g4yd3yc5gtd5m8bihiw3t05wwum04k06787e98ucchk7nnasg993rgert40x1:latest/Table.table.json", "path": "media/table/Table_0_a38ae45aa867303dec51.table.json", "ncols": 13, "nrows": 10}, "_timestamp": 1711619460.8696194, "_runtime": 779.2026653289795, "_step": 1, "mean_T0T": -3.5513188914418574, "std_T0T": 0.16192992470539336, "mean_0T0": -19.964306054258422, "std_0T0": 0.008173755183492466, "mean_middle": -6.508627526128117, "std_middle": 0.06409434450774089, "mean_loss": 0.059520285576581955, "std_loss": 0.00896084401756525, "guidance_scale": 1, "inv_time": 76.51197655200959, "_wandb": {"runtime": 778}}