{"Table": {"_type": "table-file", "sha256": "b547e557f8c79d490b20a8caafb1964e0e373ddb27503bce99fb21f9d3637d62", "size": 2101, "artifact_path": "wandb-client-artifact://0mi7yquigg2eb73agv3fq7efhvb38u0k8mboaru5wjt8e3kcn2alo62pts2bgi499gnuommbk8b79416612cfh7gkivzvu0s4g83ciyf236d191tf7cddd2gqw1qhjiu:latest/Table.table.json", "_latest_artifact_path": "wandb-client-artifact://0mi7yquigg2eb73agv3fq7efhvb38u0k8mboaru5wjt8e3kcn2alo62pts2bgi499gnuommbk8b79416612cfh7gkivzvu0s4g83ciyf236d191tf7cddd2gqw1qhjiu:latest/Table.table.json", "path": "media/table/Table_0_b547e557f8c79d490b20.table.json", "ncols": 13, "nrows": 10}, "_timestamp": 1711093652.3236907, "_runtime": 805.4508285522461, "_step": 1, "mean_T0T": -4.832673127577675, "std_T0T": 0.15598329939312613, "mean_0T0": -23.1896276562961, "std_0T0": 0.004661459595248285, "mean_middle": -9.547243926638831, "std_middle": 0.031504965146223494, "mean_loss": 0.0009204076486639678, "std_loss": 0.000803236966021359, "guidance_scale": 1, "inv_time": 79.10600008964539, "_wandb": {"runtime": 804}}