{"Table": {"_type": "table-file", "sha256": "db7a4b654fb5656a6beb43835879124c75d51e0864a3fab54ee10457d602bf9d", "size": 2090, "artifact_path": "wandb-client-artifact://9trhq47bpraftffw2824rftdhfwqosfm7o2ujxoi59d50kyayznjqo4vw0i1dmnm73q3sf3t8j3kbcp9jfela2pkybi7uihsavy3dvx2zcrt4nxvd339wtt79gw4j7c2:latest/Table.table.json", "_latest_artifact_path": "wandb-client-artifact://9trhq47bpraftffw2824rftdhfwqosfm7o2ujxoi59d50kyayznjqo4vw0i1dmnm73q3sf3t8j3kbcp9jfela2pkybi7uihsavy3dvx2zcrt4nxvd339wtt79gw4j7c2:latest/Table.table.json", "path": "media/table/Table_0_db7a4b654fb5656a6beb.table.json", "ncols": 13, "nrows": 10}, "_timestamp": 1711544002.554769, "_runtime": 282.9772460460663, "_step": 1, "mean_T0T": -3.3927335409245063, "std_T0T": 0.15138295055592346, "mean_0T0": -17.401004131462404, "std_0T0": 0.013503480646469907, "mean_middle": -6.352183565498921, "std_middle": 0.05471030274278319, "mean_loss": 0.0014351533027365804, "std_loss": 0.0009390644845552742, "guidance_scale": 1, "inv_time": 26.87658259868622, "_wandb": {"runtime": 282}}