{"Table": {"_type": "table-file", "sha256": "8c02c012123649f6f5d1f04465a10a54cfd44af8c850410902a65f60f3294df6", "size": 2060, "artifact_path": "wandb-client-artifact://r3bch7w0yenia6xintt7rc3kpz0af6w6ts6adc1o5iibl7p94y3n86lt59oz57vb7wzpec4b0mjan3jtudhwjzzpal9vqph0h61la6w1d0hdkfs8tr3185ck3srguavm:latest/Table.table.json", "_latest_artifact_path": "wandb-client-artifact://r3bch7w0yenia6xintt7rc3kpz0af6w6ts6adc1o5iibl7p94y3n86lt59oz57vb7wzpec4b0mjan3jtudhwjzzpal9vqph0h61la6w1d0hdkfs8tr3185ck3srguavm:latest/Table.table.json", "path": "media/table/Table_0_8c02c012123649f6f5d1.table.json", "ncols": 13, "nrows": 10}, "_timestamp": 1711442557.3165858, "_runtime": 216.83931469917297, "_step": 1, "mean_T0T": -3.408108722714745, "std_T0T": 0.11635622561149105, "mean_0T0": -8.561535896216075, "std_0T0": 0.09976712953154133, "mean_middle": -6.352180960604309, "std_middle": 0.05470906815225992, "mean_loss": 0.3137859106063843, "std_loss": 0.12956516444683075, "guidance_scale": 1, "inv_time": 20.29385757446289, "_wandb": {"runtime": 216}}