{"Table": {"_type": "table-file", "sha256": "cc114c9479f950af401258384dfc01766f6d7d76d1a7615faad09947c288136b", "size": 722, "artifact_path": "wandb-client-artifact://5ub98k2nlhd1l8s8o9d6zso0k41pp6lnjy6rqexsluzm1sunumlr8hej701tj3qa1hpiew21xx3x2c91s09pz8cuoa073ww7e8bl9xgl2f4oxttym90fpti4lymoxl7z:latest/Table.table.json", "_latest_artifact_path": "wandb-client-artifact://5ub98k2nlhd1l8s8o9d6zso0k41pp6lnjy6rqexsluzm1sunumlr8hej701tj3qa1hpiew21xx3x2c91s09pz8cuoa073ww7e8bl9xgl2f4oxttym90fpti4lymoxl7z:latest/Table.table.json", "path": "media/table/Table_0_cc114c9479f950af4012.table.json", "ncols": 15, "nrows": 1}, "_timestamp": 1713762243.9816794, "_runtime": 25.02052640914917, "_step": 1, "mean_T0T": -7.298762247791739, "std_T0T": 0.0, "mean_0T0": -9.026051988277828, "std_0T0": 0.0, "mean_middle": -11.206819671835541, "std_middle": 0.0, "mean_loss": 0.24523022770881653, "std_loss": 0.0, "guidance_scale": 1, "inv_time": 17.332430124282837, "prompt": "young, curly haired, redhead Natalie Portman  as a optimistic!, cheerful, giddy medieval innkeeper in a dark medieval inn. dark shadows, colorful, candle light,  law contrasts, fantasy concept art by Jakub Rozalski, Jan Matejko, and J.Dickenson", "mean_memory_usage": 4.953685760498047, "decoder lr": 0.005, "_wandb": {"runtime": 24}}