{"Table": {"_type": "table-file", "sha256": "c593dc8ebf813d1606a159f1f89ca255fc384f189654235e748305b1303ecfee", "size": 2072, "artifact_path": "wandb-client-artifact://ivooqqitxirsevfczj78x73nqbrfdcfkxd7hu2w5pnfbfo4cgqkhxt13v8ztkqj35dtzhh489aspbrq5s1z8b8owdzgx4a4gxe5ju22if4ybmacjm58m9k8mspc7gwjb:latest/Table.table.json", "_latest_artifact_path": "wandb-client-artifact://ivooqqitxirsevfczj78x73nqbrfdcfkxd7hu2w5pnfbfo4cgqkhxt13v8ztkqj35dtzhh489aspbrq5s1z8b8owdzgx4a4gxe5ju22if4ybmacjm58m9k8mspc7gwjb:latest/Table.table.json", "path": "media/table/Table_0_c593dc8ebf813d1606a1.table.json", "ncols": 13, "nrows": 10}, "_timestamp": 1711617282.01825, "_runtime": 558.433760881424, "_step": 1, "mean_T0T": -3.5925865990199024, "std_T0T": 0.16039830776602879, "mean_0T0": -19.81723086711984, "std_0T0": 0.00828457030683173, "mean_middle": -6.508639082509347, "std_middle": 0.06408835103125872, "mean_loss": 0.060142915695905685, "std_loss": 0.00804091989994049, "guidance_scale": 1, "inv_time": 54.429868006706236, "_wandb": {"runtime": 557}}