{"Table": {"_type": "table-file", "sha256": "d4081869790edc562b0bfdff000ac9940ce2ec2c71fcafe3ae582451855ed26f", "size": 44193, "artifact_path": "wandb-client-artifact://lhhnw3jbb15ye6ap83b2de9agu9lu7p7yayjj82epwnxy2eycf8e3kv6u1kbc8vfsg8d8s5af6jsah4coixscgg5gnh6ab01ll1qy54t65v0s8kfxode9d0pmx0zrfo7:latest/Table.table.json", "_latest_artifact_path": "wandb-client-artifact://lhhnw3jbb15ye6ap83b2de9agu9lu7p7yayjj82epwnxy2eycf8e3kv6u1kbc8vfsg8d8s5af6jsah4coixscgg5gnh6ab01ll1qy54t65v0s8kfxode9d0pmx0zrfo7:latest/Table.table.json", "path": "media/table/Table_0_d4081869790edc562b0b.table.json", "ncols": 15, "nrows": 100}, "_timestamp": 1713874286.9237971, "_runtime": 2009.3724551200867, "_step": 1, "mean_T0T": -7.832943110882549, "std_T0T": 0.10876370667970371, "mean_0T0": -25.575917666469877, "std_0T0": 0.003956416192082836, "mean_middle": -14.89188602840455, "std_middle": 0.024420278976325913, "mean_loss": 0.004398345947265625, "std_loss": 0.0098876953125, "guidance_scale": 1, "inv_time": 16.2086176943779, "prompt": "zoey deutch with white bra portrait | | realistic shaded, unpleasant face, bad looking, fine details, realistic shaded lighting poster by greg rutkowski, magali villeneuve, artgerm, jeremy lipkin and michael garmash and rob rey", "mean_memory_usage": 8.37973337173462, "decoder lr": 0.005, "_wandb": {"runtime": 2008}}