{"Table": {"_type": "table-file", "sha256": "ce8bed7b631c1613f0016bd41d2ce93f701132c9a584b13b822ad45807d44b82", "size": 44270, "artifact_path": "wandb-client-artifact://a4dtru8u1maple8vgs0vei8ouqns4u2xg0hrtq4mut5w1yayoscc5fyoow3r4xe9n5vi31yzoaz10ml5zezg31ru1cl6ys6qdwb1trpc438smgn54rwhpyps0wvp4um1:latest/Table.table.json", "_latest_artifact_path": "wandb-client-artifact://a4dtru8u1maple8vgs0vei8ouqns4u2xg0hrtq4mut5w1yayoscc5fyoow3r4xe9n5vi31yzoaz10ml5zezg31ru1cl6ys6qdwb1trpc438smgn54rwhpyps0wvp4um1:latest/Table.table.json", "path": "media/table/Table_0_ce8bed7b631c1613f001.table.json", "ncols": 15, "nrows": 100}, "_timestamp": 1714033730.6876848, "_runtime": 888.2684218883514, "_step": 1, "mean_T0T": -8.783543789675102, "std_T0T": 0.10128086399520266, "mean_0T0": -24.79997251626774, "std_0T0": 0.004598291383156096, "mean_middle": -15.291698437165255, "std_middle": 0.02551644220265258, "mean_loss": 0.003444671630859375, "std_loss": 0.004901885986328125, "guidance_scale": 1, "inv_time": 4.860439612865448, "prompt": "zoey deutch with white bra portrait | | realistic shaded, unpleasant face, bad looking, fine details, realistic shaded lighting poster by greg rutkowski, magali villeneuve, artgerm, jeremy lipkin and michael garmash and rob rey", "mean_memory_usage": 2.621030807495117, "decoder lr": 0.1, "_wandb": {"runtime": 887}}