{"Table": {"_type": "table-file", "sha256": "19bc580f914d7832b3eb0923ca2749b39821a6ec508b38465e91c63e0c5a07a2", "size": 2073, "artifact_path": "wandb-client-artifact://vlgcccurkqcvkpqbpkycmgp0t1ls2mwhcy6bsrl20l6t40jkyvjeb80yme85mevasnphe6dw873m24fn93f51c540ciocz61gzw40nulyq2s9m23knqs1fl49lhbczfx:latest/Table.table.json", "_latest_artifact_path": "wandb-client-artifact://vlgcccurkqcvkpqbpkycmgp0t1ls2mwhcy6bsrl20l6t40jkyvjeb80yme85mevasnphe6dw873m24fn93f51c540ciocz61gzw40nulyq2s9m23knqs1fl49lhbczfx:latest/Table.table.json", "path": "media/table/Table_0_19bc580f914d7832b3eb.table.json", "ncols": 13, "nrows": 10}, "_timestamp": 1711467244.1928763, "_runtime": 254.49963426589966, "_step": 1, "mean_T0T": -2.034596503262186, "std_T0T": 0.1946345885894674, "mean_0T0": -15.978673466374069, "std_0T0": 0.02208022677663045, "mean_middle": 0.7622858157126537, "std_middle": 0.5416827856813554, "mean_loss": 0.004891929682344198, "std_loss": 0.0033393073827028275, "guidance_scale": 1, "inv_time": 24.011562538146972, "_wandb": {"runtime": 253}}