{"Table": {"_type": "table-file", "sha256": "30b360d557ad9da1c6bede07e83035904a0988ddcb3887591b3217cc77a644a2", "size": 43951, "artifact_path": "wandb-client-artifact://fq76wn53par2rbs3nrytgu042g6qde1vw6oauhy1w161silhry6ndu0tge75mqsv0lref4qxdjp2npj3lm21qpk62yvd1vjbciub8o657d2qp2jl4hjxwp3z346j1c1v:latest/Table.table.json", "_latest_artifact_path": "wandb-client-artifact://fq76wn53par2rbs3nrytgu042g6qde1vw6oauhy1w161silhry6ndu0tge75mqsv0lref4qxdjp2npj3lm21qpk62yvd1vjbciub8o657d2qp2jl4hjxwp3z346j1c1v:latest/Table.table.json", "path": "media/table/Table_0_30b360d557ad9da1c6be.table.json", "ncols": 15, "nrows": 100}, "_timestamp": 1713578378.8641737, "_runtime": 1724.3099966049194, "_step": 1, "mean_T0T": -7.609757756020457, "std_T0T": 0.055579023048004515, "mean_0T0": -4.4000081196553, "std_0T0": 0.12794373909318102, "mean_middle": -3.496398765717811, "std_middle": 0.12406330044277432, "mean_loss": 0.003623868804425001, "std_loss": 0.0046592652797698975, "guidance_scale": 1, "inv_time": 8.294515671730041, "prompt": "zoey deutch with white bra portrait | | realistic shaded, unpleasant face, bad looking, fine details, realistic shaded lighting poster by greg rutkowski, magali villeneuve, artgerm, jeremy lipkin and michael garmash and rob rey", "mean_memory_usage": 0.9465947151184082, "decoder lr": 0.02, "_wandb": {"runtime": 1723}}