{"Table": {"_type": "table-file", "sha256": "a69488fe8ed3ed4b5167fb04c0f83eff6dd6b0d5886dee62f1aba972a1849e3f", "size": 1624, "artifact_path": "wandb-client-artifact://8zjrscnpfsr5tjehssupblvclwr2behueanijcfho3qr658dcz351f89nrultyx6uvkrv0za2036qk7ata9ighy8xu9iuib868az5r54n3mfnivsgbszsaumf6bn9g9b:latest/Table.table.json", "_latest_artifact_path": "wandb-client-artifact://8zjrscnpfsr5tjehssupblvclwr2behueanijcfho3qr658dcz351f89nrultyx6uvkrv0za2036qk7ata9ighy8xu9iuib868az5r54n3mfnivsgbszsaumf6bn9g9b:latest/Table.table.json", "path": "media/table/Table_0_a69488fe8ed3ed4b5167.table.json", "ncols": 11, "nrows": 10}, "_timestamp": 1710737110.0933964, "_runtime": 416.77099442481995, "_step": 1, "mean_T0T": 0.43721915246421705, "std_T0T": 0.16155325935038514, "mean_0T0": 0.013392540981790806, "std_0T0": 0.010169149604225582, "guidance_scale": 1, "inv_time": 0.14077386336161646, "_wandb": {"runtime": 416}}