{"Table": {"_type": "table-file", "sha256": "51ce2920bdbc62cac6be51012056097200c68fb17c391fced2a83038c2787296", "size": 2136, "artifact_path": "wandb-client-artifact://8vc6rc751qqua5i9zefu6h6dtlhpqttrpxrdrnsh0go9ouskk76mh7z9py6v88hqrvqqxbvievco2ea8oeio7smtbh0xsiehc8ni1x3k8psisso7dvmsjnub9v61hb98:latest/Table.table.json", "_latest_artifact_path": "wandb-client-artifact://8vc6rc751qqua5i9zefu6h6dtlhpqttrpxrdrnsh0go9ouskk76mh7z9py6v88hqrvqqxbvievco2ea8oeio7smtbh0xsiehc8ni1x3k8psisso7dvmsjnub9v61hb98:latest/Table.table.json", "path": "media/table/Table_0_51ce2920bdbc62cac6be.table.json", "ncols": 13, "nrows": 10}, "_timestamp": 1710853564.6830337, "_runtime": 7148.4271676540375, "_step": 1, "mean_T0T": -43.02965173353407, "std_T0T": 16.17935757503305, "mean_0T0": -97.07116174966842, "std_0T0": 16.82508794949668, "mean_middle": -54.63311371027138, "std_middle": 14.552699593761895, "mean_loss": -126.4201843383983, "std_loss": 20.815213657615935, "guidance_scale": 1, "inv_time": 713.3997935295105, "_wandb": {"runtime": 7147}}