{"Table": {"_type": "table-file", "sha256": "c0e11ceb5f522a2880c49f2e0c81d8a0b69eef5510fa6418b7dddb502da233d3", "size": 2080, "artifact_path": "wandb-client-artifact://ob8vamzl5clwq5q6uwjqe4yri2ecmx3sxo1meibb9ibh40ur3ofa0yvo9ky85h1yw6krizfds3nhijo2swnifc7afaq84qko2tm9g7d90qogvv9rh9tv79ksn283fdbh:latest/Table.table.json", "_latest_artifact_path": "wandb-client-artifact://ob8vamzl5clwq5q6uwjqe4yri2ecmx3sxo1meibb9ibh40ur3ofa0yvo9ky85h1yw6krizfds3nhijo2swnifc7afaq84qko2tm9g7d90qogvv9rh9tv79ksn283fdbh:latest/Table.table.json", "path": "media/table/Table_0_c0e11ceb5f522a2880c4.table.json", "ncols": 13, "nrows": 10}, "_timestamp": 1711466964.978863, "_runtime": 483.3967750072479, "_step": 1, "mean_T0T": -2.8446870446912245, "std_T0T": 0.26591004415238845, "mean_0T0": -18.462585981650193, "std_0T0": 0.014188003222408907, "mean_middle": -1.481801008633961, "std_middle": 0.4417076350052074, "mean_loss": 0.0029924192931503057, "std_loss": 0.003239471698179841, "guidance_scale": 1, "inv_time": 46.888541388511655, "_wandb": {"runtime": 482}}