{"Table": {"_type": "table-file", "sha256": "7dcfaea3468a4ef0f54514da773649963de627f5f54d9520d0421c56e013f068", "size": 1848, "artifact_path": "wandb-client-artifact://x7iy1qiyin1ccowt8l7xy9xqyzk8jwj6km2b7h8xvedobz48ulb2lr57ny7xauh6u2m7rdrlm282cvs0ycee3kb0uxcnf0n4c1oqg3uklx1czj0aw5me3ml1qt3d04a3:latest/Table.table.json", "_latest_artifact_path": "wandb-client-artifact://x7iy1qiyin1ccowt8l7xy9xqyzk8jwj6km2b7h8xvedobz48ulb2lr57ny7xauh6u2m7rdrlm282cvs0ycee3kb0uxcnf0n4c1oqg3uklx1czj0aw5me3ml1qt3d04a3:latest/Table.table.json", "path": "media/table/Table_0_7dcfaea3468a4ef0f545.table.json", "ncols": 12, "nrows": 10}, "_timestamp": 1710824280.271521, "_runtime": 415.61543107032776, "_step": 1, "mean_T0T": 0.4114441316809801, "std_T0T": 0.14686405355787086, "mean_0T0": 0.011957499661501642, "std_0T0": 0.009707692298342917, "mean_middle": 0.22343131444959488, "std_middle": 0.06408240525563459, "guidance_scale": 1, "inv_time": 40.077960753440856, "_wandb": {"runtime": 415}}