{"Table": {"_type": "table-file", "sha256": "fbd5002d19603a2bcab2f6165b8323f08bbe83a92195bbea3851b5639636eeba", "size": 1622, "artifact_path": "wandb-client-artifact://7fqgjw7n6xeb3upyeiawla0zgeio6bbrdvxxo753b8jiyo39u6ckusohrjujd39tj9ao19npugyxx5cyzxw03afinxrvenj2k05duepq7on52zzja8z5oievs177sl6u:latest/Table.table.json", "_latest_artifact_path": "wandb-client-artifact://7fqgjw7n6xeb3upyeiawla0zgeio6bbrdvxxo753b8jiyo39u6ckusohrjujd39tj9ao19npugyxx5cyzxw03afinxrvenj2k05duepq7on52zzja8z5oievs177sl6u:latest/Table.table.json", "path": "media/table/Table_0_fbd5002d19603a2bcab2.table.json", "ncols": 11, "nrows": 10}, "_timestamp": 1710739905.3980405, "_runtime": 417.9213535785675, "_step": 1, "mean_T0T": 0.4114807907316239, "std_T0T": 0.1469172231751871, "mean_0T0": 0.012100101606467625, "std_0T0": 0.009926183589261825, "guidance_scale": 1, "inv_time": 40.292673230171204, "_wandb": {"runtime": 417}}