{"Table": {"_type": "table-file", "sha256": "ca6abd5b31d232bc961b0b5ecaaa9e7a3d824612192ee0278d6c4d32af222394", "size": 2096, "artifact_path": "wandb-client-artifact://ughut59g1xr816ek91ca6nqo64awx72a2lzpppc0lqzi581d27qwezvcczb1t2wv0yqzza3o4ebezfxvvum563gg5zi9uebftxssze5ys2z4wfi8jviq6majjs7acdjy:latest/Table.table.json", "_latest_artifact_path": "wandb-client-artifact://ughut59g1xr816ek91ca6nqo64awx72a2lzpppc0lqzi581d27qwezvcczb1t2wv0yqzza3o4ebezfxvvum563gg5zi9uebftxssze5ys2z4wfi8jviq6majjs7acdjy:latest/Table.table.json", "path": "media/table/Table_0_ca6abd5b31d232bc961b.table.json", "ncols": 13, "nrows": 10}, "_timestamp": 1710988425.840138, "_runtime": 1501.2719249725342, "_step": 1, "mean_T0T": -12.371157887192881, "std_T0T": 5.827577065527762, "mean_0T0": -59.55218529209782, "std_0T0": 9.196484917521328, "mean_middle": -15.351585720737168, "std_middle": 2.633988498385052, "mean_loss": -74.61887526629422, "std_loss": 6.961993884836896, "guidance_scale": 1, "inv_time": 147.69508562088012, "_wandb": {"runtime": 1500}}