{"Table": {"_type": "table-file", "sha256": "d48bc517f5c340e3ed81718e163254572172afd039d90e6a7abfbb47b17f6335", "size": 44276, "artifact_path": "wandb-client-artifact://8akp4eur9toasxtdy5kegsuuulzs3y8z1m6poeso21ng4who1o2vdyu5dl9d2u1h6vgde9amoghk04515sh9i25bazf9p3c107l5uxfyt4acfz1tsmr2h4zb9g7pfk6s:latest/Table.table.json", "_latest_artifact_path": "wandb-client-artifact://8akp4eur9toasxtdy5kegsuuulzs3y8z1m6poeso21ng4who1o2vdyu5dl9d2u1h6vgde9amoghk04515sh9i25bazf9p3c107l5uxfyt4acfz1tsmr2h4zb9g7pfk6s:latest/Table.table.json", "path": "media/table/Table_0_d48bc517f5c340e3ed81.table.json", "ncols": 15, "nrows": 100}, "_timestamp": 1713814870.2670748, "_runtime": 1239.4987077713013, "_step": 1, "mean_T0T": -8.49582555559005, "std_T0T": 0.10495666686883738, "mean_0T0": -25.08025236070273, "std_0T0": 0.0043015431309946965, "mean_middle": -15.730628135529601, "std_middle": 0.024183494789745553, "mean_loss": 0.0031452178955078125, "std_loss": 0.003597259521484375, "guidance_scale": 1, "inv_time": 8.258801772594452, "prompt": "zoey deutch with white bra portrait | | realistic shaded, unpleasant face, bad looking, fine details, realistic shaded lighting poster by greg rutkowski, magali villeneuve, artgerm, jeremy lipkin and michael garmash and rob rey", "mean_memory_usage": 3.294614791870117, "decoder lr": 0.005, "_wandb": {"runtime": 1238}}