{"Table": {"_type": "table-file", "sha256": "20c15ef5fa03959f74c8a21950035b118727a680f923d014a8f1879c2bc317ca", "size": 2107, "artifact_path": "wandb-client-artifact://19262ttmlyntxllbq59ihmgusdrkr5sfzsaitmafflmtge260zq3tbajk0edxalwvmy01gq2uqc382nioop8omfvoxo7laq7bkczx6zzn1a09kdqy24st4b0xvk45bpq:latest/Table.table.json", "_latest_artifact_path": "wandb-client-artifact://19262ttmlyntxllbq59ihmgusdrkr5sfzsaitmafflmtge260zq3tbajk0edxalwvmy01gq2uqc382nioop8omfvoxo7laq7bkczx6zzn1a09kdqy24st4b0xvk45bpq:latest/Table.table.json", "path": "media/table/Table_0_20c15ef5fa03959f74c8.table.json", "ncols": 13, "nrows": 10}, "_timestamp": 1711385222.9557161, "_runtime": 3754.502107143402, "_step": 1, "mean_T0T": -7.598618170127565, "std_T0T": 0.11827724550807933, "mean_0T0": -21.03357086646217, "std_0T0": 0.00751951170882171, "mean_middle": -12.154135518853796, "std_middle": 0.03545279949587055, "mean_loss": 0.0015180715126916766, "std_loss": 0.001504998654127121, "guidance_scale": 1, "inv_time": 373.9904067993164, "_wandb": {"runtime": 3753}}