{"Table": {"_type": "table-file", "sha256": "10483f9d9519d55b321d47a4d414696509d710941d41ecf1006abcba33a396d7", "size": 43773, "artifact_path": "wandb-client-artifact://29uufkaj8u32ky91qn5mubvfdbcvpvhwnlvt8r1j95k8l0q1aaotwmw2539702q5vdyiikcgtesf2gfu02vs685qc63aemh5nzwls9vrisiexir3gy7550dnxs952gmq:latest/Table.table.json", "_latest_artifact_path": "wandb-client-artifact://29uufkaj8u32ky91qn5mubvfdbcvpvhwnlvt8r1j95k8l0q1aaotwmw2539702q5vdyiikcgtesf2gfu02vs685qc63aemh5nzwls9vrisiexir3gy7550dnxs952gmq:latest/Table.table.json", "path": "media/table/Table_0_10483f9d9519d55b321d.table.json", "ncols": 15, "nrows": 100}, "_timestamp": 1713841222.705527, "_runtime": 1072.4066519737244, "_step": 1, "mean_T0T": -3.2523185774634116, "std_T0T": 0.1626807117979999, "mean_0T0": -12.46149126277225, "std_0T0": 0.019587084151996986, "mean_middle": -5.764770554092609, "std_middle": 0.06592250771892197, "mean_loss": 0.003566741943359375, "std_loss": 0.004901885986328125, "guidance_scale": 1, "inv_time": 6.625157196521759, "prompt": "zoey deutch with white bra portrait | | realistic shaded, unpleasant face, bad looking, fine details, realistic shaded lighting poster by greg rutkowski, magali villeneuve, artgerm, jeremy lipkin and michael garmash and rob rey", "mean_memory_usage": 8.374094638824463, "decoder lr": 0.1, "_wandb": {"runtime": 1071}}