{"Table": {"_type": "table-file", "sha256": "af872cf8d6afc9415dddbf0e11043bb7a97f1e7bcab51ee0bbfeb083e6ee8409", "size": 2121, "artifact_path": "wandb-client-artifact://8snlvin0esjp4r4n8pajk2uf0i56g1kd5fvf00xmsf80gf2j1kh1qioowoe0khdybn7i2bkcagal4rg9pin9cm0qk8uly961mkosle7y22gei1tnb6hnumyy7tgifqjy:latest/Table.table.json", "_latest_artifact_path": "wandb-client-artifact://8snlvin0esjp4r4n8pajk2uf0i56g1kd5fvf00xmsf80gf2j1kh1qioowoe0khdybn7i2bkcagal4rg9pin9cm0qk8uly961mkosle7y22gei1tnb6hnumyy7tgifqjy:latest/Table.table.json", "path": "media/table/Table_0_af872cf8d6afc9415ddd.table.json", "ncols": 13, "nrows": 10}, "_timestamp": 1711515843.6610317, "_runtime": 3104.8978078365326, "_step": 1, "mean_T0T": -7.961820010341198, "std_T0T": 0.10701487759792955, "mean_0T0": -30.541768162813362, "std_0T0": 0.001078188426450699, "mean_middle": -14.454799192059316, "std_middle": 0.021137226355770682, "mean_loss": 0.0002079414698528126, "std_loss": 0.00026448522112332284, "guidance_scale": 1, "inv_time": 308.6803532123566, "_wandb": {"runtime": 3104}}