{"Table": {"_type": "table-file", "sha256": "8a1d62e468c2c7210d5abf96e2620ba921349ea9f1c845ee01a4edcaf7d14737", "size": 44170, "artifact_path": "wandb-client-artifact://a42lut7h8yxzzx8qpx20mx0taw7nqkfsvizgni7v4vre58ruylu0nsosnlvd2ec3u2x0vqbgdo5jrb94uvvdu1do98a10eeul748aj8capmyi2edblfakyhypm53fu4c:latest/Table.table.json", "_latest_artifact_path": "wandb-client-artifact://a42lut7h8yxzzx8qpx20mx0taw7nqkfsvizgni7v4vre58ruylu0nsosnlvd2ec3u2x0vqbgdo5jrb94uvvdu1do98a10eeul748aj8capmyi2edblfakyhypm53fu4c:latest/Table.table.json", "path": "media/table/Table_0_8a1d62e468c2c7210d5a.table.json", "ncols": 15, "nrows": 100}, "_timestamp": 1713885565.7784088, "_runtime": 3626.0327956676483, "_step": 1, "mean_T0T": -9.290675828372363, "std_T0T": 0.09906674178047718, "mean_0T0": -26.114893352671174, "std_0T0": 0.004340800349914723, "mean_middle": -16.857674200360485, "std_middle": 0.02479846166231474, "mean_loss": 0.0034122467041015625, "std_loss": 0.0032939910888671875, "guidance_scale": 1, "inv_time": 32.33025177240372, "prompt": "zoey deutch with white bra portrait | | realistic shaded, unpleasant face, bad looking, fine details, realistic shaded lighting poster by greg rutkowski, magali villeneuve, artgerm, jeremy lipkin and michael garmash and rob rey", "mean_memory_usage": 8.370447177886962, "decoder lr": 0.05, "_wandb": {"runtime": 3625}}