{"Table": {"_type": "table-file", "sha256": "1cfb42e3140d7fc7aad08fd8a2f7d17de216cc9a51e34193b2e0d0bca83a4972", "size": 43931, "artifact_path": "wandb-client-artifact://shdnvciyu355cwdfeutrblroma4rjkz3cjxavkqmliroko22l62nlpcr939rmiox4yahm854ilryorovohu8w83v2o34coufqdsbfvfm7larz70g71yqwozhrnxnge6u:latest/Table.table.json", "_latest_artifact_path": "wandb-client-artifact://shdnvciyu355cwdfeutrblroma4rjkz3cjxavkqmliroko22l62nlpcr939rmiox4yahm854ilryorovohu8w83v2o34coufqdsbfvfm7larz70g71yqwozhrnxnge6u:latest/Table.table.json", "path": "media/table/Table_0_1cfb42e3140d7fc7aad0.table.json", "ncols": 15, "nrows": 100}, "_timestamp": 1713580146.296854, "_runtime": 1724.189868927002, "_step": 1, "mean_T0T": -7.2733581166880255, "std_T0T": 0.056863916321568224, "mean_0T0": -3.1067245859871075, "std_0T0": 0.17038902599039388, "mean_middle": -2.4686553236545485, "std_middle": 0.14484206992039597, "mean_loss": 0.0030644440557807684, "std_loss": 0.0035660231951624155, "guidance_scale": 1, "inv_time": 8.29632043838501, "prompt": "zoey deutch with white bra portrait | | realistic shaded, unpleasant face, bad looking, fine details, realistic shaded lighting poster by greg rutkowski, magali villeneuve, artgerm, jeremy lipkin and michael garmash and rob rey", "mean_memory_usage": 0.9458622932434082, "decoder lr": 0.01, "_wandb": {"runtime": 1723}}