{"Table": {"_type": "table-file", "sha256": "4515c30e12195997030b28004a9c634cb3ccd37c8e2d7a488534c7ef84569139", "size": 725, "artifact_path": "wandb-client-artifact://1f38umtnlk27zwh6t5xqr8xz9261ofitsm7vwiw5gc21arb8bbd7mpz8etaorbxkr8qgrd5dspbt1kr2hy710gky45ep13pyg8p80w2pfeykmq7shwuoi4gfiuvj7vlf:latest/Table.table.json", "_latest_artifact_path": "wandb-client-artifact://1f38umtnlk27zwh6t5xqr8xz9261ofitsm7vwiw5gc21arb8bbd7mpz8etaorbxkr8qgrd5dspbt1kr2hy710gky45ep13pyg8p80w2pfeykmq7shwuoi4gfiuvj7vlf:latest/Table.table.json", "path": "media/table/Table_0_4515c30e12195997030b.table.json", "ncols": 15, "nrows": 1}, "_timestamp": 1714027644.553911, "_runtime": 38.89606308937073, "_step": 1, "mean_T0T": -12.308213989447863, "std_T0T": 0.0, "mean_0T0": -27.475431885060328, "std_0T0": 0.0, "mean_middle": -20.323615192159803, "std_middle": 0.0, "mean_loss": 0.00212860107421875, "std_loss": 0.0, "guidance_scale": 1, "inv_time": 3.976663827896118, "prompt": "young, curly haired, redhead Natalie Portman  as a optimistic!, cheerful, giddy medieval innkeeper in a dark medieval inn. dark shadows, colorful, candle light,  law contrasts, fantasy concept art by Jakub Rozalski, Jan Matejko, and J.Dickenson", "mean_memory_usage": 2.6195201873779297, "decoder lr": 0.05, "_wandb": {"runtime": 38}}