{"Table": {"_type": "table-file", "sha256": "e92bdadb95304e11ee7d84afd9617f16e4e6d87e31e466fd386f9cfaf156d57a", "size": 14435, "artifact_path": "wandb-client-artifact://muidaqebmedrssv5r3q4qjwjz7fr7ydtptcmthl7p44ubnxi3w3omiclg7xe38j4x05rh2dctnc6b96rrykrer5zhg4mck7g66i8tnxls4g0b9j6j39sc9w5i5kc311j:latest/Table.table.json", "_latest_artifact_path": "wandb-client-artifact://muidaqebmedrssv5r3q4qjwjz7fr7ydtptcmthl7p44ubnxi3w3omiclg7xe38j4x05rh2dctnc6b96rrykrer5zhg4mck7g66i8tnxls4g0b9j6j39sc9w5i5kc311j:latest/Table.table.json", "path": "media/table/Table_0_e92bdadb95304e11ee7d.table.json", "ncols": 11, "nrows": 100}, "_timestamp": 1710395630.244269, "_runtime": 4074.348198890686, "_step": 1, "mean_T0T": 0.46063446453374185, "std_T0T": 0.1605061768535079, "mean_0T0": 0.005638857274663773, "std_0T0": 0.005893980396073883, "guidance_scale": 1, "_wandb": {"runtime": 4073}}