{"Table": {"_type": "table-file", "sha256": "7bb884c6db9a7486d45ae0cfa4a663d65087a29f7790a00f8732717683c471f2", "size": 44235, "artifact_path": "wandb-client-artifact://q6jrvec04k6gjcu5w6bd121i4fsu4sq5gucv67dpbjgv3to6id8w3sxtvwv5aplqjgoadjy9o5vpn3imaxftdzfh1fijc24xju8ifkfj9tsqo4wkr00vxfyxmns9zwok:latest/Table.table.json", "_latest_artifact_path": "wandb-client-artifact://q6jrvec04k6gjcu5w6bd121i4fsu4sq5gucv67dpbjgv3to6id8w3sxtvwv5aplqjgoadjy9o5vpn3imaxftdzfh1fijc24xju8ifkfj9tsqo4wkr00vxfyxmns9zwok:latest/Table.table.json", "path": "media/table/Table_0_7bb884c6db9a7486d45a.table.json", "ncols": 15, "nrows": 100}, "_timestamp": 1713872150.4934325, "_runtime": 2012.4251844882965, "_step": 1, "mean_T0T": -8.114426428094042, "std_T0T": 0.11018565201061171, "mean_0T0": -26.552569654041484, "std_0T0": 0.002504228780394233, "mean_middle": -15.226638340051448, "std_middle": 0.024345399911510062, "mean_loss": 0.003910064697265625, "std_loss": 0.008056640625, "guidance_scale": 1, "inv_time": 16.20822467088699, "prompt": "zoey deutch with white bra portrait | | realistic shaded, unpleasant face, bad looking, fine details, realistic shaded lighting poster by greg rutkowski, magali villeneuve, artgerm, jeremy lipkin and michael garmash and rob rey", "mean_memory_usage": 8.37875436782837, "decoder lr": 0.01, "_wandb": {"runtime": 2011}}