{"Table": {"_type": "table-file", "sha256": "9dfc23ceb5798e69f63ffd402229e6832858f360cd27b40494374ededbf2a23d", "size": 425, "artifact_path": "wandb-client-artifact://gvj2t0qs7v6ah8fnvdpet020xlrm92cogc8maew4c5s7xdhtg707taokngortfhidchn7uq7b25zfa3632b6vgcswhyb6m71x7zfaz96i0a0jock7qjtyrrop5eusiw8:latest/Table.table.json", "_latest_artifact_path": "wandb-client-artifact://gvj2t0qs7v6ah8fnvdpet020xlrm92cogc8maew4c5s7xdhtg707taokngortfhidchn7uq7b25zfa3632b6vgcswhyb6m71x7zfaz96i0a0jock7qjtyrrop5eusiw8:latest/Table.table.json", "path": "media/table/Table_0_9dfc23ceb5798e69f63f.table.json", "ncols": 13, "nrows": 1}, "_timestamp": 1710997827.7113783, "_runtime": 18.752880334854126, "_step": 1, "mean_T0T": -14.40135129040458, "std_T0T": 0.0, "mean_0T0": -24.47294028096032, "std_0T0": 0.0, "mean_middle": -10.747398726156426, "std_middle": 0.0, "mean_loss": -46.233734883820716, "std_loss": 0.0, "guidance_scale": 1, "inv_time": 8.348775625228882, "_wandb": {"runtime": 18}}