{"Table": {"_type": "table-file", "sha256": "2910daf93f226215621666b1a7d83f886ebc0e8f4d54f30d1864e6381231000f", "size": 44218, "artifact_path": "wandb-client-artifact://n98kw8tf32tnfclms9z4vi0zalmpa0dy4r1gf7krfcy2vmqlbygxrp846ezy3l7t3k8vu3qpflpxo7n3x85a9b6k3w40ehrra8iiogl31fbwr96hnmf8wr8pm633n3v9:latest/Table.table.json", "_latest_artifact_path": "wandb-client-artifact://n98kw8tf32tnfclms9z4vi0zalmpa0dy4r1gf7krfcy2vmqlbygxrp846ezy3l7t3k8vu3qpflpxo7n3x85a9b6k3w40ehrra8iiogl31fbwr96hnmf8wr8pm633n3v9:latest/Table.table.json", "path": "media/table/Table_0_2910daf93f2262156216.table.json", "ncols": 15, "nrows": 100}, "_timestamp": 1713889333.603394, "_runtime": 3627.5151710510254, "_step": 1, "mean_T0T": -9.022772730617426, "std_T0T": 0.1034858852730823, "mean_0T0": -26.38385120664625, "std_0T0": 0.004514334785101111, "mean_middle": -16.296100840361575, "std_middle": 0.024504503036722074, "mean_loss": 0.00323486328125, "std_loss": 0.0033111572265625, "guidance_scale": 1, "inv_time": 32.349300208091734, "prompt": "zoey deutch with white bra portrait | | realistic shaded, unpleasant face, bad looking, fine details, realistic shaded lighting poster by greg rutkowski, magali villeneuve, artgerm, jeremy lipkin and michael garmash and rob rey", "mean_memory_usage": 8.379612522125244, "decoder lr": 0.02, "_wandb": {"runtime": 3626}}