{"Table": {"_type": "table-file", "sha256": "dcc81dfe89bec5cb67197161a15d5de23926d58f73249164ca88f288d237e9b9", "size": 44202, "artifact_path": "wandb-client-artifact://2xocjzps5j19j8jl43oqxzrpvwx9krr4mkzfalaa5mgcc9mi86c3c2xwn2ocguskxoh6mi7ywy17jrjes4lzvmyhjieq8q0y78p24b7p13qkoowa74rb1uw5uoka6r17:latest/Table.table.json", "_latest_artifact_path": "wandb-client-artifact://2xocjzps5j19j8jl43oqxzrpvwx9krr4mkzfalaa5mgcc9mi86c3c2xwn2ocguskxoh6mi7ywy17jrjes4lzvmyhjieq8q0y78p24b7p13qkoowa74rb1uw5uoka6r17:latest/Table.table.json", "path": "media/table/Table_0_dcc81dfe89bec5cb6719.table.json", "ncols": 15, "nrows": 100}, "_timestamp": 1713808723.351379, "_runtime": 885.0731449127197, "_step": 1, "mean_T0T": -8.750910439542691, "std_T0T": 0.11200247990105748, "mean_0T0": -25.853704173475567, "std_0T0": 0.0029508408509334267, "mean_middle": -16.149493094866344, "std_middle": 0.02417821271276886, "mean_loss": 0.0031833648681640625, "std_loss": 0.0032196044921875, "guidance_scale": 1, "inv_time": 4.842382400035858, "prompt": "zoey deutch with white bra portrait | | realistic shaded, unpleasant face, bad looking, fine details, realistic shaded lighting poster by greg rutkowski, magali villeneuve, artgerm, jeremy lipkin and michael garmash and rob rey", "mean_memory_usage": 2.6314754486083984, "decoder lr": 0.02, "_wandb": {"runtime": 884}}