{"Table": {"_type": "table-file", "sha256": "af4de16a0a0ba2f584360b9ba35bc5ebf5b1a96879682120af850dd6e4eefce6", "size": 356, "artifact_path": "wandb-client-artifact://21azz5uyxtho84sq7velpq8d4k6bkukjjs5j86w6xrycu682lejqfczelczqbap4fpjpa9ygsj1bl4ufh8w2nd3sky49uh7d2xnbhjegc3xv6hq2hhdaq4kx14tmew6c:latest/Table.table.json", "_latest_artifact_path": "wandb-client-artifact://21azz5uyxtho84sq7velpq8d4k6bkukjjs5j86w6xrycu682lejqfczelczqbap4fpjpa9ygsj1bl4ufh8w2nd3sky49uh7d2xnbhjegc3xv6hq2hhdaq4kx14tmew6c:latest/Table.table.json", "path": "media/table/Table_0_af4de16a0a0ba2f58436.table.json", "ncols": 11, "nrows": 1}, "_timestamp": 1710389837.3661616, "_runtime": 46.48241567611694, "_step": 2, "mean_T0T": 0.23163129805099292, "std_T0T": 0.0, "mean_0T0": 0.005442210520208147, "std_0T0": 0.0, "_wandb": {"runtime": 45}}