{"Table": {"_type": "table-file", "sha256": "dc2ca3fce9f3d7c1676ec17b386323e79f224269437a2749f1ac50aa0e127618", "size": 2114, "artifact_path": "wandb-client-artifact://i2anorhfbnvgf6d01qv7h4csfaddyh6nd02pntc96jku7j8fq6vukg8at7s3o83gc0mx21h2ynw3w04aa5eerwmrylscntorbdjzd1tyi5kj4gesptg96vj4uxbs4t9i:latest/Table.table.json", "_latest_artifact_path": "wandb-client-artifact://i2anorhfbnvgf6d01qv7h4csfaddyh6nd02pntc96jku7j8fq6vukg8at7s3o83gc0mx21h2ynw3w04aa5eerwmrylscntorbdjzd1tyi5kj4gesptg96vj4uxbs4t9i:latest/Table.table.json", "path": "media/table/Table_0_dc2ca3fce9f3d7c1676e.table.json", "ncols": 13, "nrows": 10}, "_timestamp": 1711191877.761841, "_runtime": 5804.35009598732, "_step": 1, "mean_T0T": -11.545672384315635, "std_T0T": 0.0669722806129464, "mean_0T0": -28.84434391733869, "std_0T0": 0.001681506310411252, "mean_middle": -18.253626413500445, "std_middle": 0.009957837743407942, "mean_loss": 0.000368838052963838, "std_loss": 0.0005304913502186537, "guidance_scale": 1, "inv_time": 578.9778266906739, "_wandb": {"runtime": 5803}}