{"Table": {"_type": "table-file", "sha256": "ad24791caa932f19f52736918170f624b6293551eb6e61e1db7abe9e271a5599", "size": 721, "artifact_path": "wandb-client-artifact://n5t3lfi0vz456uelyexnt7q1zdpjxw2hm42f520p8s78c49581xem6r17z59hh9k9wmf5reihvcem1zeh78pv7ge9mqvmmalfibh6aude4tmr39gyjokdj5s5m4vqqje:latest/Table.table.json", "_latest_artifact_path": "wandb-client-artifact://n5t3lfi0vz456uelyexnt7q1zdpjxw2hm42f520p8s78c49581xem6r17z59hh9k9wmf5reihvcem1zeh78pv7ge9mqvmmalfibh6aude4tmr39gyjokdj5s5m4vqqje:latest/Table.table.json", "path": "media/table/Table_0_ad24791caa932f19f527.table.json", "ncols": 15, "nrows": 1}, "_timestamp": 1713755678.855957, "_runtime": 24.939073085784912, "_step": 1, "mean_T0T": -7.529721779065682, "std_T0T": 0.0, "mean_0T0": -11.70555257405335, "std_0T0": 0.0, "mean_middle": -12.463048869479563, "std_middle": 0.0, "mean_loss": 0.2504359483718872, "std_loss": 0.0, "guidance_scale": 1, "inv_time": 17.298896074295044, "prompt": "young, curly haired, redhead Natalie Portman  as a optimistic!, cheerful, giddy medieval innkeeper in a dark medieval inn. dark shadows, colorful, candle light,  law contrasts, fantasy concept art by Jakub Rozalski, Jan Matejko, and J.Dickenson", "mean_memory_usage": 4.944820404052734, "decoder lr": 0.1, "_wandb": {"runtime": 24}}