{"Table": {"_type": "table-file", "sha256": "e834bd0195de0ee6e79d13e9c3b508cc89d0a974bbeb451265e37341980b8dfd", "size": 1619, "artifact_path": "wandb-client-artifact://yn7oduvjmea39wz80dpivr1sf6nks2zdbgm00rxypqfd6bcqusvusg2pzrso7e420i0e6k48q2o5f066hqa6sadvcxvwnxbxdky8w455awsj53rim0i92grb9plisi7k:latest/Table.table.json", "_latest_artifact_path": "wandb-client-artifact://yn7oduvjmea39wz80dpivr1sf6nks2zdbgm00rxypqfd6bcqusvusg2pzrso7e420i0e6k48q2o5f066hqa6sadvcxvwnxbxdky8w455awsj53rim0i92grb9plisi7k:latest/Table.table.json", "path": "media/table/Table_0_e834bd0195de0ee6e79d.table.json", "ncols": 11, "nrows": 10}, "_timestamp": 1710738421.8189929, "_runtime": 417.2188808917999, "_step": 1, "mean_T0T": 0.4113931205476569, "std_T0T": 0.14678830351670533, "mean_0T0": 0.011977574846927849, "std_0T0": 0.009739155326523717, "guidance_scale": 1, "inv_time": 40.174345469474794, "_wandb": {"runtime": 416}}