{"Table": {"_type": "table-file", "sha256": "7263a95b145ed0ec5904242ff65d5c9d1896157c39d47254f954a292e7888dae", "size": 47113, "artifact_path": "wandb-client-artifact://a40hfnl1rls4skirbcusen7zj0sswalyjwhxw5juqzpxxebtq64b1jn6j0yz9j6nxk30qnkgml4kl35e16q8ljdylqj2w0sa0juqp0rvoyyd8qkyl3oe5aiw3hasqunx:latest/Table.table.json", "_latest_artifact_path": "wandb-client-artifact://a40hfnl1rls4skirbcusen7zj0sswalyjwhxw5juqzpxxebtq64b1jn6j0yz9j6nxk30qnkgml4kl35e16q8ljdylqj2w0sa0juqp0rvoyyd8qkyl3oe5aiw3hasqunx:latest/Table.table.json", "path": "media/table/Table_0_7263a95b145ed0ec5904.table.json", "ncols": 17, "nrows": 100}, "_timestamp": 1715460443.6024356, "_runtime": 12060.776364564896, "_step": 1, "mean_T0T": -0.9359892175146118, "std_T0T": 0.18662154748693294, "mean_0T0": 2.527619824900073, "std_0T0": 0.5803936729006139, "mean_middle": -6.22374052728969, "std_middle": 0.6137002827263159, "mean_loss": 6.43359375, "std_loss": 0.88134765625, "guidance_scale": 1, "inv_time": 119.74408866882324, "prompt": "zoey deutch with white bra portrait | | realistic shaded, unpleasant face, bad looking, fine details, realistic shaded lighting poster by greg rutkowski, magali villeneuve, artgerm, jeremy lipkin and michael garmash and rob rey", "mean_memory_usage": 2.6321096420288086, "decoder lr": 0.001, "_wandb": {"runtime": 12060}}