{"Table": {"_type": "table-file", "sha256": "61bb5f6f134915093c3fd852f89fe301b266ee0a682ae028cfa501cd0ecd0369", "size": 47209, "artifact_path": "wandb-client-artifact://zz6w9t0kd5lityg35ftx4xgu4juo0aeq21mcp265o2tz0em24gpb86buzvelhrld4s1si01qwsfbujduo89417us2qu25qh2eanzna5iyma9t8cwpqyqc6xx5410np7y:latest/Table.table.json", "_latest_artifact_path": "wandb-client-artifact://zz6w9t0kd5lityg35ftx4xgu4juo0aeq21mcp265o2tz0em24gpb86buzvelhrld4s1si01qwsfbujduo89417us2qu25qh2eanzna5iyma9t8cwpqyqc6xx5410np7y:latest/Table.table.json", "path": "media/table/Table_0_61bb5f6f134915093c3f.table.json", "ncols": 17, "nrows": 100}, "_timestamp": 1715613067.3526175, "_runtime": 12084.89512848854, "_step": 1, "mean_T0T": -0.8377585412924511, "std_T0T": 0.1153579581856849, "mean_0T0": 2.7313782637019384, "std_0T0": 0.5529651379361352, "mean_middle": -12.317659873570257, "std_middle": 0.03391573532899262, "mean_loss": 6.72265625, "std_loss": 0.68798828125, "guidance_scale": 1, "inv_time": 119.95892287492752, "prompt": "zoey deutch with white bra portrait | | realistic shaded, unpleasant face, bad looking, fine details, realistic shaded lighting poster by greg rutkowski, magali villeneuve, artgerm, jeremy lipkin and michael garmash and rob rey", "mean_memory_usage": 2.628340721130371, "decoder lr": 0.01, "_wandb": {"runtime": 12084}}