{"Table": {"_type": "table-file", "sha256": "25adcefdae23851694bbfd53812940a1d87c74e5fd6d4047b208e66a5050bb7b", "size": 44043, "artifact_path": "wandb-client-artifact://n4u17rhm0m8wz0c3a4an7gw0pt68xrfyxkpd8y414d7ifs2uakq5nvc016gico4a5cy7jhwcqixwzkp08ra367gb28rktv0p00mwrtvmsgospz4v1teqmf4dgltulf55:latest/Table.table.json", "_latest_artifact_path": "wandb-client-artifact://n4u17rhm0m8wz0c3a4an7gw0pt68xrfyxkpd8y414d7ifs2uakq5nvc016gico4a5cy7jhwcqixwzkp08ra367gb28rktv0p00mwrtvmsgospz4v1teqmf4dgltulf55:latest/Table.table.json", "path": "media/table/Table_0_25adcefdae23851694bb.table.json", "ncols": 15, "nrows": 100}, "_timestamp": 1713597271.6377585, "_runtime": 4108.099828481674, "_step": 1, "mean_T0T": -4.19719366088817, "std_T0T": 0.1223706811810242, "mean_0T0": -20.814297972414554, "std_0T0": 0.006406763489441189, "mean_middle": -5.520434500675682, "std_middle": 0.07142907541988897, "mean_loss": 0.0021433744113892317, "std_loss": 0.0033450601622462273, "guidance_scale": 1, "inv_time": 32.13628554344177, "prompt": "zoey deutch with white bra portrait | | realistic shaded, unpleasant face, bad looking, fine details, realistic shaded lighting poster by greg rutkowski, magali villeneuve, artgerm, jeremy lipkin and michael garmash and rob rey", "mean_memory_usage": 5.838221020698548, "decoder lr": 0.1, "_wandb": {"runtime": 4107}}