{"Table": {"_type": "table-file", "sha256": "6cdcad0c7708ca8a2676d86e08f0f89e747e5b8227616c107404ec15adab94f9", "size": 2056, "artifact_path": "wandb-client-artifact://vrd7aww7yc9ucjgrg8qksg17pmwyv8nt3fguoclsnc17t69xb7rhrdamgbqwjokl6e4shggx6q6a0gi8yrgif74vzec6x0fz27xmnbbr9y2iksyqjncs808kz31xc625:latest/Table.table.json", "_latest_artifact_path": "wandb-client-artifact://vrd7aww7yc9ucjgrg8qksg17pmwyv8nt3fguoclsnc17t69xb7rhrdamgbqwjokl6e4shggx6q6a0gi8yrgif74vzec6x0fz27xmnbbr9y2iksyqjncs808kz31xc625:latest/Table.table.json", "path": "media/table/Table_0_6cdcad0c7708ca8a2676.table.json", "ncols": 13, "nrows": 10}, "_timestamp": 1711614671.7424948, "_runtime": 1000.8604469299316, "_step": 1, "mean_T0T": -3.5362776185640787, "std_T0T": 0.1644143247773482, "mean_0T0": -20.02987511088881, "std_0T0": 0.008159397363604647, "mean_middle": -6.508658000561342, "std_middle": 0.06409581126675018, "mean_loss": 0.5948585867881775, "std_loss": 0.09037428349256516, "guidance_scale": 1, "inv_time": 98.6459745645523, "_wandb": {"runtime": 1000}}