{"Table": {"_type": "table-file", "sha256": "77821429b12b186e7fe7ad905ca20facf893faae982b32a11bcd2b706b11af10", "size": 47052, "artifact_path": "wandb-client-artifact://ecoefsvcq3w8zvtjo5c5r25xat2mv5u8j4t3nasfnndvdts7muec1pv6v32wwbx9vwv9n68iby5zrglnss4k0vk0bgcnpzpcky1cpruey6jzkdtv0deeywoh1f0s37ca:latest/Table.table.json", "_latest_artifact_path": "wandb-client-artifact://ecoefsvcq3w8zvtjo5c5r25xat2mv5u8j4t3nasfnndvdts7muec1pv6v32wwbx9vwv9n68iby5zrglnss4k0vk0bgcnpzpcky1cpruey6jzkdtv0deeywoh1f0s37ca:latest/Table.table.json", "path": "media/table/Table_0_77821429b12b186e7fe7.table.json", "ncols": 17, "nrows": 100}, "_timestamp": 1715650587.069353, "_runtime": 885.2546920776367, "_step": 1, "mean_T0T": -1.1330312353564014, "std_T0T": 0.11501284388732838, "mean_0T0": 2.6070895236932365, "std_0T0": 0.5377008018461716, "mean_middle": -14.456362265935956, "std_middle": 0.024692265288620157, "mean_loss": 6.484375, "std_loss": 0.67138671875, "guidance_scale": 1, "inv_time": 7.994470796585083, "prompt": "zoey deutch with white bra portrait | | realistic shaded, unpleasant face, bad looking, fine details, realistic shaded lighting poster by greg rutkowski, magali villeneuve, artgerm, jeremy lipkin and michael garmash and rob rey", "mean_memory_usage": 2.63223934173584, "decoder lr": 0.005, "_wandb": {"runtime": 884}}