{"Table": {"_type": "table-file", "sha256": "dade9f70e198a3844d2a3a8d65be94abf80b6e38d9be4d259c7f88d9f652801c", "size": 1857, "artifact_path": "wandb-client-artifact://7rs4uyv9179ycbbfzuvt6wvjsjhzs6kz843y8thb55gl90hvpowbsxe5bsakj0begq9rkxm44r2y56exu26ook8r709f2mq0g4q1fb07stsnmuopvsa6cczddpwjfwfj:latest/Table.table.json", "_latest_artifact_path": "wandb-client-artifact://7rs4uyv9179ycbbfzuvt6wvjsjhzs6kz843y8thb55gl90hvpowbsxe5bsakj0begq9rkxm44r2y56exu26ook8r709f2mq0g4q1fb07stsnmuopvsa6cczddpwjfwfj:latest/Table.table.json", "path": "media/table/Table_0_dade9f70e198a3844d2a.table.json", "ncols": 12, "nrows": 10}, "_timestamp": 1710826879.073853, "_runtime": 270.807599067688, "_step": 1, "mean_T0T": 0.39623522143520384, "std_T0T": 0.15175312316239087, "mean_0T0": 0.012395337602471388, "std_0T0": 0.00983452906383576, "mean_middle": 0.2188750918234848, "std_middle": 0.052439791643061825, "guidance_scale": 1, "inv_time": 25.481664299964905, "_wandb": {"runtime": 270}}