{"Table": {"_type": "table-file", "sha256": "2f53067663b2c141a8b21357f8e5bef94a11a7049b307541171498ad8a52c33e", "size": 1627, "artifact_path": "wandb-client-artifact://miplmxnaavbue7scj716ox2ofixbxhcrggkji1c3froh4i1kdp717yj42p6dhke1vl0gncwchg99h4mgn0jyiwnbfdkcghx1muoanhqg4n4axgb2fp7jhl9bjzc2buds:latest/Table.table.json", "_latest_artifact_path": "wandb-client-artifact://miplmxnaavbue7scj716ox2ofixbxhcrggkji1c3froh4i1kdp717yj42p6dhke1vl0gncwchg99h4mgn0jyiwnbfdkcghx1muoanhqg4n4axgb2fp7jhl9bjzc2buds:latest/Table.table.json", "path": "media/table/Table_0_2f53067663b2c141a8b2.table.json", "ncols": 11, "nrows": 10}, "_timestamp": 1710741938.8963616, "_runtime": 230.60455465316772, "_step": 1, "mean_T0T": 0.41234202372174106, "std_T0T": 0.15159629777350736, "mean_0T0": 0.016352211905972847, "std_0T0": 0.01239982925229694, "guidance_scale": 1, "inv_time": 21.615006399154662, "_wandb": {"runtime": 229}}