{"Table": {"_type": "table-file", "sha256": "9c0c86c8761920ef2d7317931f2aa1184740303ab4790e12ba37fa3faa442fd8", "size": 2097, "artifact_path": "wandb-client-artifact://2cyzbj7n2pqoa5u7izyfe7lhfdwg4j56ro4vxdk6m0dhan146ehnwazihmobllr3mn0wtjdyjphm6lpgugtsi0ceyxaetzrxqkrc6lz4uw5kfbxwixw3a4ovbcrvbzms:latest/Table.table.json", "_latest_artifact_path": "wandb-client-artifact://2cyzbj7n2pqoa5u7izyfe7lhfdwg4j56ro4vxdk6m0dhan146ehnwazihmobllr3mn0wtjdyjphm6lpgugtsi0ceyxaetzrxqkrc6lz4uw5kfbxwixw3a4ovbcrvbzms:latest/Table.table.json", "path": "media/table/Table_0_9c0c86c8761920ef2d73.table.json", "ncols": 13, "nrows": 10}, "_timestamp": 1711440122.8445537, "_runtime": 951.7494707107544, "_step": 1, "mean_T0T": -4.798590208455731, "std_T0T": 0.1596005582021009, "mean_0T0": -22.013854858481686, "std_0T0": 0.004584117344306258, "mean_middle": -8.399034254728289, "std_middle": 0.05448003491518239, "mean_loss": 0.0013722812291234732, "std_loss": 0.0011006854474544525, "guidance_scale": 1, "inv_time": 93.64500200748444, "_wandb": {"runtime": 951}}