{"Table": {"_type": "table-file", "sha256": "cd753157c516a5015f550031d6f179211eb98cf1b046f07969349ad3063eb3c9", "size": 2078, "artifact_path": "wandb-client-artifact://epzraq3y2z1mjal6na88yt45d6fxj4sythivmbos29m5s33d86slwsufqot63efx0kbase0w7554pq7krrjualcwfobgxw5dco6hq9x4w2a9j9b633jhaoy6v0slt9xg:latest/Table.table.json", "_latest_artifact_path": "wandb-client-artifact://epzraq3y2z1mjal6na88yt45d6fxj4sythivmbos29m5s33d86slwsufqot63efx0kbase0w7554pq7krrjualcwfobgxw5dco6hq9x4w2a9j9b633jhaoy6v0slt9xg:latest/Table.table.json", "path": "media/table/Table_0_cd753157c516a5015f55.table.json", "ncols": 13, "nrows": 10}, "_timestamp": 1711464404.872231, "_runtime": 140.00764203071594, "_step": 1, "mean_T0T": -4.014062090246783, "std_T0T": 0.11710480468876246, "mean_0T0": -14.467271165492912, "std_0T0": 0.0320460265880323, "mean_middle": -2.6030268347818772, "std_middle": 0.2032455364292415, "mean_loss": 0.006822466850280762, "std_loss": 0.0035095075145363808, "guidance_scale": 1, "inv_time": 12.559468460083007, "_wandb": {"runtime": 139}}