{"Table": {"_type": "table-file", "sha256": "ab70578769c097f8f02f81eacd593cdf00abd23a64c3a913235e5963a5ec6957", "size": 2059, "artifact_path": "wandb-client-artifact://lw0f5st3eo789so4ijn5q62qk74ei0esz1gnc7mz0dy3t7s2i0ct4skbu8kqlj7br2n3z4m1ddzljjmfsi0jyiak53yim9k8j75mm1ebi1ryhlvo36ycg0554n6krabv:latest/Table.table.json", "_latest_artifact_path": "wandb-client-artifact://lw0f5st3eo789so4ijn5q62qk74ei0esz1gnc7mz0dy3t7s2i0ct4skbu8kqlj7br2n3z4m1ddzljjmfsi0jyiak53yim9k8j75mm1ebi1ryhlvo36ycg0554n6krabv:latest/Table.table.json", "path": "media/table/Table_0_ab70578769c097f8f02f.table.json", "ncols": 13, "nrows": 10}, "_timestamp": 1711611829.0185287, "_runtime": 780.5792806148529, "_step": 1, "mean_T0T": -3.5403184346381567, "std_T0T": 0.16388112618186557, "mean_0T0": -20.017707141266264, "std_0T0": 0.008160880938662698, "mean_middle": -6.508504276488344, "std_middle": 0.06408359466141494, "mean_loss": 0.5949357151985168, "std_loss": 0.09023422747850418, "guidance_scale": 1, "inv_time": 76.64021000862121, "_wandb": {"runtime": 780}}