{"Table": {"_type": "table-file", "sha256": "a8261335afbf5cfd94ec4d39167b46ea0c2ad49efacced936f3aa990d4ea7f11", "size": 2077, "artifact_path": "wandb-client-artifact://vuhyxhddkvuzo2b4o7m6p4qk8t4224gfnbkm9ge46bgdpluzx83hw49hgyj8uth1plqemrdtgzx1bm8fkdfnx4pcy5fl9kfzpf61tp7res3nyyrt7qiywzcdaqphtbbk:latest/Table.table.json", "_latest_artifact_path": "wandb-client-artifact://vuhyxhddkvuzo2b4o7m6p4qk8t4224gfnbkm9ge46bgdpluzx83hw49hgyj8uth1plqemrdtgzx1bm8fkdfnx4pcy5fl9kfzpf61tp7res3nyyrt7qiywzcdaqphtbbk:latest/Table.table.json", "path": "media/table/Table_0_a8261335afbf5cfd94ec.table.json", "ncols": 13, "nrows": 10}, "_timestamp": 1711617934.7001092, "_runtime": 631.8005402088165, "_step": 1, "mean_T0T": -3.5663586296499465, "std_T0T": 0.16129775504630878, "mean_0T0": -19.96304663832444, "std_0T0": 0.008174550515881835, "mean_middle": -6.508665171447455, "std_middle": 0.06408952296131484, "mean_loss": 0.059563130140304565, "std_loss": 0.008964153937995434, "guidance_scale": 1, "inv_time": 61.76909580230713, "_wandb": {"runtime": 631}}