{"Table": {"_type": "table-file", "sha256": "c8049b138ec3a3c511001266ad0c0ea591954c02ea7f623c0183e8ce6ecf22f9", "size": 47193, "artifact_path": "wandb-client-artifact://9916hst220cqp3r6o8u5zblrai6av7bviy4gfy3ym1nvvuuk7852gh36pdf0r5rsk4lw9rv3ch6ds92bitr4kwq36ki1gdieizid3tosvjt2ze7dw1rwrguik3iaby5n:latest/Table.table.json", "_latest_artifact_path": "wandb-client-artifact://9916hst220cqp3r6o8u5zblrai6av7bviy4gfy3ym1nvvuuk7852gh36pdf0r5rsk4lw9rv3ch6ds92bitr4kwq36ki1gdieizid3tosvjt2ze7dw1rwrguik3iaby5n:latest/Table.table.json", "path": "media/table/Table_0_c8049b138ec3a3c51100.table.json", "ncols": 17, "nrows": 100}, "_timestamp": 1715660828.8988688, "_runtime": 4071.4610397815704, "_step": 1, "mean_T0T": -1.1680708483083717, "std_T0T": 0.11468803714072619, "mean_0T0": 2.637428594213203, "std_0T0": 0.5402823548579284, "mean_middle": -15.044279832671812, "std_middle": 0.02468099538734059, "mean_loss": 6.5390625, "std_loss": 0.6728515625, "guidance_scale": 1, "inv_time": 39.84867825031281, "prompt": "zoey deutch with white bra portrait | | realistic shaded, unpleasant face, bad looking, fine details, realistic shaded lighting poster by greg rutkowski, magali villeneuve, artgerm, jeremy lipkin and michael garmash and rob rey", "mean_memory_usage": 2.63419246673584, "decoder lr": 0.005, "_wandb": {"runtime": 4070}}