{"Table": {"_type": "table-file", "sha256": "ded9d5385e7b1e1c57c30623e7c9ffabddfc4acc7d94be1ac84d99206d7fbe4e", "size": 2124, "artifact_path": "wandb-client-artifact://tscc207op9fv4j3n1romsxc1xy048oehzdqcp1u138law00v211rw5jdoyqnbrvwa6mtskzmhzqmykvq24zn9si6jm7hyr4dwscc8nk3fe59brqtn75qdwzr0pz0mqfw:latest/Table.table.json", "_latest_artifact_path": "wandb-client-artifact://tscc207op9fv4j3n1romsxc1xy048oehzdqcp1u138law00v211rw5jdoyqnbrvwa6mtskzmhzqmykvq24zn9si6jm7hyr4dwscc8nk3fe59brqtn75qdwzr0pz0mqfw:latest/Table.table.json", "path": "media/table/Table_0_ded9d5385e7b1e1c57c3.table.json", "ncols": 13, "nrows": 10}, "_timestamp": 1710919063.3987303, "_runtime": 3931.1825153827667, "_step": 1, "mean_T0T": -30.350628152663127, "std_T0T": 15.622161596226496, "mean_0T0": -72.57051201367449, "std_0T0": 12.376053720678028, "mean_middle": -33.00265756127769, "std_middle": 9.626724534627627, "mean_loss": -86.83727360790776, "std_loss": 15.268396683490153, "guidance_scale": 1, "inv_time": 391.65597956180574, "_wandb": {"runtime": 3930}}