{"Table": {"_type": "table-file", "sha256": "df164671c376eeed254138a6b8caaedc75cc17d5f3d741f993a282c07d6976a6", "size": 2123, "artifact_path": "wandb-client-artifact://jy9shxufs9bu1z5tiv0jztgkykx0nkpss990u3i1jcbhskbq6p8lqnrc60mtzg6zswffqx3axaqz6r8d0h74nhqr83ohsazwakqomiuiqmo1ts2ajsh1s1qb8xpioj8c:latest/Table.table.json", "_latest_artifact_path": "wandb-client-artifact://jy9shxufs9bu1z5tiv0jztgkykx0nkpss990u3i1jcbhskbq6p8lqnrc60mtzg6zswffqx3axaqz6r8d0h74nhqr83ohsazwakqomiuiqmo1ts2ajsh1s1qb8xpioj8c:latest/Table.table.json", "path": "media/table/Table_0_df164671c376eeed2541.table.json", "ncols": 13, "nrows": 10}, "_timestamp": 1710908381.3182259, "_runtime": 2765.6080329418182, "_step": 1, "mean_T0T": -24.477837425398455, "std_T0T": 11.199654993808286, "mean_0T0": -73.59501314265759, "std_0T0": 14.073389995996378, "mean_middle": -33.0008071271166, "std_middle": 9.620013805521358, "mean_loss": -88.98046974306172, "std_loss": 11.691286063052932, "guidance_scale": 1, "inv_time": 275.0951856613159, "_wandb": {"runtime": 2764}}