{"Table": {"_type": "table-file", "sha256": "4dbb0ca866272c6dc623a320d0daa4c74269ae57f8c9d3ecabd0abb1a1909338", "size": 44165, "artifact_path": "wandb-client-artifact://0pju7ajc4i298qwp17f1qyw9eqyx51piztwcz8pic949va87oevjpulwiqaa5z3cpn7qhp1rgin6djxpr7fvc5bu3sx25a2rdwp66vo01csuv4as12s0zskv5wbc7k1u:latest/Table.table.json", "_latest_artifact_path": "wandb-client-artifact://0pju7ajc4i298qwp17f1qyw9eqyx51piztwcz8pic949va87oevjpulwiqaa5z3cpn7qhp1rgin6djxpr7fvc5bu3sx25a2rdwp66vo01csuv4as12s0zskv5wbc7k1u:latest/Table.table.json", "path": "media/table/Table_0_4dbb0ca866272c6dc623.table.json", "ncols": 15, "nrows": 100}, "_timestamp": 1713856869.3559616, "_runtime": 1368.2298085689545, "_step": 1, "mean_T0T": -7.898160748566213, "std_T0T": 0.12013738308432474, "mean_0T0": -26.204105997247357, "std_0T0": 0.005281394231747807, "mean_middle": -15.391531840042214, "std_middle": 0.024878750310995616, "mean_loss": 0.003757476806640625, "std_loss": 0.0076446533203125, "guidance_scale": 1, "inv_time": 9.751470096111298, "prompt": "zoey deutch with white bra portrait | | realistic shaded, unpleasant face, bad looking, fine details, realistic shaded lighting poster by greg rutkowski, magali villeneuve, artgerm, jeremy lipkin and michael garmash and rob rey", "mean_memory_usage": 8.37973337173462, "decoder lr": 0.05, "_wandb": {"runtime": 1366}}