{"Table": {"_type": "table-file", "sha256": "49914335af03d2e327819fd3f961e14f5a6d2abf04cc09e24c79b96bb9a721f7", "size": 42684, "artifact_path": "wandb-client-artifact://zlutocxl1e2w2w8cobgcetasm06ifjbw4zpy03by92x87x4qpoz5nkvxr5bnbgacvi5wf1xzs504luxhfi3jd7mdlp9opvcmw51wbjsldcvi0b4lcx0ydrvldaoa0p4c:latest/Table.table.json", "_latest_artifact_path": "wandb-client-artifact://zlutocxl1e2w2w8cobgcetasm06ifjbw4zpy03by92x87x4qpoz5nkvxr5bnbgacvi5wf1xzs504luxhfi3jd7mdlp9opvcmw51wbjsldcvi0b4lcx0ydrvldaoa0p4c:latest/Table.table.json", "path": "media/table/Table_0_49914335af03d2e32781.table.json", "ncols": 15, "nrows": 100}, "_timestamp": 1715647810.6886547, "_runtime": 3330.1242985725403, "_step": 1, "mean_T0T": -1.2071658901111992, "std_T0T": 0.11287053837889723, "mean_0T0": 2.6834298873049662, "std_0T0": 0.5442625534363571, "mean_middle": -16.296001644807866, "std_middle": 0.024504657975260427, "mean_loss": 6.60546875, "std_loss": 0.67822265625, "guidance_scale": 1, "inv_time": 32.087798702716825, "prompt": "zoey deutch with white bra portrait | | realistic shaded, unpleasant face, bad looking, fine details, realistic shaded lighting poster by greg rutkowski, magali villeneuve, artgerm, jeremy lipkin and michael garmash and rob rey", "mean_memory_usage": 8.370447177886962, "decoder lr": 0.02, "_wandb": {"runtime": 3329}}