{"Table": {"_type": "table-file", "sha256": "8a2a9a4b59eb3953177a2028d61ff7f94192b2a9d5d1fe98069e5034dd10f529", "size": 44086, "artifact_path": "wandb-client-artifact://3be1v1w46ulv8vz6qo8brnwkm2k7d5v53hmdym4jic0dkfmllwsof2dwwvr3su2c5jg796w8qit2flidlw525h429duzl9lxb02mjdj1ml5r6ydvh133vyduju9pwq63:latest/Table.table.json", "_latest_artifact_path": "wandb-client-artifact://3be1v1w46ulv8vz6qo8brnwkm2k7d5v53hmdym4jic0dkfmllwsof2dwwvr3su2c5jg796w8qit2flidlw525h429duzl9lxb02mjdj1ml5r6ydvh133vyduju9pwq63:latest/Table.table.json", "path": "media/table/Table_0_8a2a9a4b59eb3953177a.table.json", "ncols": 15, "nrows": 100}, "_timestamp": 1713861382.9543257, "_runtime": 1372.1240906715393, "_step": 1, "mean_T0T": -7.592393604095311, "std_T0T": 0.10760717466066508, "mean_0T0": -25.081345171901425, "std_0T0": 0.004090993467170047, "mean_middle": -14.653978661940808, "std_middle": 0.024562708422719525, "mean_loss": 0.0041046142578125, "std_loss": 0.00991058349609375, "guidance_scale": 1, "inv_time": 9.752743935585022, "prompt": "zoey deutch with white bra portrait | | realistic shaded, unpleasant face, bad looking, fine details, realistic shaded lighting poster by greg rutkowski, magali villeneuve, artgerm, jeremy lipkin and michael garmash and rob rey", "mean_memory_usage": 8.37973337173462, "decoder lr": 0.005, "_wandb": {"runtime": 1371}}