{"Table": {"_type": "table-file", "sha256": "9b83a1f38920dc7e6ed5147d7ea09c21d21d745a68750a1dc37c4e4888b4415c", "size": 2081, "artifact_path": "wandb-client-artifact://bufnoryvkqlxcedrwrauqbdewea2d60kkmhq85kep4sbaek5sq3yw0yrbu6e4s2zp3f9kajd463pph0yu0pj6e6zh3tt7ic9sapfttyjol7bx3niammjodi1gqiqt6s7:latest/Table.table.json", "_latest_artifact_path": "wandb-client-artifact://bufnoryvkqlxcedrwrauqbdewea2d60kkmhq85kep4sbaek5sq3yw0yrbu6e4s2zp3f9kajd463pph0yu0pj6e6zh3tt7ic9sapfttyjol7bx3niammjodi1gqiqt6s7:latest/Table.table.json", "path": "media/table/Table_0_9b83a1f38920dc7e6ed5.table.json", "ncols": 13, "nrows": 10}, "_timestamp": 1711464246.126262, "_runtime": 254.41529893875122, "_step": 1, "mean_T0T": -3.6585652588672444, "std_T0T": 0.14911392071545151, "mean_0T0": -16.66195286845217, "std_0T0": 0.021757003937273037, "mean_middle": -2.6999431745588307, "std_middle": 0.2555767553633467, "mean_loss": 0.004138389136642218, "std_loss": 0.0034012324176728725, "guidance_scale": 1, "inv_time": 24.012205266952513, "_wandb": {"runtime": 253}}