{"Table": {"_type": "table-file", "sha256": "fb87d1b3adb0a50925c14abe23702e42a27c2bdb237af69fe8f3e8ec7e801559", "size": 2068, "artifact_path": "wandb-client-artifact://e183y4q69awiigbw7y40n4mm304xrdmmijvaspjhvn0jisx0gwfom1fbo7h9nlbhgsrktcz27r3mtqkbldhdze78i1ady18nz12qbv902z91khcg675fi9s8cyrkbevy:latest/Table.table.json", "_latest_artifact_path": "wandb-client-artifact://e183y4q69awiigbw7y40n4mm304xrdmmijvaspjhvn0jisx0gwfom1fbo7h9nlbhgsrktcz27r3mtqkbldhdze78i1ady18nz12qbv902z91khcg675fi9s8cyrkbevy:latest/Table.table.json", "path": "media/table/Table_0_fb87d1b3adb0a50925c1.table.json", "ncols": 13, "nrows": 10}, "_timestamp": 1711472106.5112476, "_runtime": 254.32107853889465, "_step": 1, "mean_T0T": -3.512032103540718, "std_T0T": 0.12415702764243482, "mean_0T0": -14.314653293752377, "std_0T0": 0.033341055384451694, "mean_middle": -1.7430152833817902, "std_middle": 0.3101975756261517, "mean_loss": 0.006964181549847126, "std_loss": 0.004115402232855558, "guidance_scale": 1, "inv_time": 23.994647359848024, "_wandb": {"runtime": 253}}