{"Table": {"_type": "table-file", "sha256": "f586b2e97c801c486b8f476d72e99217eb1bd29d2f04a2f0a708870c8b727db2", "size": 629, "artifact_path": "wandb-client-artifact://0722kj9qjzog80zq2xjk7odfzfp1yqtsfwnr5ve5iseehs3h2fmcv3pidh8mqytv58umqra2r6hj1vna2gunfm73yeb2g2kshvas6u8w4xcrj2z8fl5q64hrhsuxny4n:latest/Table.table.json", "_latest_artifact_path": "wandb-client-artifact://0722kj9qjzog80zq2xjk7odfzfp1yqtsfwnr5ve5iseehs3h2fmcv3pidh8mqytv58umqra2r6hj1vna2gunfm73yeb2g2kshvas6u8w4xcrj2z8fl5q64hrhsuxny4n:latest/Table.table.json", "path": "media/table/Table_0_f586b2e97c801c486b8f.table.json", "ncols": 11, "nrows": 3}, "_timestamp": 1710390233.7519274, "_runtime": 146.43251037597656, "_step": 1, "mean_T0T": 1.2191456506866842, "std_T0T": 0.25470889517219514, "mean_0T0": 0.2712356979440392, "std_0T0": 0.0692336218691482, "guidance_scale": 2, "_wandb": {"runtime": 145}}