{"Table": {"_type": "table-file", "sha256": "bf95f4cc999cf9854041fd0f2e5557a3daa7a79e06c03df54aaa8ef8bbd838e6", "size": 47043, "artifact_path": "wandb-client-artifact://hf012r1m0v1r6dji7le2k3ah7qprpv33a6ea8p9l6zrhurhkvjzwd7dwekcve0oipc63b552ayuwl083c5za7gvsniim5z6nu02j3mxzv80gt14rju7p93kapvtvo20i:latest/Table.table.json", "_latest_artifact_path": "wandb-client-artifact://hf012r1m0v1r6dji7le2k3ah7qprpv33a6ea8p9l6zrhurhkvjzwd7dwekcve0oipc63b552ayuwl083c5za7gvsniim5z6nu02j3mxzv80gt14rju7p93kapvtvo20i:latest/Table.table.json", "path": "media/table/Table_0_bf95f4cc999cf9854041.table.json", "ncols": 17, "nrows": 100}, "_timestamp": 1715653968.740925, "_runtime": 2079.6678869724274, "_step": 1, "mean_T0T": -1.1544029374235247, "std_T0T": 0.11466175265484291, "mean_0T0": 2.619055274038776, "std_0T0": 0.5387084600256463, "mean_middle": -14.78673148181425, "std_middle": 0.0244744603368368, "mean_loss": 6.5078125, "std_loss": 0.671875, "guidance_scale": 1, "inv_time": 19.93762164592743, "prompt": "zoey deutch with white bra portrait | | realistic shaded, unpleasant face, bad looking, fine details, realistic shaded lighting poster by greg rutkowski, magali villeneuve, artgerm, jeremy lipkin and michael garmash and rob rey", "mean_memory_usage": 2.6244802474975586, "decoder lr": 0.005, "_wandb": {"runtime": 2079}}