{"Table": {"_type": "table-file", "sha256": "23abffd50990b4ddc5a5c905544029fc49ef1f77e87af2431717b07c0ba05d70", "size": 4856, "artifact_path": "wandb-client-artifact://ilm9frwxqun5aoaoht25vmoo43lsi11rxregzklbtla7hvkt5mqji5qhjg2obsmewx307y326o9s8kedhddnujlbuyu9uvfizkpr7tdsov0ehv0ebgm64es4njhswtad:latest/Table.table.json", "_latest_artifact_path": "wandb-client-artifact://ilm9frwxqun5aoaoht25vmoo43lsi11rxregzklbtla7hvkt5mqji5qhjg2obsmewx307y326o9s8kedhddnujlbuyu9uvfizkpr7tdsov0ehv0ebgm64es4njhswtad:latest/Table.table.json", "path": "media/table/Table_0_23abffd50990b4ddc5a5.table.json", "ncols": 15, "nrows": 10}, "_timestamp": 1713511094.1545808, "_runtime": 420.9968087673187, "_step": 1, "mean_T0T": -4.234812386459835, "std_T0T": 0.15416454881651373, "mean_0T0": -19.25832519611497, "std_0T0": 0.008577382026908326, "mean_middle": -5.947192145987515, "std_middle": 0.04088220814281304, "mean_loss": 0.0013754332903772593, "std_loss": 0.0008089613984338939, "guidance_scale": 1, "inv_time": 32.56307291984558, "prompt": "professional concept art symmetrical portrait of a horrendous mechanical predatory fractal! species in a dark room by artgerm and greg rutkowski. an intricate, elegant, highly detailed digital painting, concept art, smooth, sharp focus, illustration, in the style of cam sykes.", "mean_memory_usage": 5.855627012252808, "decoder lr": 0.1, "_wandb": {"runtime": 420}}