{"Table": {"_type": "table-file", "sha256": "9fa93818939056e3fcd034e76819d6b08f24c155e76d32b24baf73ae54df57b4", "size": 44039, "artifact_path": "wandb-client-artifact://evmlzynf8c8jyatq1grlyj0j5fwgp3d5uiwyrugqiwgwygo4tjsqzup4nu51bp2owkdqmzd1xx0u9jqozsyfay68kvi7dvgdfmj65umymgyljfqufojq5mu6znrr3shf:latest/Table.table.json", "_latest_artifact_path": "wandb-client-artifact://evmlzynf8c8jyatq1grlyj0j5fwgp3d5uiwyrugqiwgwygo4tjsqzup4nu51bp2owkdqmzd1xx0u9jqozsyfay68kvi7dvgdfmj65umymgyljfqufojq5mu6znrr3shf:latest/Table.table.json", "path": "media/table/Table_0_9fa93818939056e3fcd0.table.json", "ncols": 15, "nrows": 100}, "_timestamp": 1713576610.2563975, "_runtime": 1725.9870445728302, "_step": 1, "mean_T0T": -8.205432591066058, "std_T0T": 0.05331523258152585, "mean_0T0": -8.21436201592467, "std_0T0": 0.05350210120149621, "mean_middle": -6.199076258341147, "std_middle": 0.08718560131612794, "mean_loss": 0.0028692432679235935, "std_loss": 0.0038206176832318306, "guidance_scale": 1, "inv_time": 8.294203493595123, "prompt": "zoey deutch with white bra portrait | | realistic shaded, unpleasant face, bad looking, fine details, realistic shaded lighting poster by greg rutkowski, magali villeneuve, artgerm, jeremy lipkin and michael garmash and rob rey", "mean_memory_usage": 0.9465947151184082, "decoder lr": 0.05, "_wandb": {"runtime": 1725}}