{"Table": {"_type": "table-file", "sha256": "18a297727cacac837c2a10e5a27d315b872f2a84139c0a5e8c624f78fe94eb93", "size": 2079, "artifact_path": "wandb-client-artifact://qotx5iuk42kl6qoz79604pm70qeswrkvp5hj7kpz1gbmjf070jo6v0j0q4z7jwyoqupwugzszw2wn0pqvf9pr2bz9nsj17jwxv7pi91hu5b00osu1ymyls5osuxzq3ix:latest/Table.table.json", "_latest_artifact_path": "wandb-client-artifact://qotx5iuk42kl6qoz79604pm70qeswrkvp5hj7kpz1gbmjf070jo6v0j0q4z7jwyoqupwugzszw2wn0pqvf9pr2bz9nsj17jwxv7pi91hu5b00osu1ymyls5osuxzq3ix:latest/Table.table.json", "path": "media/table/Table_0_18a297727cacac837c2a.table.json", "ncols": 13, "nrows": 10}, "_timestamp": 1711478706.3016055, "_runtime": 119.85812950134277, "_step": 1, "mean_T0T": -4.420321350191012, "std_T0T": 0.1001847218935487, "mean_0T0": -11.837057393375819, "std_0T0": 0.058776540043504605, "mean_middle": -5.018186165055597, "std_middle": 0.11897946780417781, "mean_loss": 0.012602126225829124, "std_loss": 0.005906007252633572, "guidance_scale": 1, "inv_time": 10.567168569564819, "_wandb": {"runtime": 119}}