{"Table": {"_type": "table-file", "sha256": "a5ac4952281aec088e8701e4ad7f2b4ef7a78fa6d6eeadf3c50128b968a7c680", "size": 44255, "artifact_path": "wandb-client-artifact://wap2jnzwz3cogct45cow8kmyam07kegdcmfbwe4im8vnnqvujsuenhx7ego0viq5el5vbsp1wtvu2q21x8ffs7i5jwfq410s82artrispbdboqmuf7skydy7q7891j9r:latest/Table.table.json", "_latest_artifact_path": "wandb-client-artifact://wap2jnzwz3cogct45cow8kmyam07kegdcmfbwe4im8vnnqvujsuenhx7ego0viq5el5vbsp1wtvu2q21x8ffs7i5jwfq410s82artrispbdboqmuf7skydy7q7891j9r:latest/Table.table.json", "path": "media/table/Table_0_a5ac4952281aec088e87.table.json", "ncols": 15, "nrows": 100}, "_timestamp": 1714036787.2696135, "_runtime": 870.9780263900757, "_step": 1, "mean_T0T": -7.537890508079485, "std_T0T": 0.10208781558161235, "mean_0T0": -23.710245268335484, "std_0T0": 0.005008972242037036, "mean_middle": -14.512905014336237, "std_middle": 0.024735918506977657, "mean_loss": 0.0031566619873046875, "std_loss": 0.003749847412109375, "guidance_scale": 1, "inv_time": 4.787482905387878, "prompt": "zoey deutch with white bra portrait | | realistic shaded, unpleasant face, bad looking, fine details, realistic shaded lighting poster by greg rutkowski, magali villeneuve, artgerm, jeremy lipkin and michael garmash and rob rey", "mean_memory_usage": 2.621030807495117, "decoder lr": 0.01, "_wandb": {"runtime": 870}}