{"Table": {"_type": "table-file", "sha256": "ad8e2a1c8125977a6320a8da84a7e8062dd58909184e831c58e3d3290ffb4d84", "size": 44168, "artifact_path": "wandb-client-artifact://7oqhikox8g7muyc96lkodp4m4gr05mr9eo7etpfpsfefd9e1933wwform4y1ghdasxniv71yyhlbhv0jncdw8d1rcio2venccrsspgw4n6u5o3w7m03https2rvclfpp:latest/Table.table.json", "_latest_artifact_path": "wandb-client-artifact://7oqhikox8g7muyc96lkodp4m4gr05mr9eo7etpfpsfefd9e1933wwform4y1ghdasxniv71yyhlbhv0jncdw8d1rcio2venccrsspgw4n6u5o3w7m03https2rvclfpp:latest/Table.table.json", "path": "media/table/Table_0_ad8e2a1c8125977a6320.table.json", "ncols": 15, "nrows": 100}, "_timestamp": 1714031533.340644, "_runtime": 724.4784209728241, "_step": 1, "mean_T0T": -7.65601642000847, "std_T0T": 0.10176878217755247, "mean_0T0": -23.878594214911672, "std_0T0": 0.004478529386164524, "mean_middle": -14.628995446989581, "std_middle": 0.024705048292229994, "mean_loss": 0.0036487579345703125, "std_loss": 0.005481719970703125, "guidance_scale": 1, "inv_time": 3.26650750875473, "prompt": "zoey deutch with white bra portrait | | realistic shaded, unpleasant face, bad looking, fine details, realistic shaded lighting poster by greg rutkowski, magali villeneuve, artgerm, jeremy lipkin and michael garmash and rob rey", "mean_memory_usage": 2.6314144134521484, "decoder lr": 0.02, "_wandb": {"runtime": 723}}