{"Table": {"_type": "table-file", "sha256": "0ff23e6c6628ff477c0c627e7df0be28e5af16ded867a3b799f17fb4f3d1060d", "size": 2053, "artifact_path": "wandb-client-artifact://yxnv43cjgnspzv684kvknkoq3qjeng3protwpnpfagw08es1lz37nmdqlf6cr1c9hx751urvz7gvyjypoi3x11s2kmmhxoyzmlfbaq1jhzxqtv6htiy0a3lov0yynnzt:latest/Table.table.json", "_latest_artifact_path": "wandb-client-artifact://yxnv43cjgnspzv684kvknkoq3qjeng3protwpnpfagw08es1lz37nmdqlf6cr1c9hx751urvz7gvyjypoi3x11s2kmmhxoyzmlfbaq1jhzxqtv6htiy0a3lov0yynnzt:latest/Table.table.json", "path": "media/table/Table_0_0ff23e6c6628ff477c0c.table.json", "ncols": 13, "nrows": 10}, "_timestamp": 1711442319.6192486, "_runtime": 409.4199595451355, "_step": 1, "mean_T0T": -3.6769681222629664, "std_T0T": 0.11664064418414483, "mean_0T0": -8.215616416631047, "std_0T0": 0.12356661569031659, "mean_middle": -6.775183436340488, "std_middle": 0.06600807991452176, "mean_loss": 0.3097921311855316, "std_loss": 0.12530413269996643, "guidance_scale": 1, "inv_time": 39.55098767280579, "_wandb": {"runtime": 408}}